-- phpMyAdmin SQL Dump
-- version 4.0.10deb1
-- http://www.phpmyadmin.net
--
-- Host: localhost
-- Generation Time: Jun 24, 2015 at 05:27 PM
-- Server version: 5.5.43-0ubuntu0.14.04.1
-- PHP Version: 5.5.9-1ubuntu4.9

SET SQL_MODE = "NO_AUTO_VALUE_ON_ZERO";
SET time_zone = "+00:00";


/*!40101 SET @OLD_CHARACTER_SET_CLIENT=@@CHARACTER_SET_CLIENT */;
/*!40101 SET @OLD_CHARACTER_SET_RESULTS=@@CHARACTER_SET_RESULTS */;
/*!40101 SET @OLD_COLLATION_CONNECTION=@@COLLATION_CONNECTION */;
/*!40101 SET NAMES utf8 */;

--
-- Database: `cipelicanos`
--

-- --------------------------------------------------------

--
-- Table structure for table `City`
--

CREATE TABLE IF NOT EXISTS `City` (
  `id` int(10) unsigned NOT NULL AUTO_INCREMENT,
  `nombre` varchar(35) COLLATE utf8_unicode_ci NOT NULL,
  `CountryCode` varchar(3) COLLATE utf8_unicode_ci NOT NULL,
  `District` varchar(20) COLLATE utf8_unicode_ci NOT NULL,
  `Population` int(11) DEFAULT NULL,
  PRIMARY KEY (`id`)
) ENGINE=MyISAM  DEFAULT CHARSET=utf8 COLLATE=utf8_unicode_ci AUTO_INCREMENT=4080 ;

--
-- Dumping data for table `City`
--

INSERT INTO `City` (`id`, `nombre`, `CountryCode`, `District`, `Population`) VALUES
(1, 'Kabul', 'AFG', 'Kabol', 1780000),
(2, 'Qandahar', 'AFG', 'Qandahar', 237500),
(3, 'Herat', 'AFG', 'Herat', 186800),
(4, 'Mazar-e-Sharif', 'AFG', 'Balkh', 127800),
(5, 'Amsterdam', 'NLD', 'Noord-Holland', 731200),
(6, 'Rotterdam', 'NLD', 'Zuid-Holland', 593321),
(7, 'Haag', 'NLD', 'Zuid-Holland', 440900),
(8, 'Utrecht', 'NLD', 'Utrecht', 234323),
(9, 'Eindhoven', 'NLD', 'Noord-Brabant', 201843),
(10, 'Tilburg', 'NLD', 'Noord-Brabant', 193238),
(11, 'Groningen', 'NLD', 'Groningen', 172701),
(12, 'Breda', 'NLD', 'Noord-Brabant', 160398),
(13, 'Apeldoorn', 'NLD', 'Gelderland', 153491),
(14, 'Nijmegen', 'NLD', 'Gelderland', 152463),
(15, 'Enschede', 'NLD', 'Overijssel', 149544),
(16, 'Haarlem', 'NLD', 'Noord-Holland', 148772),
(17, 'Almere', 'NLD', 'Flevoland', 142465),
(18, 'Arnhem', 'NLD', 'Gelderland', 138020),
(19, 'Zaanstad', 'NLD', 'Noord-Holland', 135621),
(20, '´s-Hertogenbosch', 'NLD', 'Noord-Brabant', 129170),
(21, 'Amersfoort', 'NLD', 'Utrecht', 126270),
(22, 'Maastricht', 'NLD', 'Limburg', 122087),
(23, 'Dordrecht', 'NLD', 'Zuid-Holland', 119811),
(24, 'Leiden', 'NLD', 'Zuid-Holland', 117196),
(25, 'Haarlemmermeer', 'NLD', 'Noord-Holland', 110722),
(26, 'Zoetermeer', 'NLD', 'Zuid-Holland', 110214),
(27, 'Emmen', 'NLD', 'Drenthe', 105853),
(28, 'Zwolle', 'NLD', 'Overijssel', 105819),
(29, 'Ede', 'NLD', 'Gelderland', 101574),
(30, 'Delft', 'NLD', 'Zuid-Holland', 95268),
(31, 'Heerlen', 'NLD', 'Limburg', 95052),
(32, 'Alkmaar', 'NLD', 'Noord-Holland', 92713),
(33, 'Willemstad', 'ANT', 'Curaçao', 2345),
(34, 'Tirana', 'ALB', 'Tirana', 270000),
(35, 'Alger', 'DZA', 'Alger', 2168000),
(36, 'Oran', 'DZA', 'Oran', 609823),
(37, 'Constantine', 'DZA', 'Constantine', 443727),
(38, 'Annaba', 'DZA', 'Annaba', 222518),
(39, 'Batna', 'DZA', 'Batna', 183377),
(40, 'Sétif', 'DZA', 'Sétif', 179055),
(41, 'Sidi Bel Abbès', 'DZA', 'Sidi Bel Abbès', 153106),
(42, 'Skikda', 'DZA', 'Skikda', 128747),
(43, 'Biskra', 'DZA', 'Biskra', 128281),
(44, 'Blida (el-Boulaida)', 'DZA', 'Blida', 127284),
(45, 'Béjaïa', 'DZA', 'Béjaïa', 117162),
(46, 'Mostaganem', 'DZA', 'Mostaganem', 115212),
(47, 'Tébessa', 'DZA', 'Tébessa', 112007),
(48, 'Tlemcen (Tilimsen)', 'DZA', 'Tlemcen', 110242),
(49, 'Béchar', 'DZA', 'Béchar', 107311),
(50, 'Tiaret', 'DZA', 'Tiaret', 100118),
(51, 'Ech-Chleff (el-Asnam)', 'DZA', 'Chlef', 96794),
(52, 'Ghardaïa', 'DZA', 'Ghardaïa', 89415),
(53, 'Tafuna', 'ASM', 'Tutuila', 5200),
(54, 'Fagatogo', 'ASM', 'Tutuila', 2323),
(55, 'Andorra la Vella', 'AND', 'Andorra la Vella', 21189),
(56, 'Luanda', 'AGO', 'Luanda', 2022000),
(57, 'Huambo', 'AGO', 'Huambo', 163100),
(58, 'Lobito', 'AGO', 'Benguela', 130000),
(59, 'Benguela', 'AGO', 'Benguela', 128300),
(60, 'Namibe', 'AGO', 'Namibe', 118200),
(61, 'South Hill', 'AIA', '–', 961),
(62, 'The Valley', 'AIA', '–', 595),
(63, 'Saint John´s', 'ATG', 'St John', 24000),
(64, 'Dubai', 'ARE', 'Dubai', 669181),
(65, 'Abu Dhabi', 'ARE', 'Abu Dhabi', 398695),
(66, 'Sharja', 'ARE', 'Sharja', 320095),
(67, 'al-Ayn', 'ARE', 'Abu Dhabi', 225970),
(68, 'Ajman', 'ARE', 'Ajman', 114395),
(69, 'Buenos Aires', 'ARG', 'Distrito Federal', 2982146),
(70, 'La Matanza', 'ARG', 'Buenos Aires', 1266461),
(71, 'Córdoba', 'ARG', 'Córdoba', 1157507),
(72, 'Rosario', 'ARG', 'Santa Fé', 907718),
(73, 'Lomas de Zamora', 'ARG', 'Buenos Aires', 622013),
(74, 'Quilmes', 'ARG', 'Buenos Aires', 559249),
(75, 'Almirante Brown', 'ARG', 'Buenos Aires', 538918),
(76, 'La Plata', 'ARG', 'Buenos Aires', 521936),
(77, 'Mar del Plata', 'ARG', 'Buenos Aires', 512880),
(78, 'San Miguel de Tucumán', 'ARG', 'Tucumán', 470809),
(79, 'Lanús', 'ARG', 'Buenos Aires', 469735),
(80, 'Merlo', 'ARG', 'Buenos Aires', 463846),
(81, 'General San Martín', 'ARG', 'Buenos Aires', 422542),
(82, 'Salta', 'ARG', 'Salta', 367550),
(83, 'Moreno', 'ARG', 'Buenos Aires', 356993),
(84, 'Santa Fé', 'ARG', 'Santa Fé', 353063),
(85, 'Avellaneda', 'ARG', 'Buenos Aires', 353046),
(86, 'Tres de Febrero', 'ARG', 'Buenos Aires', 352311),
(87, 'Morón', 'ARG', 'Buenos Aires', 349246),
(88, 'Florencio Varela', 'ARG', 'Buenos Aires', 315432),
(89, 'San Isidro', 'ARG', 'Buenos Aires', 306341),
(90, 'Tigre', 'ARG', 'Buenos Aires', 296226),
(91, 'Malvinas Argentinas', 'ARG', 'Buenos Aires', 290335),
(92, 'Vicente López', 'ARG', 'Buenos Aires', 288341),
(93, 'Berazategui', 'ARG', 'Buenos Aires', 276916),
(94, 'Corrientes', 'ARG', 'Corrientes', 258103),
(95, 'San Miguel', 'ARG', 'Buenos Aires', 248700),
(96, 'Bahía Blanca', 'ARG', 'Buenos Aires', 239810),
(97, 'Esteban Echeverría', 'ARG', 'Buenos Aires', 235760),
(98, 'Resistencia', 'ARG', 'Chaco', 229212),
(99, 'José C. Paz', 'ARG', 'Buenos Aires', 221754),
(100, 'Paraná', 'ARG', 'Entre Rios', 207041),
(101, 'Godoy Cruz', 'ARG', 'Mendoza', 206998),
(102, 'Posadas', 'ARG', 'Misiones', 201273),
(103, 'Guaymallén', 'ARG', 'Mendoza', 200595),
(104, 'Santiago del Estero', 'ARG', 'Santiago del Estero', 189947),
(105, 'San Salvador de Jujuy', 'ARG', 'Jujuy', 178748),
(106, 'Hurlingham', 'ARG', 'Buenos Aires', 170028),
(107, 'Neuquén', 'ARG', 'Neuquén', 167296),
(108, 'Ituzaingó', 'ARG', 'Buenos Aires', 158197),
(109, 'San Fernando', 'ARG', 'Buenos Aires', 153036),
(110, 'Formosa', 'ARG', 'Formosa', 147636),
(111, 'Las Heras', 'ARG', 'Mendoza', 145823),
(112, 'La Rioja', 'ARG', 'La Rioja', 138117),
(113, 'San Fernando del Valle de Cata', 'ARG', 'Catamarca', 134935),
(114, 'Río Cuarto', 'ARG', 'Córdoba', 134355),
(115, 'Comodoro Rivadavia', 'ARG', 'Chubut', 124104),
(116, 'Mendoza', 'ARG', 'Mendoza', 123027),
(117, 'San Nicolás de los Arroyos', 'ARG', 'Buenos Aires', 119302),
(118, 'San Juan', 'ARG', 'San Juan', 119152),
(119, 'Escobar', 'ARG', 'Buenos Aires', 116675),
(120, 'Concordia', 'ARG', 'Entre Rios', 116485),
(121, 'Pilar', 'ARG', 'Buenos Aires', 113428),
(122, 'San Luis', 'ARG', 'San Luis', 110136),
(123, 'Ezeiza', 'ARG', 'Buenos Aires', 99578),
(124, 'San Rafael', 'ARG', 'Mendoza', 94651),
(125, 'Tandil', 'ARG', 'Buenos Aires', 91101),
(126, 'Yerevan', 'ARM', 'Yerevan', 1248700),
(127, 'Gjumri', 'ARM', 'Širak', 211700),
(128, 'Vanadzor', 'ARM', 'Lori', 172700),
(129, 'Oranjestad', 'ABW', '–', 29034),
(130, 'Sydney', 'AUS', 'New South Wales', 3276207),
(131, 'Melbourne', 'AUS', 'Victoria', 2865329),
(132, 'Brisbane', 'AUS', 'Queensland', 1291117),
(133, 'Perth', 'AUS', 'West Australia', 1096829),
(134, 'Adelaide', 'AUS', 'South Australia', 978100),
(135, 'Canberra', 'AUS', 'Capital Region', 322723),
(136, 'Gold Coast', 'AUS', 'Queensland', 311932),
(137, 'Newcastle', 'AUS', 'New South Wales', 270324),
(138, 'Central Coast', 'AUS', 'New South Wales', 227657),
(139, 'Wollongong', 'AUS', 'New South Wales', 219761),
(140, 'Hobart', 'AUS', 'Tasmania', 126118),
(141, 'Geelong', 'AUS', 'Victoria', 125382),
(142, 'Townsville', 'AUS', 'Queensland', 109914),
(143, 'Cairns', 'AUS', 'Queensland', 92273),
(144, 'Baku', 'AZE', 'Baki', 1787800),
(145, 'Gäncä', 'AZE', 'Gäncä', 299300),
(146, 'Sumqayit', 'AZE', 'Sumqayit', 283000),
(147, 'Mingäçevir', 'AZE', 'Mingäçevir', 93900),
(148, 'Nassau', 'BHS', 'New Providence', 172000),
(149, 'al-Manama', 'BHR', 'al-Manama', 148000),
(150, 'Dhaka', 'BGD', 'Dhaka', 3612850),
(151, 'Chittagong', 'BGD', 'Chittagong', 1392860),
(152, 'Khulna', 'BGD', 'Khulna', 663340),
(153, 'Rajshahi', 'BGD', 'Rajshahi', 294056),
(154, 'Narayanganj', 'BGD', 'Dhaka', 202134),
(155, 'Rangpur', 'BGD', 'Rajshahi', 191398),
(156, 'Mymensingh', 'BGD', 'Dhaka', 188713),
(157, 'Barisal', 'BGD', 'Barisal', 170232),
(158, 'Tungi', 'BGD', 'Dhaka', 168702),
(159, 'Jessore', 'BGD', 'Khulna', 139710),
(160, 'Comilla', 'BGD', 'Chittagong', 135313),
(161, 'Nawabganj', 'BGD', 'Rajshahi', 130577),
(162, 'Dinajpur', 'BGD', 'Rajshahi', 127815),
(163, 'Bogra', 'BGD', 'Rajshahi', 120170),
(164, 'Sylhet', 'BGD', 'Sylhet', 117396),
(165, 'Brahmanbaria', 'BGD', 'Chittagong', 109032),
(166, 'Tangail', 'BGD', 'Dhaka', 106004),
(167, 'Jamalpur', 'BGD', 'Dhaka', 103556),
(168, 'Pabna', 'BGD', 'Rajshahi', 103277),
(169, 'Naogaon', 'BGD', 'Rajshahi', 101266),
(170, 'Sirajganj', 'BGD', 'Rajshahi', 99669),
(171, 'Narsinghdi', 'BGD', 'Dhaka', 98342),
(172, 'Saidpur', 'BGD', 'Rajshahi', 96777),
(173, 'Gazipur', 'BGD', 'Dhaka', 96717),
(174, 'Bridgetown', 'BRB', 'St Michael', 6070),
(175, 'Antwerpen', 'BEL', 'Antwerpen', 446525),
(176, 'Gent', 'BEL', 'East Flanderi', 224180),
(177, 'Charleroi', 'BEL', 'Hainaut', 200827),
(178, 'Liège', 'BEL', 'Liège', 185639),
(179, 'Bruxelles [Brussel]', 'BEL', 'Bryssel', 133859),
(180, 'Brugge', 'BEL', 'West Flanderi', 116246),
(181, 'Schaerbeek', 'BEL', 'Bryssel', 105692),
(182, 'Namur', 'BEL', 'Namur', 105419),
(183, 'Mons', 'BEL', 'Hainaut', 90935),
(184, 'Belize City', 'BLZ', 'Belize City', 55810),
(185, 'Belmopan', 'BLZ', 'Cayo', 7105),
(186, 'Cotonou', 'BEN', 'Atlantique', 536827),
(187, 'Porto-Novo', 'BEN', 'Ouémé', 194000),
(188, 'Djougou', 'BEN', 'Atacora', 134099),
(189, 'Parakou', 'BEN', 'Borgou', 103577),
(190, 'Saint George', 'BMU', 'Saint George´s', 1800),
(191, 'Hamilton', 'BMU', 'Hamilton', 1200),
(192, 'Thimphu', 'BTN', 'Thimphu', 22000),
(193, 'Santa Cruz de la Sierra', 'BOL', 'Santa Cruz', 935361),
(194, 'La Paz', 'BOL', 'La Paz', 758141),
(195, 'El Alto', 'BOL', 'La Paz', 534466),
(196, 'Cochabamba', 'BOL', 'Cochabamba', 482800),
(197, 'Oruro', 'BOL', 'Oruro', 223553),
(198, 'Sucre', 'BOL', 'Chuquisaca', 178426),
(199, 'Potosí', 'BOL', 'Potosí', 140642),
(200, 'Tarija', 'BOL', 'Tarija', 125255),
(201, 'Sarajevo', 'BIH', 'Federaatio', 360000),
(202, 'Banja Luka', 'BIH', 'Republika Srpska', 143079),
(203, 'Zenica', 'BIH', 'Federaatio', 96027),
(204, 'Gaborone', 'BWA', 'Gaborone', 213017),
(205, 'Francistown', 'BWA', 'Francistown', 101805),
(206, 'São Paulo', 'BRA', 'São Paulo', 9968485),
(207, 'Rio de Janeiro', 'BRA', 'Rio de Janeiro', 5598953),
(208, 'Salvador', 'BRA', 'Bahia', 2302832),
(209, 'Belo Horizonte', 'BRA', 'Minas Gerais', 2139125),
(210, 'Fortaleza', 'BRA', 'Ceará', 2097757),
(211, 'Brasília', 'BRA', 'Distrito Federal', 1969868),
(212, 'Curitiba', 'BRA', 'Paraná', 1584232),
(213, 'Recife', 'BRA', 'Pernambuco', 1378087),
(214, 'Porto Alegre', 'BRA', 'Rio Grande do Sul', 1314032),
(215, 'Manaus', 'BRA', 'Amazonas', 1255049),
(216, 'Belém', 'BRA', 'Pará', 1186926),
(217, 'Guarulhos', 'BRA', 'São Paulo', 1095874),
(218, 'Goiânia', 'BRA', 'Goiás', 1056330),
(219, 'Campinas', 'BRA', 'São Paulo', 950043),
(220, 'São Gonçalo', 'BRA', 'Rio de Janeiro', 869254),
(221, 'Nova Iguaçu', 'BRA', 'Rio de Janeiro', 862225),
(222, 'São Luís', 'BRA', 'Maranhão', 837588),
(223, 'Maceió', 'BRA', 'Alagoas', 786288),
(224, 'Duque de Caxias', 'BRA', 'Rio de Janeiro', 746758),
(225, 'São Bernardo do Campo', 'BRA', 'São Paulo', 723132),
(226, 'Teresina', 'BRA', 'Piauí', 691942),
(227, 'Natal', 'BRA', 'Rio Grande do Norte', 688955),
(228, 'Osasco', 'BRA', 'São Paulo', 659604),
(229, 'Campo Grande', 'BRA', 'Mato Grosso do Sul', 649593),
(230, 'Santo André', 'BRA', 'São Paulo', 630073),
(231, 'João Pessoa', 'BRA', 'Paraíba', 584029),
(232, 'Jaboatão dos Guararapes', 'BRA', 'Pernambuco', 558680),
(233, 'Contagem', 'BRA', 'Minas Gerais', 520801),
(234, 'São José dos Campos', 'BRA', 'São Paulo', 515553),
(235, 'Uberlândia', 'BRA', 'Minas Gerais', 487222),
(236, 'Feira de Santana', 'BRA', 'Bahia', 479992),
(237, 'Ribeirão Preto', 'BRA', 'São Paulo', 473276),
(238, 'Sorocaba', 'BRA', 'São Paulo', 466823),
(239, 'Niterói', 'BRA', 'Rio de Janeiro', 459884),
(240, 'Cuiabá', 'BRA', 'Mato Grosso', 453813),
(241, 'Juiz de Fora', 'BRA', 'Minas Gerais', 450288),
(242, 'Aracaju', 'BRA', 'Sergipe', 445555),
(243, 'São João de Meriti', 'BRA', 'Rio de Janeiro', 440052),
(244, 'Londrina', 'BRA', 'Paraná', 432257),
(245, 'Joinville', 'BRA', 'Santa Catarina', 428011),
(246, 'Belford Roxo', 'BRA', 'Rio de Janeiro', 425194),
(247, 'Santos', 'BRA', 'São Paulo', 408748),
(248, 'Ananindeua', 'BRA', 'Pará', 400940),
(249, 'Campos dos Goytacazes', 'BRA', 'Rio de Janeiro', 398418),
(250, 'Mauá', 'BRA', 'São Paulo', 375055),
(251, 'Carapicuíba', 'BRA', 'São Paulo', 357552),
(252, 'Olinda', 'BRA', 'Pernambuco', 354732),
(253, 'Campina Grande', 'BRA', 'Paraíba', 352497),
(254, 'São José do Rio Preto', 'BRA', 'São Paulo', 351944),
(255, 'Caxias do Sul', 'BRA', 'Rio Grande do Sul', 349581),
(256, 'Moji das Cruzes', 'BRA', 'São Paulo', 339194),
(257, 'Diadema', 'BRA', 'São Paulo', 335078),
(258, 'Aparecida de Goiânia', 'BRA', 'Goiás', 324662),
(259, 'Piracicaba', 'BRA', 'São Paulo', 319104),
(260, 'Cariacica', 'BRA', 'Espírito Santo', 319033),
(261, 'Vila Velha', 'BRA', 'Espírito Santo', 318758),
(262, 'Pelotas', 'BRA', 'Rio Grande do Sul', 315415),
(263, 'Bauru', 'BRA', 'São Paulo', 313670),
(264, 'Porto Velho', 'BRA', 'Rondônia', 309750),
(265, 'Serra', 'BRA', 'Espírito Santo', 302666),
(266, 'Betim', 'BRA', 'Minas Gerais', 302108),
(267, 'Jundíaí', 'BRA', 'São Paulo', 296127),
(268, 'Canoas', 'BRA', 'Rio Grande do Sul', 294125),
(269, 'Franca', 'BRA', 'São Paulo', 290139),
(270, 'São Vicente', 'BRA', 'São Paulo', 286848),
(271, 'Maringá', 'BRA', 'Paraná', 286461),
(272, 'Montes Claros', 'BRA', 'Minas Gerais', 286058),
(273, 'Anápolis', 'BRA', 'Goiás', 282197),
(274, 'Florianópolis', 'BRA', 'Santa Catarina', 281928),
(275, 'Petrópolis', 'BRA', 'Rio de Janeiro', 279183),
(276, 'Itaquaquecetuba', 'BRA', 'São Paulo', 270874),
(277, 'Vitória', 'BRA', 'Espírito Santo', 270626),
(278, 'Ponta Grossa', 'BRA', 'Paraná', 268013),
(279, 'Rio Branco', 'BRA', 'Acre', 259537),
(280, 'Foz do Iguaçu', 'BRA', 'Paraná', 259425),
(281, 'Macapá', 'BRA', 'Amapá', 256033),
(282, 'Ilhéus', 'BRA', 'Bahia', 254970),
(283, 'Vitória da Conquista', 'BRA', 'Bahia', 253587),
(284, 'Uberaba', 'BRA', 'Minas Gerais', 249225),
(285, 'Paulista', 'BRA', 'Pernambuco', 248473),
(286, 'Limeira', 'BRA', 'São Paulo', 245497),
(287, 'Blumenau', 'BRA', 'Santa Catarina', 244379),
(288, 'Caruaru', 'BRA', 'Pernambuco', 244247),
(289, 'Santarém', 'BRA', 'Pará', 241771),
(290, 'Volta Redonda', 'BRA', 'Rio de Janeiro', 240315),
(291, 'Novo Hamburgo', 'BRA', 'Rio Grande do Sul', 239940),
(292, 'Caucaia', 'BRA', 'Ceará', 238738),
(293, 'Santa Maria', 'BRA', 'Rio Grande do Sul', 238473),
(294, 'Cascavel', 'BRA', 'Paraná', 237510),
(295, 'Guarujá', 'BRA', 'São Paulo', 237206),
(296, 'Ribeirão das Neves', 'BRA', 'Minas Gerais', 232685),
(297, 'Governador Valadares', 'BRA', 'Minas Gerais', 231724),
(298, 'Taubaté', 'BRA', 'São Paulo', 229130),
(299, 'Imperatriz', 'BRA', 'Maranhão', 224564),
(300, 'Gravataí', 'BRA', 'Rio Grande do Sul', 223011),
(301, 'Embu', 'BRA', 'São Paulo', 222223),
(302, 'Mossoró', 'BRA', 'Rio Grande do Norte', 214901),
(303, 'Várzea Grande', 'BRA', 'Mato Grosso', 214435),
(304, 'Petrolina', 'BRA', 'Pernambuco', 210540),
(305, 'Barueri', 'BRA', 'São Paulo', 208426),
(306, 'Viamão', 'BRA', 'Rio Grande do Sul', 207557),
(307, 'Ipatinga', 'BRA', 'Minas Gerais', 206338),
(308, 'Juazeiro', 'BRA', 'Bahia', 201073),
(309, 'Juazeiro do Norte', 'BRA', 'Ceará', 199636),
(310, 'Taboão da Serra', 'BRA', 'São Paulo', 197550),
(311, 'São José dos Pinhais', 'BRA', 'Paraná', 196884),
(312, 'Magé', 'BRA', 'Rio de Janeiro', 196147),
(313, 'Suzano', 'BRA', 'São Paulo', 195434),
(314, 'São Leopoldo', 'BRA', 'Rio Grande do Sul', 189258),
(315, 'Marília', 'BRA', 'São Paulo', 188691),
(316, 'São Carlos', 'BRA', 'São Paulo', 187122),
(317, 'Sumaré', 'BRA', 'São Paulo', 186205),
(318, 'Presidente Prudente', 'BRA', 'São Paulo', 185340),
(319, 'Divinópolis', 'BRA', 'Minas Gerais', 185047),
(320, 'Sete Lagoas', 'BRA', 'Minas Gerais', 182984),
(321, 'Rio Grande', 'BRA', 'Rio Grande do Sul', 182222),
(322, 'Itabuna', 'BRA', 'Bahia', 182148),
(323, 'Jequié', 'BRA', 'Bahia', 179128),
(324, 'Arapiraca', 'BRA', 'Alagoas', 178988),
(325, 'Colombo', 'BRA', 'Paraná', 177764),
(326, 'Americana', 'BRA', 'São Paulo', 177409),
(327, 'Alvorada', 'BRA', 'Rio Grande do Sul', 175574),
(328, 'Araraquara', 'BRA', 'São Paulo', 174381),
(329, 'Itaboraí', 'BRA', 'Rio de Janeiro', 173977),
(330, 'Santa Bárbara d´Oeste', 'BRA', 'São Paulo', 171657),
(331, 'Nova Friburgo', 'BRA', 'Rio de Janeiro', 170697),
(332, 'Jacareí', 'BRA', 'São Paulo', 170356),
(333, 'Araçatuba', 'BRA', 'São Paulo', 169303),
(334, 'Barra Mansa', 'BRA', 'Rio de Janeiro', 168953),
(335, 'Praia Grande', 'BRA', 'São Paulo', 168434),
(336, 'Marabá', 'BRA', 'Pará', 167795),
(337, 'Criciúma', 'BRA', 'Santa Catarina', 167661),
(338, 'Boa Vista', 'BRA', 'Roraima', 167185),
(339, 'Passo Fundo', 'BRA', 'Rio Grande do Sul', 166343),
(340, 'Dourados', 'BRA', 'Mato Grosso do Sul', 164716),
(341, 'Santa Luzia', 'BRA', 'Minas Gerais', 164704),
(342, 'Rio Claro', 'BRA', 'São Paulo', 163551),
(343, 'Maracanaú', 'BRA', 'Ceará', 162022),
(344, 'Guarapuava', 'BRA', 'Paraná', 160510),
(345, 'Rondonópolis', 'BRA', 'Mato Grosso', 155115),
(346, 'São José', 'BRA', 'Santa Catarina', 155105),
(347, 'Cachoeiro de Itapemirim', 'BRA', 'Espírito Santo', 155024),
(348, 'Nilópolis', 'BRA', 'Rio de Janeiro', 153383),
(349, 'Itapevi', 'BRA', 'São Paulo', 150664),
(350, 'Cabo de Santo Agostinho', 'BRA', 'Pernambuco', 149964),
(351, 'Camaçari', 'BRA', 'Bahia', 149146),
(352, 'Sobral', 'BRA', 'Ceará', 146005),
(353, 'Itajaí', 'BRA', 'Santa Catarina', 145197),
(354, 'Chapecó', 'BRA', 'Santa Catarina', 144158),
(355, 'Cotia', 'BRA', 'São Paulo', 140042),
(356, 'Lages', 'BRA', 'Santa Catarina', 139570),
(357, 'Ferraz de Vasconcelos', 'BRA', 'São Paulo', 139283),
(358, 'Indaiatuba', 'BRA', 'São Paulo', 135968),
(359, 'Hortolândia', 'BRA', 'São Paulo', 135755),
(360, 'Caxias', 'BRA', 'Maranhão', 133980),
(361, 'São Caetano do Sul', 'BRA', 'São Paulo', 133321),
(362, 'Itu', 'BRA', 'São Paulo', 132736),
(363, 'Nossa Senhora do Socorro', 'BRA', 'Sergipe', 131351),
(364, 'Parnaíba', 'BRA', 'Piauí', 129756),
(365, 'Poços de Caldas', 'BRA', 'Minas Gerais', 129683),
(366, 'Teresópolis', 'BRA', 'Rio de Janeiro', 128079),
(367, 'Barreiras', 'BRA', 'Bahia', 127801),
(368, 'Castanhal', 'BRA', 'Pará', 127634),
(369, 'Alagoinhas', 'BRA', 'Bahia', 126820),
(370, 'Itapecerica da Serra', 'BRA', 'São Paulo', 126672),
(371, 'Uruguaiana', 'BRA', 'Rio Grande do Sul', 126305),
(372, 'Paranaguá', 'BRA', 'Paraná', 126076),
(373, 'Ibirité', 'BRA', 'Minas Gerais', 125982),
(374, 'Timon', 'BRA', 'Maranhão', 125812),
(375, 'Luziânia', 'BRA', 'Goiás', 125597),
(376, 'Macaé', 'BRA', 'Rio de Janeiro', 125597),
(377, 'Teófilo Otoni', 'BRA', 'Minas Gerais', 124489),
(378, 'Moji-Guaçu', 'BRA', 'São Paulo', 123782),
(379, 'Palmas', 'BRA', 'Tocantins', 121919),
(380, 'Pindamonhangaba', 'BRA', 'São Paulo', 121904),
(381, 'Francisco Morato', 'BRA', 'São Paulo', 121197),
(382, 'Bagé', 'BRA', 'Rio Grande do Sul', 120793),
(383, 'Sapucaia do Sul', 'BRA', 'Rio Grande do Sul', 120217),
(384, 'Cabo Frio', 'BRA', 'Rio de Janeiro', 119503),
(385, 'Itapetininga', 'BRA', 'São Paulo', 119391),
(386, 'Patos de Minas', 'BRA', 'Minas Gerais', 119262),
(387, 'Camaragibe', 'BRA', 'Pernambuco', 118968),
(388, 'Bragança Paulista', 'BRA', 'São Paulo', 116929),
(389, 'Queimados', 'BRA', 'Rio de Janeiro', 115020),
(390, 'Araguaína', 'BRA', 'Tocantins', 114948),
(391, 'Garanhuns', 'BRA', 'Pernambuco', 114603),
(392, 'Vitória de Santo Antão', 'BRA', 'Pernambuco', 113595),
(393, 'Santa Rita', 'BRA', 'Paraíba', 113135),
(394, 'Barbacena', 'BRA', 'Minas Gerais', 113079),
(395, 'Abaetetuba', 'BRA', 'Pará', 111258),
(396, 'Jaú', 'BRA', 'São Paulo', 109965),
(397, 'Lauro de Freitas', 'BRA', 'Bahia', 109236),
(398, 'Franco da Rocha', 'BRA', 'São Paulo', 108964),
(399, 'Teixeira de Freitas', 'BRA', 'Bahia', 108441),
(400, 'Varginha', 'BRA', 'Minas Gerais', 108314),
(401, 'Ribeirão Pires', 'BRA', 'São Paulo', 108121),
(402, 'Sabará', 'BRA', 'Minas Gerais', 107781),
(403, 'Catanduva', 'BRA', 'São Paulo', 107761),
(404, 'Rio Verde', 'BRA', 'Goiás', 107755),
(405, 'Botucatu', 'BRA', 'São Paulo', 107663),
(406, 'Colatina', 'BRA', 'Espírito Santo', 107354),
(407, 'Santa Cruz do Sul', 'BRA', 'Rio Grande do Sul', 106734),
(408, 'Linhares', 'BRA', 'Espírito Santo', 106278),
(409, 'Apucarana', 'BRA', 'Paraná', 105114),
(410, 'Barretos', 'BRA', 'São Paulo', 104156),
(411, 'Guaratinguetá', 'BRA', 'São Paulo', 103433),
(412, 'Cachoeirinha', 'BRA', 'Rio Grande do Sul', 103240),
(413, 'Codó', 'BRA', 'Maranhão', 103153),
(414, 'Jaraguá do Sul', 'BRA', 'Santa Catarina', 102580),
(415, 'Cubatão', 'BRA', 'São Paulo', 102372),
(416, 'Itabira', 'BRA', 'Minas Gerais', 102217),
(417, 'Itaituba', 'BRA', 'Pará', 101320),
(418, 'Araras', 'BRA', 'São Paulo', 101046),
(419, 'Resende', 'BRA', 'Rio de Janeiro', 100627),
(420, 'Atibaia', 'BRA', 'São Paulo', 100356),
(421, 'Pouso Alegre', 'BRA', 'Minas Gerais', 100028),
(422, 'Toledo', 'BRA', 'Paraná', 99387),
(423, 'Crato', 'BRA', 'Ceará', 98965),
(424, 'Passos', 'BRA', 'Minas Gerais', 98570),
(425, 'Araguari', 'BRA', 'Minas Gerais', 98399),
(426, 'São José de Ribamar', 'BRA', 'Maranhão', 98318),
(427, 'Pinhais', 'BRA', 'Paraná', 98198),
(428, 'Sertãozinho', 'BRA', 'São Paulo', 98140),
(429, 'Conselheiro Lafaiete', 'BRA', 'Minas Gerais', 97507),
(430, 'Paulo Afonso', 'BRA', 'Bahia', 97291),
(431, 'Angra dos Reis', 'BRA', 'Rio de Janeiro', 96864),
(432, 'Eunápolis', 'BRA', 'Bahia', 96610),
(433, 'Salto', 'BRA', 'São Paulo', 96348),
(434, 'Ourinhos', 'BRA', 'São Paulo', 96291),
(435, 'Parnamirim', 'BRA', 'Rio Grande do Norte', 96210),
(436, 'Jacobina', 'BRA', 'Bahia', 96131),
(437, 'Coronel Fabriciano', 'BRA', 'Minas Gerais', 95933),
(438, 'Birigui', 'BRA', 'São Paulo', 94685),
(439, 'Tatuí', 'BRA', 'São Paulo', 93897),
(440, 'Ji-Paraná', 'BRA', 'Rondônia', 93346),
(441, 'Bacabal', 'BRA', 'Maranhão', 93121),
(442, 'Cametá', 'BRA', 'Pará', 92779),
(443, 'Guaíba', 'BRA', 'Rio Grande do Sul', 92224),
(444, 'São Lourenço da Mata', 'BRA', 'Pernambuco', 91999),
(445, 'Santana do Livramento', 'BRA', 'Rio Grande do Sul', 91779),
(446, 'Votorantim', 'BRA', 'São Paulo', 91777),
(447, 'Campo Largo', 'BRA', 'Paraná', 91203),
(448, 'Patos', 'BRA', 'Paraíba', 90519),
(449, 'Ituiutaba', 'BRA', 'Minas Gerais', 90507),
(450, 'Corumbá', 'BRA', 'Mato Grosso do Sul', 90111),
(451, 'Palhoça', 'BRA', 'Santa Catarina', 89465),
(452, 'Barra do Piraí', 'BRA', 'Rio de Janeiro', 89388),
(453, 'Bento Gonçalves', 'BRA', 'Rio Grande do Sul', 89254),
(454, 'Poá', 'BRA', 'São Paulo', 89236),
(455, 'Águas Lindas de Goiás', 'BRA', 'Goiás', 89200),
(456, 'London', 'GBR', 'England', 7285000),
(457, 'Birmingham', 'GBR', 'England', 1013000),
(458, 'Glasgow', 'GBR', 'Scotland', 619680),
(459, 'Liverpool', 'GBR', 'England', 461000),
(460, 'Edinburgh', 'GBR', 'Scotland', 450180),
(461, 'Sheffield', 'GBR', 'England', 431607),
(462, 'Manchester', 'GBR', 'England', 430000),
(463, 'Leeds', 'GBR', 'England', 424194),
(464, 'Bristol', 'GBR', 'England', 402000),
(465, 'Cardiff', 'GBR', 'Wales', 321000),
(466, 'Coventry', 'GBR', 'England', 304000),
(467, 'Leicester', 'GBR', 'England', 294000),
(468, 'Bradford', 'GBR', 'England', 289376),
(469, 'Belfast', 'GBR', 'North Ireland', 287500),
(470, 'Nottingham', 'GBR', 'England', 287000),
(471, 'Kingston upon Hull', 'GBR', 'England', 262000),
(472, 'Plymouth', 'GBR', 'England', 253000),
(473, 'Stoke-on-Trent', 'GBR', 'England', 252000),
(474, 'Wolverhampton', 'GBR', 'England', 242000),
(475, 'Derby', 'GBR', 'England', 236000),
(476, 'Swansea', 'GBR', 'Wales', 230000),
(477, 'Southampton', 'GBR', 'England', 216000),
(478, 'Aberdeen', 'GBR', 'Scotland', 213070),
(479, 'Northampton', 'GBR', 'England', 196000),
(480, 'Dudley', 'GBR', 'England', 192171),
(481, 'Portsmouth', 'GBR', 'England', 190000),
(482, 'Newcastle upon Tyne', 'GBR', 'England', 189150),
(483, 'Sunderland', 'GBR', 'England', 183310),
(484, 'Luton', 'GBR', 'England', 183000),
(485, 'Swindon', 'GBR', 'England', 180000),
(486, 'Southend-on-Sea', 'GBR', 'England', 176000),
(487, 'Walsall', 'GBR', 'England', 174739),
(488, 'Bournemouth', 'GBR', 'England', 162000),
(489, 'Peterborough', 'GBR', 'England', 156000),
(490, 'Brighton', 'GBR', 'England', 156124),
(491, 'Blackpool', 'GBR', 'England', 151000),
(492, 'Dundee', 'GBR', 'Scotland', 146690),
(493, 'West Bromwich', 'GBR', 'England', 146386),
(494, 'Reading', 'GBR', 'England', 148000),
(495, 'Oldbury/Smethwick (Warley)', 'GBR', 'England', 145542),
(496, 'Middlesbrough', 'GBR', 'England', 145000),
(497, 'Huddersfield', 'GBR', 'England', 143726),
(498, 'Oxford', 'GBR', 'England', 144000),
(499, 'Poole', 'GBR', 'England', 141000),
(500, 'Bolton', 'GBR', 'England', 139020),
(501, 'Blackburn', 'GBR', 'England', 140000),
(502, 'Newport', 'GBR', 'Wales', 139000),
(503, 'Preston', 'GBR', 'England', 135000),
(504, 'Stockport', 'GBR', 'England', 132813),
(505, 'Norwich', 'GBR', 'England', 124000),
(506, 'Rotherham', 'GBR', 'England', 121380),
(507, 'Cambridge', 'GBR', 'England', 121000),
(508, 'Watford', 'GBR', 'England', 113080),
(509, 'Ipswich', 'GBR', 'England', 114000),
(510, 'Slough', 'GBR', 'England', 112000),
(511, 'Exeter', 'GBR', 'England', 111000),
(512, 'Cheltenham', 'GBR', 'England', 106000),
(513, 'Gloucester', 'GBR', 'England', 107000),
(514, 'Saint Helens', 'GBR', 'England', 106293),
(515, 'Sutton Coldfield', 'GBR', 'England', 106001),
(516, 'York', 'GBR', 'England', 104425),
(517, 'Oldham', 'GBR', 'England', 103931),
(518, 'Basildon', 'GBR', 'England', 100924),
(519, 'Worthing', 'GBR', 'England', 100000),
(520, 'Chelmsford', 'GBR', 'England', 97451),
(521, 'Colchester', 'GBR', 'England', 96063),
(522, 'Crawley', 'GBR', 'England', 97000),
(523, 'Gillingham', 'GBR', 'England', 92000),
(524, 'Solihull', 'GBR', 'England', 94531),
(525, 'Rochdale', 'GBR', 'England', 94313),
(526, 'Birkenhead', 'GBR', 'England', 93087),
(527, 'Worcester', 'GBR', 'England', 95000),
(528, 'Hartlepool', 'GBR', 'England', 92000),
(529, 'Halifax', 'GBR', 'England', 91069),
(530, 'Woking/Byfleet', 'GBR', 'England', 92000),
(531, 'Southport', 'GBR', 'England', 90959),
(532, 'Maidstone', 'GBR', 'England', 90878),
(533, 'Eastbourne', 'GBR', 'England', 90000),
(534, 'Grimsby', 'GBR', 'England', 89000),
(535, 'Saint Helier', 'GBR', 'Jersey', 27523),
(536, 'Douglas', 'GBR', '–', 23487),
(537, 'Road Town', 'VGB', 'Tortola', 8000),
(538, 'Bandar Seri Begawan', 'BRN', 'Brunei and Muara', 21484),
(539, 'Sofija', 'BGR', 'Grad Sofija', 1122302),
(540, 'Plovdiv', 'BGR', 'Plovdiv', 342584),
(541, 'Varna', 'BGR', 'Varna', 299801),
(542, 'Burgas', 'BGR', 'Burgas', 195255),
(543, 'Ruse', 'BGR', 'Ruse', 166467),
(544, 'Stara Zagora', 'BGR', 'Haskovo', 147939),
(545, 'Pleven', 'BGR', 'Lovec', 121952),
(546, 'Sliven', 'BGR', 'Burgas', 105530),
(547, 'Dobric', 'BGR', 'Varna', 100399),
(548, 'Šumen', 'BGR', 'Varna', 94686),
(549, 'Ouagadougou', 'BFA', 'Kadiogo', 824000),
(550, 'Bobo-Dioulasso', 'BFA', 'Houet', 300000),
(551, 'Koudougou', 'BFA', 'Boulkiemdé', 105000),
(552, 'Bujumbura', 'BDI', 'Bujumbura', 300000),
(553, 'George Town', 'CYM', 'Grand Cayman', 19600),
(554, 'Santiago de Chile', 'CHL', 'Santiago', 4703954),
(555, 'Puente Alto', 'CHL', 'Santiago', 386236),
(556, 'Viña del Mar', 'CHL', 'Valparaíso', 312493),
(557, 'Valparaíso', 'CHL', 'Valparaíso', 293800),
(558, 'Talcahuano', 'CHL', 'Bíobío', 277752),
(559, 'Antofagasta', 'CHL', 'Antofagasta', 251429),
(560, 'San Bernardo', 'CHL', 'Santiago', 241910),
(561, 'Temuco', 'CHL', 'La Araucanía', 233041),
(562, 'Concepción', 'CHL', 'Bíobío', 217664),
(563, 'Rancagua', 'CHL', 'O´Higgins', 212977),
(564, 'Arica', 'CHL', 'Tarapacá', 189036),
(565, 'Talca', 'CHL', 'Maule', 187557),
(566, 'Chillán', 'CHL', 'Bíobío', 178182),
(567, 'Iquique', 'CHL', 'Tarapacá', 177892),
(568, 'Los Angeles', 'CHL', 'Bíobío', 158215),
(569, 'Puerto Montt', 'CHL', 'Los Lagos', 152194),
(570, 'Coquimbo', 'CHL', 'Coquimbo', 143353),
(571, 'Osorno', 'CHL', 'Los Lagos', 141468),
(572, 'La Serena', 'CHL', 'Coquimbo', 137409),
(573, 'Calama', 'CHL', 'Antofagasta', 137265),
(574, 'Valdivia', 'CHL', 'Los Lagos', 133106),
(575, 'Punta Arenas', 'CHL', 'Magallanes', 125631),
(576, 'Copiapó', 'CHL', 'Atacama', 120128),
(577, 'Quilpué', 'CHL', 'Valparaíso', 118857),
(578, 'Curicó', 'CHL', 'Maule', 115766),
(579, 'Ovalle', 'CHL', 'Coquimbo', 94854),
(580, 'Coronel', 'CHL', 'Bíobío', 93061),
(581, 'San Pedro de la Paz', 'CHL', 'Bíobío', 91684),
(582, 'Melipilla', 'CHL', 'Santiago', 91056),
(583, 'Avarua', 'COK', 'Rarotonga', 11900),
(584, 'San José', 'CRI', 'San José', 339131),
(585, 'Djibouti', 'DJI', 'Djibouti', 383000),
(586, 'Roseau', 'DMA', 'St George', 16243),
(587, 'Santo Domingo de Guzmán', 'DOM', 'Distrito Nacional', 1609966),
(588, 'Santiago de los Caballeros', 'DOM', 'Santiago', 365463),
(589, 'La Romana', 'DOM', 'La Romana', 140204),
(590, 'San Pedro de Macorís', 'DOM', 'San Pedro de Macorís', 124735),
(591, 'San Francisco de Macorís', 'DOM', 'Duarte', 108485),
(592, 'San Felipe de Puerto Plata', 'DOM', 'Puerto Plata', 89423),
(593, 'Guayaquil', 'ECU', 'Guayas', 2070040),
(594, 'Quito', 'ECU', 'Pichincha', 1573458),
(595, 'Cuenca', 'ECU', 'Azuay', 270353),
(596, 'Machala', 'ECU', 'El Oro', 210368),
(597, 'Santo Domingo de los Colorados', 'ECU', 'Pichincha', 202111),
(598, 'Portoviejo', 'ECU', 'Manabí', 176413),
(599, 'Ambato', 'ECU', 'Tungurahua', 169612),
(600, 'Manta', 'ECU', 'Manabí', 164739),
(601, 'Duran [Eloy Alfaro]', 'ECU', 'Guayas', 152514),
(602, 'Ibarra', 'ECU', 'Imbabura', 130643),
(603, 'Quevedo', 'ECU', 'Los Ríos', 129631),
(604, 'Milagro', 'ECU', 'Guayas', 124177),
(605, 'Loja', 'ECU', 'Loja', 123875),
(606, 'Ríobamba', 'ECU', 'Chimborazo', 123163),
(607, 'Esmeraldas', 'ECU', 'Esmeraldas', 123045),
(608, 'Cairo', 'EGY', 'Kairo', 6789479),
(609, 'Alexandria', 'EGY', 'Aleksandria', 3328196),
(610, 'Giza', 'EGY', 'Giza', 2221868),
(611, 'Shubra al-Khayma', 'EGY', 'al-Qalyubiya', 870716),
(612, 'Port Said', 'EGY', 'Port Said', 469533),
(613, 'Suez', 'EGY', 'Suez', 417610),
(614, 'al-Mahallat al-Kubra', 'EGY', 'al-Gharbiya', 395402),
(615, 'Tanta', 'EGY', 'al-Gharbiya', 371010),
(616, 'al-Mansura', 'EGY', 'al-Daqahliya', 369621),
(617, 'Luxor', 'EGY', 'Luxor', 360503),
(618, 'Asyut', 'EGY', 'Asyut', 343498),
(619, 'Bahtim', 'EGY', 'al-Qalyubiya', 275807),
(620, 'Zagazig', 'EGY', 'al-Sharqiya', 267351),
(621, 'al-Faiyum', 'EGY', 'al-Faiyum', 260964),
(622, 'Ismailia', 'EGY', 'Ismailia', 254477),
(623, 'Kafr al-Dawwar', 'EGY', 'al-Buhayra', 231978),
(624, 'Assuan', 'EGY', 'Assuan', 219017),
(625, 'Damanhur', 'EGY', 'al-Buhayra', 212203),
(626, 'al-Minya', 'EGY', 'al-Minya', 201360),
(627, 'Bani Suwayf', 'EGY', 'Bani Suwayf', 172032),
(628, 'Qina', 'EGY', 'Qina', 171275),
(629, 'Sawhaj', 'EGY', 'Sawhaj', 170125),
(630, 'Shibin al-Kawm', 'EGY', 'al-Minufiya', 159909),
(631, 'Bulaq al-Dakrur', 'EGY', 'Giza', 148787),
(632, 'Banha', 'EGY', 'al-Qalyubiya', 145792),
(633, 'Warraq al-Arab', 'EGY', 'Giza', 127108),
(634, 'Kafr al-Shaykh', 'EGY', 'Kafr al-Shaykh', 124819),
(635, 'Mallawi', 'EGY', 'al-Minya', 119283),
(636, 'Bilbays', 'EGY', 'al-Sharqiya', 113608),
(637, 'Mit Ghamr', 'EGY', 'al-Daqahliya', 101801),
(638, 'al-Arish', 'EGY', 'Shamal Sina', 100447),
(639, 'Talkha', 'EGY', 'al-Daqahliya', 97700),
(640, 'Qalyub', 'EGY', 'al-Qalyubiya', 97200),
(641, 'Jirja', 'EGY', 'Sawhaj', 95400),
(642, 'Idfu', 'EGY', 'Qina', 94200),
(643, 'al-Hawamidiya', 'EGY', 'Giza', 91700),
(644, 'Disuq', 'EGY', 'Kafr al-Shaykh', 91300),
(645, 'San Salvador', 'SLV', 'San Salvador', 415346),
(646, 'Santa Ana', 'SLV', 'Santa Ana', 139389),
(647, 'Mejicanos', 'SLV', 'San Salvador', 138800),
(648, 'Soyapango', 'SLV', 'San Salvador', 129800),
(649, 'San Miguel', 'SLV', 'San Miguel', 127696),
(650, 'Nueva San Salvador', 'SLV', 'La Libertad', 98400),
(651, 'Apopa', 'SLV', 'San Salvador', 88800),
(652, 'Asmara', 'ERI', 'Maekel', 431000),
(653, 'Madrid', 'ESP', 'Madrid', 2879052),
(654, 'Barcelona', 'ESP', 'Katalonia', 1503451),
(655, 'Valencia', 'ESP', 'Valencia', 739412),
(656, 'Sevilla', 'ESP', 'Andalusia', 701927),
(657, 'Zaragoza', 'ESP', 'Aragonia', 603367),
(658, 'Málaga', 'ESP', 'Andalusia', 530553),
(659, 'Bilbao', 'ESP', 'Baskimaa', 357589),
(660, 'Las Palmas de Gran Canaria', 'ESP', 'Canary Islands', 354757),
(661, 'Murcia', 'ESP', 'Murcia', 353504),
(662, 'Palma de Mallorca', 'ESP', 'Balears', 326993),
(663, 'Valladolid', 'ESP', 'Castilla and León', 319998),
(664, 'Córdoba', 'ESP', 'Andalusia', 311708),
(665, 'Vigo', 'ESP', 'Galicia', 283670),
(666, 'Alicante [Alacant]', 'ESP', 'Valencia', 272432),
(667, 'Gijón', 'ESP', 'Asturia', 267980),
(668, 'L´Hospitalet de Llobregat', 'ESP', 'Katalonia', 247986),
(669, 'Granada', 'ESP', 'Andalusia', 244767),
(670, 'A Coruña (La Coruña)', 'ESP', 'Galicia', 243402),
(671, 'Vitoria-Gasteiz', 'ESP', 'Baskimaa', 217154),
(672, 'Santa Cruz de Tenerife', 'ESP', 'Canary Islands', 213050),
(673, 'Badalona', 'ESP', 'Katalonia', 209635),
(674, 'Oviedo', 'ESP', 'Asturia', 200453),
(675, 'Móstoles', 'ESP', 'Madrid', 195351),
(676, 'Elche [Elx]', 'ESP', 'Valencia', 193174),
(677, 'Sabadell', 'ESP', 'Katalonia', 184859),
(678, 'Santander', 'ESP', 'Cantabria', 184165),
(679, 'Jerez de la Frontera', 'ESP', 'Andalusia', 182660),
(680, 'Pamplona [Iruña]', 'ESP', 'Navarra', 180483),
(681, 'Donostia-San Sebastián', 'ESP', 'Baskimaa', 179208),
(682, 'Cartagena', 'ESP', 'Murcia', 177709),
(683, 'Leganés', 'ESP', 'Madrid', 173163),
(684, 'Fuenlabrada', 'ESP', 'Madrid', 171173),
(685, 'Almería', 'ESP', 'Andalusia', 169027),
(686, 'Terrassa', 'ESP', 'Katalonia', 168695),
(687, 'Alcalá de Henares', 'ESP', 'Madrid', 164463),
(688, 'Burgos', 'ESP', 'Castilla and León', 162802),
(689, 'Salamanca', 'ESP', 'Castilla and León', 158720),
(690, 'Albacete', 'ESP', 'Kastilia-La Mancha', 147527),
(691, 'Getafe', 'ESP', 'Madrid', 145371),
(692, 'Cádiz', 'ESP', 'Andalusia', 142449),
(693, 'Alcorcón', 'ESP', 'Madrid', 142048),
(694, 'Huelva', 'ESP', 'Andalusia', 140583),
(695, 'León', 'ESP', 'Castilla and León', 139809),
(696, 'Castellón de la Plana [Castell', 'ESP', 'Valencia', 139712),
(697, 'Badajoz', 'ESP', 'Extremadura', 136613),
(698, '[San Cristóbal de] la Laguna', 'ESP', 'Canary Islands', 127945),
(699, 'Logroño', 'ESP', 'La Rioja', 127093),
(700, 'Santa Coloma de Gramenet', 'ESP', 'Katalonia', 120802),
(701, 'Tarragona', 'ESP', 'Katalonia', 113016),
(702, 'Lleida (Lérida)', 'ESP', 'Katalonia', 112207),
(703, 'Jaén', 'ESP', 'Andalusia', 109247),
(704, 'Ourense (Orense)', 'ESP', 'Galicia', 109120),
(705, 'Mataró', 'ESP', 'Katalonia', 104095),
(706, 'Algeciras', 'ESP', 'Andalusia', 103106),
(707, 'Marbella', 'ESP', 'Andalusia', 101144),
(708, 'Barakaldo', 'ESP', 'Baskimaa', 98212),
(709, 'Dos Hermanas', 'ESP', 'Andalusia', 94591),
(710, 'Santiago de Compostela', 'ESP', 'Galicia', 93745),
(711, 'Torrejón de Ardoz', 'ESP', 'Madrid', 92262),
(712, 'Cape Town', 'ZAF', 'Western Cape', 2352121),
(713, 'Soweto', 'ZAF', 'Gauteng', 904165),
(714, 'Johannesburg', 'ZAF', 'Gauteng', 756653),
(715, 'Port Elizabeth', 'ZAF', 'Eastern Cape', 752319),
(716, 'Pretoria', 'ZAF', 'Gauteng', 658630),
(717, 'Inanda', 'ZAF', 'KwaZulu-Natal', 634065),
(718, 'Durban', 'ZAF', 'KwaZulu-Natal', 566120),
(719, 'Vanderbijlpark', 'ZAF', 'Gauteng', 468931),
(720, 'Kempton Park', 'ZAF', 'Gauteng', 442633),
(721, 'Alberton', 'ZAF', 'Gauteng', 410102),
(722, 'Pinetown', 'ZAF', 'KwaZulu-Natal', 378810),
(723, 'Pietermaritzburg', 'ZAF', 'KwaZulu-Natal', 370190),
(724, 'Benoni', 'ZAF', 'Gauteng', 365467),
(725, 'Randburg', 'ZAF', 'Gauteng', 341288),
(726, 'Umlazi', 'ZAF', 'KwaZulu-Natal', 339233),
(727, 'Bloemfontein', 'ZAF', 'Free State', 334341),
(728, 'Vereeniging', 'ZAF', 'Gauteng', 328535),
(729, 'Wonderboom', 'ZAF', 'Gauteng', 283289),
(730, 'Roodepoort', 'ZAF', 'Gauteng', 279340),
(731, 'Boksburg', 'ZAF', 'Gauteng', 262648),
(732, 'Klerksdorp', 'ZAF', 'North West', 261911),
(733, 'Soshanguve', 'ZAF', 'Gauteng', 242727),
(734, 'Newcastle', 'ZAF', 'KwaZulu-Natal', 222993),
(735, 'East London', 'ZAF', 'Eastern Cape', 221047),
(736, 'Welkom', 'ZAF', 'Free State', 203296),
(737, 'Kimberley', 'ZAF', 'Northern Cape', 197254),
(738, 'Uitenhage', 'ZAF', 'Eastern Cape', 192120),
(739, 'Chatsworth', 'ZAF', 'KwaZulu-Natal', 189885),
(740, 'Mdantsane', 'ZAF', 'Eastern Cape', 182639),
(741, 'Krugersdorp', 'ZAF', 'Gauteng', 181503),
(742, 'Botshabelo', 'ZAF', 'Free State', 177971),
(743, 'Brakpan', 'ZAF', 'Gauteng', 171363),
(744, 'Witbank', 'ZAF', 'Mpumalanga', 167183),
(745, 'Oberholzer', 'ZAF', 'Gauteng', 164367),
(746, 'Germiston', 'ZAF', 'Gauteng', 164252),
(747, 'Springs', 'ZAF', 'Gauteng', 162072),
(748, 'Westonaria', 'ZAF', 'Gauteng', 159632),
(749, 'Randfontein', 'ZAF', 'Gauteng', 120838),
(750, 'Paarl', 'ZAF', 'Western Cape', 105768),
(751, 'Potchefstroom', 'ZAF', 'North West', 101817),
(752, 'Rustenburg', 'ZAF', 'North West', 97008),
(753, 'Nigel', 'ZAF', 'Gauteng', 96734),
(754, 'George', 'ZAF', 'Western Cape', 93818),
(755, 'Ladysmith', 'ZAF', 'KwaZulu-Natal', 89292),
(756, 'Addis Abeba', 'ETH', 'Addis Abeba', 2495000),
(757, 'Dire Dawa', 'ETH', 'Dire Dawa', 164851),
(758, 'Nazret', 'ETH', 'Oromia', 127842),
(759, 'Gonder', 'ETH', 'Amhara', 112249),
(760, 'Dese', 'ETH', 'Amhara', 97314),
(761, 'Mekele', 'ETH', 'Tigray', 96938),
(762, 'Bahir Dar', 'ETH', 'Amhara', 96140),
(763, 'Stanley', 'FLK', 'East Falkland', 1636),
(764, 'Suva', 'FJI', 'Central', 77366),
(765, 'Quezon', 'PHL', 'National Capital Reg', 2173831),
(766, 'Manila', 'PHL', 'National Capital Reg', 1581082),
(767, 'Kalookan', 'PHL', 'National Capital Reg', 1177604),
(768, 'Davao', 'PHL', 'Southern Mindanao', 1147116),
(769, 'Cebu', 'PHL', 'Central Visayas', 718821),
(770, 'Zamboanga', 'PHL', 'Western Mindanao', 601794),
(771, 'Pasig', 'PHL', 'National Capital Reg', 505058),
(772, 'Valenzuela', 'PHL', 'National Capital Reg', 485433),
(773, 'Las Piñas', 'PHL', 'National Capital Reg', 472780),
(774, 'Antipolo', 'PHL', 'Southern Tagalog', 470866),
(775, 'Taguig', 'PHL', 'National Capital Reg', 467375),
(776, 'Cagayan de Oro', 'PHL', 'Northern Mindanao', 461877),
(777, 'Parañaque', 'PHL', 'National Capital Reg', 449811),
(778, 'Makati', 'PHL', 'National Capital Reg', 444867),
(779, 'Bacolod', 'PHL', 'Western Visayas', 429076),
(780, 'General Santos', 'PHL', 'Southern Mindanao', 411822),
(781, 'Marikina', 'PHL', 'National Capital Reg', 391170),
(782, 'Dasmariñas', 'PHL', 'Southern Tagalog', 379520),
(783, 'Muntinlupa', 'PHL', 'National Capital Reg', 379310),
(784, 'Iloilo', 'PHL', 'Western Visayas', 365820),
(785, 'Pasay', 'PHL', 'National Capital Reg', 354908),
(786, 'Malabon', 'PHL', 'National Capital Reg', 338855),
(787, 'San José del Monte', 'PHL', 'Central Luzon', 315807),
(788, 'Bacoor', 'PHL', 'Southern Tagalog', 305699),
(789, 'Iligan', 'PHL', 'Central Mindanao', 285061),
(790, 'Calamba', 'PHL', 'Southern Tagalog', 281146),
(791, 'Mandaluyong', 'PHL', 'National Capital Reg', 278474),
(792, 'Butuan', 'PHL', 'Caraga', 267279),
(793, 'Angeles', 'PHL', 'Central Luzon', 263971),
(794, 'Tarlac', 'PHL', 'Central Luzon', 262481),
(795, 'Mandaue', 'PHL', 'Central Visayas', 259728),
(796, 'Baguio', 'PHL', 'CAR', 252386),
(797, 'Batangas', 'PHL', 'Southern Tagalog', 247588),
(798, 'Cainta', 'PHL', 'Southern Tagalog', 242511),
(799, 'San Pedro', 'PHL', 'Southern Tagalog', 231403),
(800, 'Navotas', 'PHL', 'National Capital Reg', 230403),
(801, 'Cabanatuan', 'PHL', 'Central Luzon', 222859),
(802, 'San Fernando', 'PHL', 'Central Luzon', 221857),
(803, 'Lipa', 'PHL', 'Southern Tagalog', 218447),
(804, 'Lapu-Lapu', 'PHL', 'Central Visayas', 217019),
(805, 'San Pablo', 'PHL', 'Southern Tagalog', 207927),
(806, 'Biñan', 'PHL', 'Southern Tagalog', 201186),
(807, 'Taytay', 'PHL', 'Southern Tagalog', 198183),
(808, 'Lucena', 'PHL', 'Southern Tagalog', 196075),
(809, 'Imus', 'PHL', 'Southern Tagalog', 195482),
(810, 'Olongapo', 'PHL', 'Central Luzon', 194260),
(811, 'Binangonan', 'PHL', 'Southern Tagalog', 187691),
(812, 'Santa Rosa', 'PHL', 'Southern Tagalog', 185633),
(813, 'Tagum', 'PHL', 'Southern Mindanao', 179531),
(814, 'Tacloban', 'PHL', 'Eastern Visayas', 178639),
(815, 'Malolos', 'PHL', 'Central Luzon', 175291),
(816, 'Mabalacat', 'PHL', 'Central Luzon', 171045),
(817, 'Cotabato', 'PHL', 'Central Mindanao', 163849),
(818, 'Meycauayan', 'PHL', 'Central Luzon', 163037),
(819, 'Puerto Princesa', 'PHL', 'Southern Tagalog', 161912),
(820, 'Legazpi', 'PHL', 'Bicol', 157010),
(821, 'Silang', 'PHL', 'Southern Tagalog', 156137),
(822, 'Ormoc', 'PHL', 'Eastern Visayas', 154297),
(823, 'San Carlos', 'PHL', 'Ilocos', 154264),
(824, 'Kabankalan', 'PHL', 'Western Visayas', 149769),
(825, 'Talisay', 'PHL', 'Central Visayas', 148110),
(826, 'Valencia', 'PHL', 'Northern Mindanao', 147924),
(827, 'Calbayog', 'PHL', 'Eastern Visayas', 147187),
(828, 'Santa Maria', 'PHL', 'Central Luzon', 144282),
(829, 'Pagadian', 'PHL', 'Western Mindanao', 142515),
(830, 'Cadiz', 'PHL', 'Western Visayas', 141954),
(831, 'Bago', 'PHL', 'Western Visayas', 141721),
(832, 'Toledo', 'PHL', 'Central Visayas', 141174),
(833, 'Naga', 'PHL', 'Bicol', 137810),
(834, 'San Mateo', 'PHL', 'Southern Tagalog', 135603),
(835, 'Panabo', 'PHL', 'Southern Mindanao', 133950),
(836, 'Koronadal', 'PHL', 'Southern Mindanao', 133786),
(837, 'Marawi', 'PHL', 'Central Mindanao', 131090),
(838, 'Dagupan', 'PHL', 'Ilocos', 130328),
(839, 'Sagay', 'PHL', 'Western Visayas', 129765),
(840, 'Roxas', 'PHL', 'Western Visayas', 126352),
(841, 'Lubao', 'PHL', 'Central Luzon', 125699),
(842, 'Digos', 'PHL', 'Southern Mindanao', 125171),
(843, 'San Miguel', 'PHL', 'Central Luzon', 123824),
(844, 'Malaybalay', 'PHL', 'Northern Mindanao', 123672),
(845, 'Tuguegarao', 'PHL', 'Cagayan Valley', 120645),
(846, 'Ilagan', 'PHL', 'Cagayan Valley', 119990),
(847, 'Baliuag', 'PHL', 'Central Luzon', 119675),
(848, 'Surigao', 'PHL', 'Caraga', 118534),
(849, 'San Carlos', 'PHL', 'Western Visayas', 118259),
(850, 'San Juan del Monte', 'PHL', 'National Capital Reg', 117680),
(851, 'Tanauan', 'PHL', 'Southern Tagalog', 117539),
(852, 'Concepcion', 'PHL', 'Central Luzon', 115171),
(853, 'Rodriguez (Montalban)', 'PHL', 'Southern Tagalog', 115167),
(854, 'Sariaya', 'PHL', 'Southern Tagalog', 114568),
(855, 'Malasiqui', 'PHL', 'Ilocos', 113190),
(856, 'General Mariano Alvarez', 'PHL', 'Southern Tagalog', 112446),
(857, 'Urdaneta', 'PHL', 'Ilocos', 111582),
(858, 'Hagonoy', 'PHL', 'Central Luzon', 111425),
(859, 'San Jose', 'PHL', 'Southern Tagalog', 111009),
(860, 'Polomolok', 'PHL', 'Southern Mindanao', 110709),
(861, 'Santiago', 'PHL', 'Cagayan Valley', 110531),
(862, 'Tanza', 'PHL', 'Southern Tagalog', 110517),
(863, 'Ozamis', 'PHL', 'Northern Mindanao', 110420),
(864, 'Mexico', 'PHL', 'Central Luzon', 109481),
(865, 'San Jose', 'PHL', 'Central Luzon', 108254),
(866, 'Silay', 'PHL', 'Western Visayas', 107722),
(867, 'General Trias', 'PHL', 'Southern Tagalog', 107691),
(868, 'Tabaco', 'PHL', 'Bicol', 107166),
(869, 'Cabuyao', 'PHL', 'Southern Tagalog', 106630),
(870, 'Calapan', 'PHL', 'Southern Tagalog', 105910),
(871, 'Mati', 'PHL', 'Southern Mindanao', 105908),
(872, 'Midsayap', 'PHL', 'Central Mindanao', 105760),
(873, 'Cauayan', 'PHL', 'Cagayan Valley', 103952),
(874, 'Gingoog', 'PHL', 'Northern Mindanao', 102379),
(875, 'Dumaguete', 'PHL', 'Central Visayas', 102265),
(876, 'San Fernando', 'PHL', 'Ilocos', 102082),
(877, 'Arayat', 'PHL', 'Central Luzon', 101792),
(878, 'Bayawan (Tulong)', 'PHL', 'Central Visayas', 101391),
(879, 'Kidapawan', 'PHL', 'Central Mindanao', 101205),
(880, 'Daraga (Locsin)', 'PHL', 'Bicol', 101031),
(881, 'Marilao', 'PHL', 'Central Luzon', 101017),
(882, 'Malita', 'PHL', 'Southern Mindanao', 100000),
(883, 'Dipolog', 'PHL', 'Western Mindanao', 99862),
(884, 'Cavite', 'PHL', 'Southern Tagalog', 99367),
(885, 'Danao', 'PHL', 'Central Visayas', 98781),
(886, 'Bislig', 'PHL', 'Caraga', 97860),
(887, 'Talavera', 'PHL', 'Central Luzon', 97329),
(888, 'Guagua', 'PHL', 'Central Luzon', 96858),
(889, 'Bayambang', 'PHL', 'Ilocos', 96609),
(890, 'Nasugbu', 'PHL', 'Southern Tagalog', 96113),
(891, 'Baybay', 'PHL', 'Eastern Visayas', 95630),
(892, 'Capas', 'PHL', 'Central Luzon', 95219),
(893, 'Sultan Kudarat', 'PHL', 'ARMM', 94861),
(894, 'Laoag', 'PHL', 'Ilocos', 94466),
(895, 'Bayugan', 'PHL', 'Caraga', 93623),
(896, 'Malungon', 'PHL', 'Southern Mindanao', 93232),
(897, 'Santa Cruz', 'PHL', 'Southern Tagalog', 92694),
(898, 'Sorsogon', 'PHL', 'Bicol', 92512),
(899, 'Candelaria', 'PHL', 'Southern Tagalog', 92429),
(900, 'Ligao', 'PHL', 'Bicol', 90603),
(901, 'Tórshavn', 'FRO', 'Streymoyar', 14542),
(902, 'Libreville', 'GAB', 'Estuaire', 419000),
(903, 'Serekunda', 'GMB', 'Kombo St Mary', 102600),
(904, 'Banjul', 'GMB', 'Banjul', 42326),
(905, 'Tbilisi', 'GEO', 'Tbilisi', 1235200),
(906, 'Kutaisi', 'GEO', 'Imereti', 240900),
(907, 'Rustavi', 'GEO', 'Kvemo Kartli', 155400),
(908, 'Batumi', 'GEO', 'Adzaria [Atšara]', 137700),
(909, 'Sohumi', 'GEO', 'Abhasia [Aphazeti]', 111700),
(910, 'Accra', 'GHA', 'Greater Accra', 1070000),
(911, 'Kumasi', 'GHA', 'Ashanti', 385192),
(912, 'Tamale', 'GHA', 'Northern', 151069),
(913, 'Tema', 'GHA', 'Greater Accra', 109975),
(914, 'Sekondi-Takoradi', 'GHA', 'Western', 103653),
(915, 'Gibraltar', 'GIB', '–', 27025),
(916, 'Saint George´s', 'GRD', 'St George', 4621),
(917, 'Nuuk', 'GRL', 'Kitaa', 13445),
(918, 'Les Abymes', 'GLP', 'Grande-Terre', 62947),
(919, 'Basse-Terre', 'GLP', 'Basse-Terre', 12433),
(920, 'Tamuning', 'GUM', '–', 9500),
(921, 'Agaña', 'GUM', '–', 1139),
(922, 'Ciudad de Guatemala', 'GTM', 'Guatemala', 823301),
(923, 'Mixco', 'GTM', 'Guatemala', 209791),
(924, 'Villa Nueva', 'GTM', 'Guatemala', 101295),
(925, 'Quetzaltenango', 'GTM', 'Quetzaltenango', 90801),
(926, 'Conakry', 'GIN', 'Conakry', 1090610),
(927, 'Bissau', 'GNB', 'Bissau', 241000),
(928, 'Georgetown', 'GUY', 'Georgetown', 254000),
(929, 'Port-au-Prince', 'HTI', 'Ouest', 884472),
(930, 'Carrefour', 'HTI', 'Ouest', 290204),
(931, 'Delmas', 'HTI', 'Ouest', 240429),
(932, 'Le-Cap-Haïtien', 'HTI', 'Nord', 102233),
(933, 'Tegucigalpa', 'HND', 'Distrito Central', 813900),
(934, 'San Pedro Sula', 'HND', 'Cortés', 383900),
(935, 'La Ceiba', 'HND', 'Atlántida', 89200),
(936, 'Kowloon and New Kowloon', 'HKG', 'Kowloon and New Kowl', 1987996),
(937, 'Victoria', 'HKG', 'Hongkong', 1312637),
(938, 'Longyearbyen', 'SJM', 'Länsimaa', 1438),
(939, 'Jakarta', 'IDN', 'Jakarta Raya', 9604900),
(940, 'Surabaya', 'IDN', 'East Java', 2663820),
(941, 'Bandung', 'IDN', 'West Java', 2429000),
(942, 'Medan', 'IDN', 'Sumatera Utara', 1843919),
(943, 'Palembang', 'IDN', 'Sumatera Selatan', 1222764),
(944, 'Tangerang', 'IDN', 'West Java', 1198300),
(945, 'Semarang', 'IDN', 'Central Java', 1104405),
(946, 'Ujung Pandang', 'IDN', 'Sulawesi Selatan', 1060257),
(947, 'Malang', 'IDN', 'East Java', 716862),
(948, 'Bandar Lampung', 'IDN', 'Lampung', 680332),
(949, 'Bekasi', 'IDN', 'West Java', 644300),
(950, 'Padang', 'IDN', 'Sumatera Barat', 534474),
(951, 'Surakarta', 'IDN', 'Central Java', 518600),
(952, 'Banjarmasin', 'IDN', 'Kalimantan Selatan', 482931),
(953, 'Pekan Baru', 'IDN', 'Riau', 438638),
(954, 'Denpasar', 'IDN', 'Bali', 435000),
(955, 'Yogyakarta', 'IDN', 'Yogyakarta', 418944),
(956, 'Pontianak', 'IDN', 'Kalimantan Barat', 409632),
(957, 'Samarinda', 'IDN', 'Kalimantan Timur', 399175),
(958, 'Jambi', 'IDN', 'Jambi', 385201),
(959, 'Depok', 'IDN', 'West Java', 365200),
(960, 'Cimahi', 'IDN', 'West Java', 344600),
(961, 'Balikpapan', 'IDN', 'Kalimantan Timur', 338752),
(962, 'Manado', 'IDN', 'Sulawesi Utara', 332288),
(963, 'Mataram', 'IDN', 'Nusa Tenggara Barat', 306600),
(964, 'Pekalongan', 'IDN', 'Central Java', 301504),
(965, 'Tegal', 'IDN', 'Central Java', 289744),
(966, 'Bogor', 'IDN', 'West Java', 285114),
(967, 'Ciputat', 'IDN', 'West Java', 270800),
(968, 'Pondokgede', 'IDN', 'West Java', 263200),
(969, 'Cirebon', 'IDN', 'West Java', 254406),
(970, 'Kediri', 'IDN', 'East Java', 253760),
(971, 'Ambon', 'IDN', 'Molukit', 249312),
(972, 'Jember', 'IDN', 'East Java', 218500),
(973, 'Cilacap', 'IDN', 'Central Java', 206900),
(974, 'Cimanggis', 'IDN', 'West Java', 205100),
(975, 'Pematang Siantar', 'IDN', 'Sumatera Utara', 203056),
(976, 'Purwokerto', 'IDN', 'Central Java', 202500),
(977, 'Ciomas', 'IDN', 'West Java', 187400),
(978, 'Tasikmalaya', 'IDN', 'West Java', 179800),
(979, 'Madiun', 'IDN', 'East Java', 171532),
(980, 'Bengkulu', 'IDN', 'Bengkulu', 146439),
(981, 'Karawang', 'IDN', 'West Java', 145000),
(982, 'Banda Aceh', 'IDN', 'Aceh', 143409),
(983, 'Palu', 'IDN', 'Sulawesi Tengah', 142800),
(984, 'Pasuruan', 'IDN', 'East Java', 134019),
(985, 'Kupang', 'IDN', 'Nusa Tenggara Timur', 129300),
(986, 'Tebing Tinggi', 'IDN', 'Sumatera Utara', 129300),
(987, 'Percut Sei Tuan', 'IDN', 'Sumatera Utara', 129000),
(988, 'Binjai', 'IDN', 'Sumatera Utara', 127222),
(989, 'Sukabumi', 'IDN', 'West Java', 125766),
(990, 'Waru', 'IDN', 'East Java', 124300),
(991, 'Pangkal Pinang', 'IDN', 'Sumatera Selatan', 124000),
(992, 'Magelang', 'IDN', 'Central Java', 123800),
(993, 'Blitar', 'IDN', 'East Java', 122600),
(994, 'Serang', 'IDN', 'West Java', 122400),
(995, 'Probolinggo', 'IDN', 'East Java', 120770),
(996, 'Cilegon', 'IDN', 'West Java', 117000),
(997, 'Cianjur', 'IDN', 'West Java', 114300),
(998, 'Ciparay', 'IDN', 'West Java', 111500),
(999, 'Lhokseumawe', 'IDN', 'Aceh', 109600),
(1000, 'Taman', 'IDN', 'East Java', 107000),
(1001, 'Depok', 'IDN', 'Yogyakarta', 106800),
(1002, 'Citeureup', 'IDN', 'West Java', 105100),
(1003, 'Pemalang', 'IDN', 'Central Java', 103500),
(1004, 'Klaten', 'IDN', 'Central Java', 103300),
(1005, 'Salatiga', 'IDN', 'Central Java', 103000),
(1006, 'Cibinong', 'IDN', 'West Java', 101300),
(1007, 'Palangka Raya', 'IDN', 'Kalimantan Tengah', 99693),
(1008, 'Mojokerto', 'IDN', 'East Java', 96626),
(1009, 'Purwakarta', 'IDN', 'West Java', 95900),
(1010, 'Garut', 'IDN', 'West Java', 95800),
(1011, 'Kudus', 'IDN', 'Central Java', 95300),
(1012, 'Kendari', 'IDN', 'Sulawesi Tenggara', 94800),
(1013, 'Jaya Pura', 'IDN', 'West Irian', 94700),
(1014, 'Gorontalo', 'IDN', 'Sulawesi Utara', 94058),
(1015, 'Majalaya', 'IDN', 'West Java', 93200),
(1016, 'Pondok Aren', 'IDN', 'West Java', 92700),
(1017, 'Jombang', 'IDN', 'East Java', 92600),
(1018, 'Sunggal', 'IDN', 'Sumatera Utara', 92300),
(1019, 'Batam', 'IDN', 'Riau', 91871),
(1020, 'Padang Sidempuan', 'IDN', 'Sumatera Utara', 91200),
(1021, 'Sawangan', 'IDN', 'West Java', 91100),
(1022, 'Banyuwangi', 'IDN', 'East Java', 89900),
(1023, 'Tanjung Pinang', 'IDN', 'Riau', 89900),
(1024, 'Mumbai (Bombay)', 'IND', 'Maharashtra', 10500000),
(1025, 'Delhi', 'IND', 'Delhi', 7206704),
(1026, 'Calcutta [Kolkata]', 'IND', 'West Bengali', 4399819),
(1027, 'Chennai (Madras)', 'IND', 'Tamil Nadu', 3841396),
(1028, 'Hyderabad', 'IND', 'Andhra Pradesh', 2964638),
(1029, 'Ahmedabad', 'IND', 'Gujarat', 2876710),
(1030, 'Bangalore', 'IND', 'Karnataka', 2660088),
(1031, 'Kanpur', 'IND', 'Uttar Pradesh', 1874409),
(1032, 'Nagpur', 'IND', 'Maharashtra', 1624752),
(1033, 'Lucknow', 'IND', 'Uttar Pradesh', 1619115),
(1034, 'Pune', 'IND', 'Maharashtra', 1566651),
(1035, 'Surat', 'IND', 'Gujarat', 1498817),
(1036, 'Jaipur', 'IND', 'Rajasthan', 1458483),
(1037, 'Indore', 'IND', 'Madhya Pradesh', 1091674),
(1038, 'Bhopal', 'IND', 'Madhya Pradesh', 1062771),
(1039, 'Ludhiana', 'IND', 'Punjab', 1042740),
(1040, 'Vadodara (Baroda)', 'IND', 'Gujarat', 1031346),
(1041, 'Kalyan', 'IND', 'Maharashtra', 1014557),
(1042, 'Madurai', 'IND', 'Tamil Nadu', 977856),
(1043, 'Haora (Howrah)', 'IND', 'West Bengali', 950435),
(1044, 'Varanasi (Benares)', 'IND', 'Uttar Pradesh', 929270),
(1045, 'Patna', 'IND', 'Bihar', 917243),
(1046, 'Srinagar', 'IND', 'Jammu and Kashmir', 892506),
(1047, 'Agra', 'IND', 'Uttar Pradesh', 891790),
(1048, 'Coimbatore', 'IND', 'Tamil Nadu', 816321),
(1049, 'Thane (Thana)', 'IND', 'Maharashtra', 803389),
(1050, 'Allahabad', 'IND', 'Uttar Pradesh', 792858),
(1051, 'Meerut', 'IND', 'Uttar Pradesh', 753778),
(1052, 'Vishakhapatnam', 'IND', 'Andhra Pradesh', 752037);
INSERT INTO `City` (`id`, `nombre`, `CountryCode`, `District`, `Population`) VALUES
(1053, 'Jabalpur', 'IND', 'Madhya Pradesh', 741927),
(1054, 'Amritsar', 'IND', 'Punjab', 708835),
(1055, 'Faridabad', 'IND', 'Haryana', 703592),
(1056, 'Vijayawada', 'IND', 'Andhra Pradesh', 701827),
(1057, 'Gwalior', 'IND', 'Madhya Pradesh', 690765),
(1058, 'Jodhpur', 'IND', 'Rajasthan', 666279),
(1059, 'Nashik (Nasik)', 'IND', 'Maharashtra', 656925),
(1060, 'Hubli-Dharwad', 'IND', 'Karnataka', 648298),
(1061, 'Solapur (Sholapur)', 'IND', 'Maharashtra', 604215),
(1062, 'Ranchi', 'IND', 'Jharkhand', 599306),
(1063, 'Bareilly', 'IND', 'Uttar Pradesh', 587211),
(1064, 'Guwahati (Gauhati)', 'IND', 'Assam', 584342),
(1065, 'Shambajinagar (Aurangabad)', 'IND', 'Maharashtra', 573272),
(1066, 'Cochin (Kochi)', 'IND', 'Kerala', 564589),
(1067, 'Rajkot', 'IND', 'Gujarat', 559407),
(1068, 'Kota', 'IND', 'Rajasthan', 537371),
(1069, 'Thiruvananthapuram (Trivandrum', 'IND', 'Kerala', 524006),
(1070, 'Pimpri-Chinchwad', 'IND', 'Maharashtra', 517083),
(1071, 'Jalandhar (Jullundur)', 'IND', 'Punjab', 509510),
(1072, 'Gorakhpur', 'IND', 'Uttar Pradesh', 505566),
(1073, 'Chandigarh', 'IND', 'Chandigarh', 504094),
(1074, 'Mysore', 'IND', 'Karnataka', 480692),
(1075, 'Aligarh', 'IND', 'Uttar Pradesh', 480520),
(1076, 'Guntur', 'IND', 'Andhra Pradesh', 471051),
(1077, 'Jamshedpur', 'IND', 'Jharkhand', 460577),
(1078, 'Ghaziabad', 'IND', 'Uttar Pradesh', 454156),
(1079, 'Warangal', 'IND', 'Andhra Pradesh', 447657),
(1080, 'Raipur', 'IND', 'Chhatisgarh', 438639),
(1081, 'Moradabad', 'IND', 'Uttar Pradesh', 429214),
(1082, 'Durgapur', 'IND', 'West Bengali', 425836),
(1083, 'Amravati', 'IND', 'Maharashtra', 421576),
(1084, 'Calicut (Kozhikode)', 'IND', 'Kerala', 419831),
(1085, 'Bikaner', 'IND', 'Rajasthan', 416289),
(1086, 'Bhubaneswar', 'IND', 'Orissa', 411542),
(1087, 'Kolhapur', 'IND', 'Maharashtra', 406370),
(1088, 'Kataka (Cuttack)', 'IND', 'Orissa', 403418),
(1089, 'Ajmer', 'IND', 'Rajasthan', 402700),
(1090, 'Bhavnagar', 'IND', 'Gujarat', 402338),
(1091, 'Tiruchirapalli', 'IND', 'Tamil Nadu', 387223),
(1092, 'Bhilai', 'IND', 'Chhatisgarh', 386159),
(1093, 'Bhiwandi', 'IND', 'Maharashtra', 379070),
(1094, 'Saharanpur', 'IND', 'Uttar Pradesh', 374945),
(1095, 'Ulhasnagar', 'IND', 'Maharashtra', 369077),
(1096, 'Salem', 'IND', 'Tamil Nadu', 366712),
(1097, 'Ujjain', 'IND', 'Madhya Pradesh', 362266),
(1098, 'Malegaon', 'IND', 'Maharashtra', 342595),
(1099, 'Jamnagar', 'IND', 'Gujarat', 341637),
(1100, 'Bokaro Steel City', 'IND', 'Jharkhand', 333683),
(1101, 'Akola', 'IND', 'Maharashtra', 328034),
(1102, 'Belgaum', 'IND', 'Karnataka', 326399),
(1103, 'Rajahmundry', 'IND', 'Andhra Pradesh', 324851),
(1104, 'Nellore', 'IND', 'Andhra Pradesh', 316606),
(1105, 'Udaipur', 'IND', 'Rajasthan', 308571),
(1106, 'New Bombay', 'IND', 'Maharashtra', 307297),
(1107, 'Bhatpara', 'IND', 'West Bengali', 304952),
(1108, 'Gulbarga', 'IND', 'Karnataka', 304099),
(1109, 'New Delhi', 'IND', 'Delhi', 301297),
(1110, 'Jhansi', 'IND', 'Uttar Pradesh', 300850),
(1111, 'Gaya', 'IND', 'Bihar', 291675),
(1112, 'Kakinada', 'IND', 'Andhra Pradesh', 279980),
(1113, 'Dhule (Dhulia)', 'IND', 'Maharashtra', 278317),
(1114, 'Panihati', 'IND', 'West Bengali', 275990),
(1115, 'Nanded (Nander)', 'IND', 'Maharashtra', 275083),
(1116, 'Mangalore', 'IND', 'Karnataka', 273304),
(1117, 'Dehra Dun', 'IND', 'Uttaranchal', 270159),
(1118, 'Kamarhati', 'IND', 'West Bengali', 266889),
(1119, 'Davangere', 'IND', 'Karnataka', 266082),
(1120, 'Asansol', 'IND', 'West Bengali', 262188),
(1121, 'Bhagalpur', 'IND', 'Bihar', 253225),
(1122, 'Bellary', 'IND', 'Karnataka', 245391),
(1123, 'Barddhaman (Burdwan)', 'IND', 'West Bengali', 245079),
(1124, 'Rampur', 'IND', 'Uttar Pradesh', 243742),
(1125, 'Jalgaon', 'IND', 'Maharashtra', 242193),
(1126, 'Muzaffarpur', 'IND', 'Bihar', 241107),
(1127, 'Nizamabad', 'IND', 'Andhra Pradesh', 241034),
(1128, 'Muzaffarnagar', 'IND', 'Uttar Pradesh', 240609),
(1129, 'Patiala', 'IND', 'Punjab', 238368),
(1130, 'Shahjahanpur', 'IND', 'Uttar Pradesh', 237713),
(1131, 'Kurnool', 'IND', 'Andhra Pradesh', 236800),
(1132, 'Tiruppur (Tirupper)', 'IND', 'Tamil Nadu', 235661),
(1133, 'Rohtak', 'IND', 'Haryana', 233400),
(1134, 'South Dum Dum', 'IND', 'West Bengali', 232811),
(1135, 'Mathura', 'IND', 'Uttar Pradesh', 226691),
(1136, 'Chandrapur', 'IND', 'Maharashtra', 226105),
(1137, 'Barahanagar (Baranagar)', 'IND', 'West Bengali', 224821),
(1138, 'Darbhanga', 'IND', 'Bihar', 218391),
(1139, 'Siliguri (Shiliguri)', 'IND', 'West Bengali', 216950),
(1140, 'Raurkela', 'IND', 'Orissa', 215489),
(1141, 'Ambattur', 'IND', 'Tamil Nadu', 215424),
(1142, 'Panipat', 'IND', 'Haryana', 215218),
(1143, 'Firozabad', 'IND', 'Uttar Pradesh', 215128),
(1144, 'Ichalkaranji', 'IND', 'Maharashtra', 214950),
(1145, 'Jammu', 'IND', 'Jammu and Kashmir', 214737),
(1146, 'Ramagundam', 'IND', 'Andhra Pradesh', 214384),
(1147, 'Eluru', 'IND', 'Andhra Pradesh', 212866),
(1148, 'Brahmapur', 'IND', 'Orissa', 210418),
(1149, 'Alwar', 'IND', 'Rajasthan', 205086),
(1150, 'Pondicherry', 'IND', 'Pondicherry', 203065),
(1151, 'Thanjavur', 'IND', 'Tamil Nadu', 202013),
(1152, 'Bihar Sharif', 'IND', 'Bihar', 201323),
(1153, 'Tuticorin', 'IND', 'Tamil Nadu', 199854),
(1154, 'Imphal', 'IND', 'Manipur', 198535),
(1155, 'Latur', 'IND', 'Maharashtra', 197408),
(1156, 'Sagar', 'IND', 'Madhya Pradesh', 195346),
(1157, 'Farrukhabad-cum-Fatehgarh', 'IND', 'Uttar Pradesh', 194567),
(1158, 'Sangli', 'IND', 'Maharashtra', 193197),
(1159, 'Parbhani', 'IND', 'Maharashtra', 190255),
(1160, 'Nagar Coil', 'IND', 'Tamil Nadu', 190084),
(1161, 'Bijapur', 'IND', 'Karnataka', 186939),
(1162, 'Kukatpalle', 'IND', 'Andhra Pradesh', 185378),
(1163, 'Bally', 'IND', 'West Bengali', 184474),
(1164, 'Bhilwara', 'IND', 'Rajasthan', 183965),
(1165, 'Ratlam', 'IND', 'Madhya Pradesh', 183375),
(1166, 'Avadi', 'IND', 'Tamil Nadu', 183215),
(1167, 'Dindigul', 'IND', 'Tamil Nadu', 182477),
(1168, 'Ahmadnagar', 'IND', 'Maharashtra', 181339),
(1169, 'Bilaspur', 'IND', 'Chhatisgarh', 179833),
(1170, 'Shimoga', 'IND', 'Karnataka', 179258),
(1171, 'Kharagpur', 'IND', 'West Bengali', 177989),
(1172, 'Mira Bhayandar', 'IND', 'Maharashtra', 175372),
(1173, 'Vellore', 'IND', 'Tamil Nadu', 175061),
(1174, 'Jalna', 'IND', 'Maharashtra', 174985),
(1175, 'Burnpur', 'IND', 'West Bengali', 174933),
(1176, 'Anantapur', 'IND', 'Andhra Pradesh', 174924),
(1177, 'Allappuzha (Alleppey)', 'IND', 'Kerala', 174666),
(1178, 'Tirupati', 'IND', 'Andhra Pradesh', 174369),
(1179, 'Karnal', 'IND', 'Haryana', 173751),
(1180, 'Burhanpur', 'IND', 'Madhya Pradesh', 172710),
(1181, 'Hisar (Hissar)', 'IND', 'Haryana', 172677),
(1182, 'Tiruvottiyur', 'IND', 'Tamil Nadu', 172562),
(1183, 'Mirzapur-cum-Vindhyachal', 'IND', 'Uttar Pradesh', 169336),
(1184, 'Secunderabad', 'IND', 'Andhra Pradesh', 167461),
(1185, 'Nadiad', 'IND', 'Gujarat', 167051),
(1186, 'Dewas', 'IND', 'Madhya Pradesh', 164364),
(1187, 'Murwara (Katni)', 'IND', 'Madhya Pradesh', 163431),
(1188, 'Ganganagar', 'IND', 'Rajasthan', 161482),
(1189, 'Vizianagaram', 'IND', 'Andhra Pradesh', 160359),
(1190, 'Erode', 'IND', 'Tamil Nadu', 159232),
(1191, 'Machilipatnam (Masulipatam)', 'IND', 'Andhra Pradesh', 159110),
(1192, 'Bhatinda (Bathinda)', 'IND', 'Punjab', 159042),
(1193, 'Raichur', 'IND', 'Karnataka', 157551),
(1194, 'Agartala', 'IND', 'Tripura', 157358),
(1195, 'Arrah (Ara)', 'IND', 'Bihar', 157082),
(1196, 'Satna', 'IND', 'Madhya Pradesh', 156630),
(1197, 'Lalbahadur Nagar', 'IND', 'Andhra Pradesh', 155500),
(1198, 'Aizawl', 'IND', 'Mizoram', 155240),
(1199, 'Uluberia', 'IND', 'West Bengali', 155172),
(1200, 'Katihar', 'IND', 'Bihar', 154367),
(1201, 'Cuddalore', 'IND', 'Tamil Nadu', 153086),
(1202, 'Hugli-Chinsurah', 'IND', 'West Bengali', 151806),
(1203, 'Dhanbad', 'IND', 'Jharkhand', 151789),
(1204, 'Raiganj', 'IND', 'West Bengali', 151045),
(1205, 'Sambhal', 'IND', 'Uttar Pradesh', 150869),
(1206, 'Durg', 'IND', 'Chhatisgarh', 150645),
(1207, 'Munger (Monghyr)', 'IND', 'Bihar', 150112),
(1208, 'Kanchipuram', 'IND', 'Tamil Nadu', 150100),
(1209, 'North Dum Dum', 'IND', 'West Bengali', 149965),
(1210, 'Karimnagar', 'IND', 'Andhra Pradesh', 148583),
(1211, 'Bharatpur', 'IND', 'Rajasthan', 148519),
(1212, 'Sikar', 'IND', 'Rajasthan', 148272),
(1213, 'Hardwar (Haridwar)', 'IND', 'Uttaranchal', 147305),
(1214, 'Dabgram', 'IND', 'West Bengali', 147217),
(1215, 'Morena', 'IND', 'Madhya Pradesh', 147124),
(1216, 'Noida', 'IND', 'Uttar Pradesh', 146514),
(1217, 'Hapur', 'IND', 'Uttar Pradesh', 146262),
(1218, 'Bhusawal', 'IND', 'Maharashtra', 145143),
(1219, 'Khandwa', 'IND', 'Madhya Pradesh', 145133),
(1220, 'Yamuna Nagar', 'IND', 'Haryana', 144346),
(1221, 'Sonipat (Sonepat)', 'IND', 'Haryana', 143922),
(1222, 'Tenali', 'IND', 'Andhra Pradesh', 143726),
(1223, 'Raurkela Civil Township', 'IND', 'Orissa', 140408),
(1224, 'Kollam (Quilon)', 'IND', 'Kerala', 139852),
(1225, 'Kumbakonam', 'IND', 'Tamil Nadu', 139483),
(1226, 'Ingraj Bazar (English Bazar)', 'IND', 'West Bengali', 139204),
(1227, 'Timkur', 'IND', 'Karnataka', 138903),
(1228, 'Amroha', 'IND', 'Uttar Pradesh', 137061),
(1229, 'Serampore', 'IND', 'West Bengali', 137028),
(1230, 'Chapra', 'IND', 'Bihar', 136877),
(1231, 'Pali', 'IND', 'Rajasthan', 136842),
(1232, 'Maunath Bhanjan', 'IND', 'Uttar Pradesh', 136697),
(1233, 'Adoni', 'IND', 'Andhra Pradesh', 136182),
(1234, 'Jaunpur', 'IND', 'Uttar Pradesh', 136062),
(1235, 'Tirunelveli', 'IND', 'Tamil Nadu', 135825),
(1236, 'Bahraich', 'IND', 'Uttar Pradesh', 135400),
(1237, 'Gadag Betigeri', 'IND', 'Karnataka', 134051),
(1238, 'Proddatur', 'IND', 'Andhra Pradesh', 133914),
(1239, 'Chittoor', 'IND', 'Andhra Pradesh', 133462),
(1240, 'Barrackpur', 'IND', 'West Bengali', 133265),
(1241, 'Bharuch (Broach)', 'IND', 'Gujarat', 133102),
(1242, 'Naihati', 'IND', 'West Bengali', 132701),
(1243, 'Shillong', 'IND', 'Meghalaya', 131719),
(1244, 'Sambalpur', 'IND', 'Orissa', 131138),
(1245, 'Junagadh', 'IND', 'Gujarat', 130484),
(1246, 'Rae Bareli', 'IND', 'Uttar Pradesh', 129904),
(1247, 'Rewa', 'IND', 'Madhya Pradesh', 128981),
(1248, 'Gurgaon', 'IND', 'Haryana', 128608),
(1249, 'Khammam', 'IND', 'Andhra Pradesh', 127992),
(1250, 'Bulandshahr', 'IND', 'Uttar Pradesh', 127201),
(1251, 'Navsari', 'IND', 'Gujarat', 126089),
(1252, 'Malkajgiri', 'IND', 'Andhra Pradesh', 126066),
(1253, 'Midnapore (Medinipur)', 'IND', 'West Bengali', 125498),
(1254, 'Miraj', 'IND', 'Maharashtra', 125407),
(1255, 'Raj Nandgaon', 'IND', 'Chhatisgarh', 125371),
(1256, 'Alandur', 'IND', 'Tamil Nadu', 125244),
(1257, 'Puri', 'IND', 'Orissa', 125199),
(1258, 'Navadwip', 'IND', 'West Bengali', 125037),
(1259, 'Sirsa', 'IND', 'Haryana', 125000),
(1260, 'Korba', 'IND', 'Chhatisgarh', 124501),
(1261, 'Faizabad', 'IND', 'Uttar Pradesh', 124437),
(1262, 'Etawah', 'IND', 'Uttar Pradesh', 124072),
(1263, 'Pathankot', 'IND', 'Punjab', 123930),
(1264, 'Gandhinagar', 'IND', 'Gujarat', 123359),
(1265, 'Palghat (Palakkad)', 'IND', 'Kerala', 123289),
(1266, 'Veraval', 'IND', 'Gujarat', 123000),
(1267, 'Hoshiarpur', 'IND', 'Punjab', 122705),
(1268, 'Ambala', 'IND', 'Haryana', 122596),
(1269, 'Sitapur', 'IND', 'Uttar Pradesh', 121842),
(1270, 'Bhiwani', 'IND', 'Haryana', 121629),
(1271, 'Cuddapah', 'IND', 'Andhra Pradesh', 121463),
(1272, 'Bhimavaram', 'IND', 'Andhra Pradesh', 121314),
(1273, 'Krishnanagar', 'IND', 'West Bengali', 121110),
(1274, 'Chandannagar', 'IND', 'West Bengali', 120378),
(1275, 'Mandya', 'IND', 'Karnataka', 120265),
(1276, 'Dibrugarh', 'IND', 'Assam', 120127),
(1277, 'Nandyal', 'IND', 'Andhra Pradesh', 119813),
(1278, 'Balurghat', 'IND', 'West Bengali', 119796),
(1279, 'Neyveli', 'IND', 'Tamil Nadu', 118080),
(1280, 'Fatehpur', 'IND', 'Uttar Pradesh', 117675),
(1281, 'Mahbubnagar', 'IND', 'Andhra Pradesh', 116833),
(1282, 'Budaun', 'IND', 'Uttar Pradesh', 116695),
(1283, 'Porbandar', 'IND', 'Gujarat', 116671),
(1284, 'Silchar', 'IND', 'Assam', 115483),
(1285, 'Berhampore (Baharampur)', 'IND', 'West Bengali', 115144),
(1286, 'Purnea (Purnia)', 'IND', 'Jharkhand', 114912),
(1287, 'Bankura', 'IND', 'West Bengali', 114876),
(1288, 'Rajapalaiyam', 'IND', 'Tamil Nadu', 114202),
(1289, 'Titagarh', 'IND', 'West Bengali', 114085),
(1290, 'Halisahar', 'IND', 'West Bengali', 114028),
(1291, 'Hathras', 'IND', 'Uttar Pradesh', 113285),
(1292, 'Bhir (Bid)', 'IND', 'Maharashtra', 112434),
(1293, 'Pallavaram', 'IND', 'Tamil Nadu', 111866),
(1294, 'Anand', 'IND', 'Gujarat', 110266),
(1295, 'Mango', 'IND', 'Jharkhand', 110024),
(1296, 'Santipur', 'IND', 'West Bengali', 109956),
(1297, 'Bhind', 'IND', 'Madhya Pradesh', 109755),
(1298, 'Gondiya', 'IND', 'Maharashtra', 109470),
(1299, 'Tiruvannamalai', 'IND', 'Tamil Nadu', 109196),
(1300, 'Yeotmal (Yavatmal)', 'IND', 'Maharashtra', 108578),
(1301, 'Kulti-Barakar', 'IND', 'West Bengali', 108518),
(1302, 'Moga', 'IND', 'Punjab', 108304),
(1303, 'Shivapuri', 'IND', 'Madhya Pradesh', 108277),
(1304, 'Bidar', 'IND', 'Karnataka', 108016),
(1305, 'Guntakal', 'IND', 'Andhra Pradesh', 107592),
(1306, 'Unnao', 'IND', 'Uttar Pradesh', 107425),
(1307, 'Barasat', 'IND', 'West Bengali', 107365),
(1308, 'Tambaram', 'IND', 'Tamil Nadu', 107187),
(1309, 'Abohar', 'IND', 'Punjab', 107163),
(1310, 'Pilibhit', 'IND', 'Uttar Pradesh', 106605),
(1311, 'Valparai', 'IND', 'Tamil Nadu', 106523),
(1312, 'Gonda', 'IND', 'Uttar Pradesh', 106078),
(1313, 'Surendranagar', 'IND', 'Gujarat', 105973),
(1314, 'Qutubullapur', 'IND', 'Andhra Pradesh', 105380),
(1315, 'Beawar', 'IND', 'Rajasthan', 105363),
(1316, 'Hindupur', 'IND', 'Andhra Pradesh', 104651),
(1317, 'Gandhidham', 'IND', 'Gujarat', 104585),
(1318, 'Haldwani-cum-Kathgodam', 'IND', 'Uttaranchal', 104195),
(1319, 'Tellicherry (Thalassery)', 'IND', 'Kerala', 103579),
(1320, 'Wardha', 'IND', 'Maharashtra', 102985),
(1321, 'Rishra', 'IND', 'West Bengali', 102649),
(1322, 'Bhuj', 'IND', 'Gujarat', 102176),
(1323, 'Modinagar', 'IND', 'Uttar Pradesh', 101660),
(1324, 'Gudivada', 'IND', 'Andhra Pradesh', 101656),
(1325, 'Basirhat', 'IND', 'West Bengali', 101409),
(1326, 'Uttarpara-Kotrung', 'IND', 'West Bengali', 100867),
(1327, 'Ongole', 'IND', 'Andhra Pradesh', 100836),
(1328, 'North Barrackpur', 'IND', 'West Bengali', 100513),
(1329, 'Guna', 'IND', 'Madhya Pradesh', 100490),
(1330, 'Haldia', 'IND', 'West Bengali', 100347),
(1331, 'Habra', 'IND', 'West Bengali', 100223),
(1332, 'Kanchrapara', 'IND', 'West Bengali', 100194),
(1333, 'Tonk', 'IND', 'Rajasthan', 100079),
(1334, 'Champdani', 'IND', 'West Bengali', 98818),
(1335, 'Orai', 'IND', 'Uttar Pradesh', 98640),
(1336, 'Pudukkottai', 'IND', 'Tamil Nadu', 98619),
(1337, 'Sasaram', 'IND', 'Bihar', 98220),
(1338, 'Hazaribag', 'IND', 'Jharkhand', 97712),
(1339, 'Palayankottai', 'IND', 'Tamil Nadu', 97662),
(1340, 'Banda', 'IND', 'Uttar Pradesh', 97227),
(1341, 'Godhra', 'IND', 'Gujarat', 96813),
(1342, 'Hospet', 'IND', 'Karnataka', 96322),
(1343, 'Ashoknagar-Kalyangarh', 'IND', 'West Bengali', 96315),
(1344, 'Achalpur', 'IND', 'Maharashtra', 96216),
(1345, 'Patan', 'IND', 'Gujarat', 96109),
(1346, 'Mandasor', 'IND', 'Madhya Pradesh', 95758),
(1347, 'Damoh', 'IND', 'Madhya Pradesh', 95661),
(1348, 'Satara', 'IND', 'Maharashtra', 95133),
(1349, 'Meerut Cantonment', 'IND', 'Uttar Pradesh', 94876),
(1350, 'Dehri', 'IND', 'Bihar', 94526),
(1351, 'Delhi Cantonment', 'IND', 'Delhi', 94326),
(1352, 'Chhindwara', 'IND', 'Madhya Pradesh', 93731),
(1353, 'Bansberia', 'IND', 'West Bengali', 93447),
(1354, 'Nagaon', 'IND', 'Assam', 93350),
(1355, 'Kanpur Cantonment', 'IND', 'Uttar Pradesh', 93109),
(1356, 'Vidisha', 'IND', 'Madhya Pradesh', 92917),
(1357, 'Bettiah', 'IND', 'Bihar', 92583),
(1358, 'Purulia', 'IND', 'Jharkhand', 92574),
(1359, 'Hassan', 'IND', 'Karnataka', 90803),
(1360, 'Ambala Sadar', 'IND', 'Haryana', 90712),
(1361, 'Baidyabati', 'IND', 'West Bengali', 90601),
(1362, 'Morvi', 'IND', 'Gujarat', 90357),
(1363, 'Raigarh', 'IND', 'Chhatisgarh', 89166),
(1364, 'Vejalpur', 'IND', 'Gujarat', 89053),
(1365, 'Baghdad', 'IRQ', 'Baghdad', 4336000),
(1366, 'Mosul', 'IRQ', 'Ninawa', 879000),
(1367, 'Irbil', 'IRQ', 'Irbil', 485968),
(1368, 'Kirkuk', 'IRQ', 'al-Tamim', 418624),
(1369, 'Basra', 'IRQ', 'Basra', 406296),
(1370, 'al-Sulaymaniya', 'IRQ', 'al-Sulaymaniya', 364096),
(1371, 'al-Najaf', 'IRQ', 'al-Najaf', 309010),
(1372, 'Karbala', 'IRQ', 'Karbala', 296705),
(1373, 'al-Hilla', 'IRQ', 'Babil', 268834),
(1374, 'al-Nasiriya', 'IRQ', 'DhiQar', 265937),
(1375, 'al-Amara', 'IRQ', 'Maysan', 208797),
(1376, 'al-Diwaniya', 'IRQ', 'al-Qadisiya', 196519),
(1377, 'al-Ramadi', 'IRQ', 'al-Anbar', 192556),
(1378, 'al-Kut', 'IRQ', 'Wasit', 183183),
(1379, 'Baquba', 'IRQ', 'Diyala', 114516),
(1380, 'Teheran', 'IRN', 'Teheran', 6758845),
(1381, 'Mashhad', 'IRN', 'Khorasan', 1887405),
(1382, 'Esfahan', 'IRN', 'Esfahan', 1266072),
(1383, 'Tabriz', 'IRN', 'East Azerbaidzan', 1191043),
(1384, 'Shiraz', 'IRN', 'Fars', 1053025),
(1385, 'Karaj', 'IRN', 'Teheran', 940968),
(1386, 'Ahvaz', 'IRN', 'Khuzestan', 804980),
(1387, 'Qom', 'IRN', 'Qom', 777677),
(1388, 'Kermanshah', 'IRN', 'Kermanshah', 692986),
(1389, 'Urmia', 'IRN', 'West Azerbaidzan', 435200),
(1390, 'Zahedan', 'IRN', 'Sistan va Baluchesta', 419518),
(1391, 'Rasht', 'IRN', 'Gilan', 417748),
(1392, 'Hamadan', 'IRN', 'Hamadan', 401281),
(1393, 'Kerman', 'IRN', 'Kerman', 384991),
(1394, 'Arak', 'IRN', 'Markazi', 380755),
(1395, 'Ardebil', 'IRN', 'Ardebil', 340386),
(1396, 'Yazd', 'IRN', 'Yazd', 326776),
(1397, 'Qazvin', 'IRN', 'Qazvin', 291117),
(1398, 'Zanjan', 'IRN', 'Zanjan', 286295),
(1399, 'Sanandaj', 'IRN', 'Kordestan', 277808),
(1400, 'Bandar-e-Abbas', 'IRN', 'Hormozgan', 273578),
(1401, 'Khorramabad', 'IRN', 'Lorestan', 272815),
(1402, 'Eslamshahr', 'IRN', 'Teheran', 265450),
(1403, 'Borujerd', 'IRN', 'Lorestan', 217804),
(1404, 'Abadan', 'IRN', 'Khuzestan', 206073),
(1405, 'Dezful', 'IRN', 'Khuzestan', 202639),
(1406, 'Kashan', 'IRN', 'Esfahan', 201372),
(1407, 'Sari', 'IRN', 'Mazandaran', 195882),
(1408, 'Gorgan', 'IRN', 'Golestan', 188710),
(1409, 'Najafabad', 'IRN', 'Esfahan', 178498),
(1410, 'Sabzevar', 'IRN', 'Khorasan', 170738),
(1411, 'Khomeynishahr', 'IRN', 'Esfahan', 165888),
(1412, 'Amol', 'IRN', 'Mazandaran', 159092),
(1413, 'Neyshabur', 'IRN', 'Khorasan', 158847),
(1414, 'Babol', 'IRN', 'Mazandaran', 158346),
(1415, 'Khoy', 'IRN', 'West Azerbaidzan', 148944),
(1416, 'Malayer', 'IRN', 'Hamadan', 144373),
(1417, 'Bushehr', 'IRN', 'Bushehr', 143641),
(1418, 'Qaemshahr', 'IRN', 'Mazandaran', 143286),
(1419, 'Qarchak', 'IRN', 'Teheran', 142690),
(1420, 'Qods', 'IRN', 'Teheran', 138278),
(1421, 'Sirjan', 'IRN', 'Kerman', 135024),
(1422, 'Bojnurd', 'IRN', 'Khorasan', 134835),
(1423, 'Maragheh', 'IRN', 'East Azerbaidzan', 132318),
(1424, 'Birjand', 'IRN', 'Khorasan', 127608),
(1425, 'Ilam', 'IRN', 'Ilam', 126346),
(1426, 'Bukan', 'IRN', 'West Azerbaidzan', 120020),
(1427, 'Masjed-e-Soleyman', 'IRN', 'Khuzestan', 116883),
(1428, 'Saqqez', 'IRN', 'Kordestan', 115394),
(1429, 'Gonbad-e Qabus', 'IRN', 'Mazandaran', 111253),
(1430, 'Saveh', 'IRN', 'Qom', 111245),
(1431, 'Mahabad', 'IRN', 'West Azerbaidzan', 107799),
(1432, 'Varamin', 'IRN', 'Teheran', 107233),
(1433, 'Andimeshk', 'IRN', 'Khuzestan', 106923),
(1434, 'Khorramshahr', 'IRN', 'Khuzestan', 105636),
(1435, 'Shahrud', 'IRN', 'Semnan', 104765),
(1436, 'Marv Dasht', 'IRN', 'Fars', 103579),
(1437, 'Zabol', 'IRN', 'Sistan va Baluchesta', 100887),
(1438, 'Shahr-e Kord', 'IRN', 'Chaharmahal va Bakht', 100477),
(1439, 'Bandar-e Anzali', 'IRN', 'Gilan', 98500),
(1440, 'Rafsanjan', 'IRN', 'Kerman', 98300),
(1441, 'Marand', 'IRN', 'East Azerbaidzan', 96400),
(1442, 'Torbat-e Heydariyeh', 'IRN', 'Khorasan', 94600),
(1443, 'Jahrom', 'IRN', 'Fars', 94200),
(1444, 'Semnan', 'IRN', 'Semnan', 91045),
(1445, 'Miandoab', 'IRN', 'West Azerbaidzan', 90100),
(1446, 'Qomsheh', 'IRN', 'Esfahan', 89800),
(1447, 'Dublin', 'IRL', 'Leinster', 481854),
(1448, 'Cork', 'IRL', 'Munster', 127187),
(1449, 'Reykjavík', 'ISL', 'Höfuðborgarsvæði', 109184),
(1450, 'Jerusalem', 'ISR', 'Jerusalem', 633700),
(1451, 'Tel Aviv-Jaffa', 'ISR', 'Tel Aviv', 348100),
(1452, 'Haifa', 'ISR', 'Haifa', 265700),
(1453, 'Rishon Le Ziyyon', 'ISR', 'Ha Merkaz', 188200),
(1454, 'Beerseba', 'ISR', 'Ha Darom', 163700),
(1455, 'Holon', 'ISR', 'Tel Aviv', 163100),
(1456, 'Petah Tiqwa', 'ISR', 'Ha Merkaz', 159400),
(1457, 'Ashdod', 'ISR', 'Ha Darom', 155800),
(1458, 'Netanya', 'ISR', 'Ha Merkaz', 154900),
(1459, 'Bat Yam', 'ISR', 'Tel Aviv', 137000),
(1460, 'Bene Beraq', 'ISR', 'Tel Aviv', 133900),
(1461, 'Ramat Gan', 'ISR', 'Tel Aviv', 126900),
(1462, 'Ashqelon', 'ISR', 'Ha Darom', 92300),
(1463, 'Rehovot', 'ISR', 'Ha Merkaz', 90300),
(1464, 'Roma', 'ITA', 'Latium', 2643581),
(1465, 'Milano', 'ITA', 'Lombardia', 1300977),
(1466, 'Napoli', 'ITA', 'Campania', 1002619),
(1467, 'Torino', 'ITA', 'Piemonte', 903705),
(1468, 'Palermo', 'ITA', 'Sisilia', 683794),
(1469, 'Genova', 'ITA', 'Liguria', 636104),
(1470, 'Bologna', 'ITA', 'Emilia-Romagna', 381161),
(1471, 'Firenze', 'ITA', 'Toscana', 376662),
(1472, 'Catania', 'ITA', 'Sisilia', 337862),
(1473, 'Bari', 'ITA', 'Apulia', 331848),
(1474, 'Venezia', 'ITA', 'Veneto', 277305),
(1475, 'Messina', 'ITA', 'Sisilia', 259156),
(1476, 'Verona', 'ITA', 'Veneto', 255268),
(1477, 'Trieste', 'ITA', 'Friuli-Venezia Giuli', 216459),
(1478, 'Padova', 'ITA', 'Veneto', 211391),
(1479, 'Taranto', 'ITA', 'Apulia', 208214),
(1480, 'Brescia', 'ITA', 'Lombardia', 191317),
(1481, 'Reggio di Calabria', 'ITA', 'Calabria', 179617),
(1482, 'Modena', 'ITA', 'Emilia-Romagna', 176022),
(1483, 'Prato', 'ITA', 'Toscana', 172473),
(1484, 'Parma', 'ITA', 'Emilia-Romagna', 168717),
(1485, 'Cagliari', 'ITA', 'Sardinia', 165926),
(1486, 'Livorno', 'ITA', 'Toscana', 161673),
(1487, 'Perugia', 'ITA', 'Umbria', 156673),
(1488, 'Foggia', 'ITA', 'Apulia', 154891),
(1489, 'Reggio nell´ Emilia', 'ITA', 'Emilia-Romagna', 143664),
(1490, 'Salerno', 'ITA', 'Campania', 142055),
(1491, 'Ravenna', 'ITA', 'Emilia-Romagna', 138418),
(1492, 'Ferrara', 'ITA', 'Emilia-Romagna', 132127),
(1493, 'Rimini', 'ITA', 'Emilia-Romagna', 131062),
(1494, 'Syrakusa', 'ITA', 'Sisilia', 126282),
(1495, 'Sassari', 'ITA', 'Sardinia', 120803),
(1496, 'Monza', 'ITA', 'Lombardia', 119516),
(1497, 'Bergamo', 'ITA', 'Lombardia', 117837),
(1498, 'Pescara', 'ITA', 'Abruzzit', 115698),
(1499, 'Latina', 'ITA', 'Latium', 114099),
(1500, 'Vicenza', 'ITA', 'Veneto', 109738),
(1501, 'Terni', 'ITA', 'Umbria', 107770),
(1502, 'Forlì', 'ITA', 'Emilia-Romagna', 107475),
(1503, 'Trento', 'ITA', 'Trentino-Alto Adige', 104906),
(1504, 'Novara', 'ITA', 'Piemonte', 102037),
(1505, 'Piacenza', 'ITA', 'Emilia-Romagna', 98384),
(1506, 'Ancona', 'ITA', 'Marche', 98329),
(1507, 'Lecce', 'ITA', 'Apulia', 98208),
(1508, 'Bolzano', 'ITA', 'Trentino-Alto Adige', 97232),
(1509, 'Catanzaro', 'ITA', 'Calabria', 96700),
(1510, 'La Spezia', 'ITA', 'Liguria', 95504),
(1511, 'Udine', 'ITA', 'Friuli-Venezia Giuli', 94932),
(1512, 'Torre del Greco', 'ITA', 'Campania', 94505),
(1513, 'Andria', 'ITA', 'Apulia', 94443),
(1514, 'Brindisi', 'ITA', 'Apulia', 93454),
(1515, 'Giugliano in Campania', 'ITA', 'Campania', 93286),
(1516, 'Pisa', 'ITA', 'Toscana', 92379),
(1517, 'Barletta', 'ITA', 'Apulia', 91904),
(1518, 'Arezzo', 'ITA', 'Toscana', 91729),
(1519, 'Alessandria', 'ITA', 'Piemonte', 90289),
(1520, 'Cesena', 'ITA', 'Emilia-Romagna', 89852),
(1521, 'Pesaro', 'ITA', 'Marche', 88987),
(1522, 'Dili', 'TMP', 'Dili', 47900),
(1523, 'Wien', 'AUT', 'Wien', 1608144),
(1524, 'Graz', 'AUT', 'Steiermark', 240967),
(1525, 'Linz', 'AUT', 'North Austria', 188022),
(1526, 'Salzburg', 'AUT', 'Salzburg', 144247),
(1527, 'Innsbruck', 'AUT', 'Tiroli', 111752),
(1528, 'Klagenfurt', 'AUT', 'Kärnten', 91141),
(1529, 'Spanish Town', 'JAM', 'St. Catherine', 110379),
(1530, 'Kingston', 'JAM', 'St. Andrew', 103962),
(1531, 'Portmore', 'JAM', 'St. Andrew', 99799),
(1532, 'Tokyo', 'JPN', 'Tokyo-to', 7980230),
(1533, 'Jokohama [Yokohama]', 'JPN', 'Kanagawa', 3339594),
(1534, 'Osaka', 'JPN', 'Osaka', 2595674),
(1535, 'Nagoya', 'JPN', 'Aichi', 2154376),
(1536, 'Sapporo', 'JPN', 'Hokkaido', 1790886),
(1537, 'Kioto', 'JPN', 'Kyoto', 1461974),
(1538, 'Kobe', 'JPN', 'Hyogo', 1425139),
(1539, 'Fukuoka', 'JPN', 'Fukuoka', 1308379),
(1540, 'Kawasaki', 'JPN', 'Kanagawa', 1217359),
(1541, 'Hiroshima', 'JPN', 'Hiroshima', 1119117),
(1542, 'Kitakyushu', 'JPN', 'Fukuoka', 1016264),
(1543, 'Sendai', 'JPN', 'Miyagi', 989975),
(1544, 'Chiba', 'JPN', 'Chiba', 863930),
(1545, 'Sakai', 'JPN', 'Osaka', 797735),
(1546, 'Kumamoto', 'JPN', 'Kumamoto', 656734),
(1547, 'Okayama', 'JPN', 'Okayama', 624269),
(1548, 'Sagamihara', 'JPN', 'Kanagawa', 586300),
(1549, 'Hamamatsu', 'JPN', 'Shizuoka', 568796),
(1550, 'Kagoshima', 'JPN', 'Kagoshima', 549977),
(1551, 'Funabashi', 'JPN', 'Chiba', 545299),
(1552, 'Higashiosaka', 'JPN', 'Osaka', 517785),
(1553, 'Hachioji', 'JPN', 'Tokyo-to', 513451),
(1554, 'Niigata', 'JPN', 'Niigata', 497464),
(1555, 'Amagasaki', 'JPN', 'Hyogo', 481434),
(1556, 'Himeji', 'JPN', 'Hyogo', 475167),
(1557, 'Shizuoka', 'JPN', 'Shizuoka', 473854),
(1558, 'Urawa', 'JPN', 'Saitama', 469675),
(1559, 'Matsuyama', 'JPN', 'Ehime', 466133),
(1560, 'Matsudo', 'JPN', 'Chiba', 461126),
(1561, 'Kanazawa', 'JPN', 'Ishikawa', 455386),
(1562, 'Kawaguchi', 'JPN', 'Saitama', 452155),
(1563, 'Ichikawa', 'JPN', 'Chiba', 441893),
(1564, 'Omiya', 'JPN', 'Saitama', 441649),
(1565, 'Utsunomiya', 'JPN', 'Tochigi', 440353),
(1566, 'Oita', 'JPN', 'Oita', 433401),
(1567, 'Nagasaki', 'JPN', 'Nagasaki', 432759),
(1568, 'Yokosuka', 'JPN', 'Kanagawa', 430200),
(1569, 'Kurashiki', 'JPN', 'Okayama', 425103),
(1570, 'Gifu', 'JPN', 'Gifu', 408007),
(1571, 'Hirakata', 'JPN', 'Osaka', 403151),
(1572, 'Nishinomiya', 'JPN', 'Hyogo', 397618),
(1573, 'Toyonaka', 'JPN', 'Osaka', 396689),
(1574, 'Wakayama', 'JPN', 'Wakayama', 391233),
(1575, 'Fukuyama', 'JPN', 'Hiroshima', 376921),
(1576, 'Fujisawa', 'JPN', 'Kanagawa', 372840),
(1577, 'Asahikawa', 'JPN', 'Hokkaido', 364813),
(1578, 'Machida', 'JPN', 'Tokyo-to', 364197),
(1579, 'Nara', 'JPN', 'Nara', 362812),
(1580, 'Takatsuki', 'JPN', 'Osaka', 361747),
(1581, 'Iwaki', 'JPN', 'Fukushima', 361737),
(1582, 'Nagano', 'JPN', 'Nagano', 361391),
(1583, 'Toyohashi', 'JPN', 'Aichi', 360066),
(1584, 'Toyota', 'JPN', 'Aichi', 346090),
(1585, 'Suita', 'JPN', 'Osaka', 345750),
(1586, 'Takamatsu', 'JPN', 'Kagawa', 332471),
(1587, 'Koriyama', 'JPN', 'Fukushima', 330335),
(1588, 'Okazaki', 'JPN', 'Aichi', 328711),
(1589, 'Kawagoe', 'JPN', 'Saitama', 327211),
(1590, 'Tokorozawa', 'JPN', 'Saitama', 325809),
(1591, 'Toyama', 'JPN', 'Toyama', 325790),
(1592, 'Kochi', 'JPN', 'Kochi', 324710),
(1593, 'Kashiwa', 'JPN', 'Chiba', 320296),
(1594, 'Akita', 'JPN', 'Akita', 314440),
(1595, 'Miyazaki', 'JPN', 'Miyazaki', 303784),
(1596, 'Koshigaya', 'JPN', 'Saitama', 301446),
(1597, 'Naha', 'JPN', 'Okinawa', 299851),
(1598, 'Aomori', 'JPN', 'Aomori', 295969),
(1599, 'Hakodate', 'JPN', 'Hokkaido', 294788),
(1600, 'Akashi', 'JPN', 'Hyogo', 292253),
(1601, 'Yokkaichi', 'JPN', 'Mie', 288173),
(1602, 'Fukushima', 'JPN', 'Fukushima', 287525),
(1603, 'Morioka', 'JPN', 'Iwate', 287353),
(1604, 'Maebashi', 'JPN', 'Gumma', 284473),
(1605, 'Kasugai', 'JPN', 'Aichi', 282348),
(1606, 'Otsu', 'JPN', 'Shiga', 282070),
(1607, 'Ichihara', 'JPN', 'Chiba', 279280),
(1608, 'Yao', 'JPN', 'Osaka', 276421),
(1609, 'Ichinomiya', 'JPN', 'Aichi', 270828),
(1610, 'Tokushima', 'JPN', 'Tokushima', 269649),
(1611, 'Kakogawa', 'JPN', 'Hyogo', 266281),
(1612, 'Ibaraki', 'JPN', 'Osaka', 261020),
(1613, 'Neyagawa', 'JPN', 'Osaka', 257315),
(1614, 'Shimonoseki', 'JPN', 'Yamaguchi', 257263),
(1615, 'Yamagata', 'JPN', 'Yamagata', 255617),
(1616, 'Fukui', 'JPN', 'Fukui', 254818),
(1617, 'Hiratsuka', 'JPN', 'Kanagawa', 254207),
(1618, 'Mito', 'JPN', 'Ibaragi', 246559),
(1619, 'Sasebo', 'JPN', 'Nagasaki', 244240),
(1620, 'Hachinohe', 'JPN', 'Aomori', 242979),
(1621, 'Takasaki', 'JPN', 'Gumma', 239124),
(1622, 'Shimizu', 'JPN', 'Shizuoka', 239123),
(1623, 'Kurume', 'JPN', 'Fukuoka', 235611),
(1624, 'Fuji', 'JPN', 'Shizuoka', 231527),
(1625, 'Soka', 'JPN', 'Saitama', 222768),
(1626, 'Fuchu', 'JPN', 'Tokyo-to', 220576),
(1627, 'Chigasaki', 'JPN', 'Kanagawa', 216015),
(1628, 'Atsugi', 'JPN', 'Kanagawa', 212407),
(1629, 'Numazu', 'JPN', 'Shizuoka', 211382),
(1630, 'Ageo', 'JPN', 'Saitama', 209442),
(1631, 'Yamato', 'JPN', 'Kanagawa', 208234),
(1632, 'Matsumoto', 'JPN', 'Nagano', 206801),
(1633, 'Kure', 'JPN', 'Hiroshima', 206504),
(1634, 'Takarazuka', 'JPN', 'Hyogo', 205993),
(1635, 'Kasukabe', 'JPN', 'Saitama', 201838),
(1636, 'Chofu', 'JPN', 'Tokyo-to', 201585),
(1637, 'Odawara', 'JPN', 'Kanagawa', 200171),
(1638, 'Kofu', 'JPN', 'Yamanashi', 199753),
(1639, 'Kushiro', 'JPN', 'Hokkaido', 197608),
(1640, 'Kishiwada', 'JPN', 'Osaka', 197276),
(1641, 'Hitachi', 'JPN', 'Ibaragi', 196622),
(1642, 'Nagaoka', 'JPN', 'Niigata', 192407),
(1643, 'Itami', 'JPN', 'Hyogo', 190886),
(1644, 'Uji', 'JPN', 'Kyoto', 188735),
(1645, 'Suzuka', 'JPN', 'Mie', 184061),
(1646, 'Hirosaki', 'JPN', 'Aomori', 177522),
(1647, 'Ube', 'JPN', 'Yamaguchi', 175206),
(1648, 'Kodaira', 'JPN', 'Tokyo-to', 174984),
(1649, 'Takaoka', 'JPN', 'Toyama', 174380),
(1650, 'Obihiro', 'JPN', 'Hokkaido', 173685),
(1651, 'Tomakomai', 'JPN', 'Hokkaido', 171958),
(1652, 'Saga', 'JPN', 'Saga', 170034),
(1653, 'Sakura', 'JPN', 'Chiba', 168072),
(1654, 'Kamakura', 'JPN', 'Kanagawa', 167661),
(1655, 'Mitaka', 'JPN', 'Tokyo-to', 167268),
(1656, 'Izumi', 'JPN', 'Osaka', 166979),
(1657, 'Hino', 'JPN', 'Tokyo-to', 166770),
(1658, 'Hadano', 'JPN', 'Kanagawa', 166512),
(1659, 'Ashikaga', 'JPN', 'Tochigi', 165243),
(1660, 'Tsu', 'JPN', 'Mie', 164543),
(1661, 'Sayama', 'JPN', 'Saitama', 162472),
(1662, 'Yachiyo', 'JPN', 'Chiba', 161222),
(1663, 'Tsukuba', 'JPN', 'Ibaragi', 160768),
(1664, 'Tachikawa', 'JPN', 'Tokyo-to', 159430),
(1665, 'Kumagaya', 'JPN', 'Saitama', 157171),
(1666, 'Moriguchi', 'JPN', 'Osaka', 155941),
(1667, 'Otaru', 'JPN', 'Hokkaido', 155784),
(1668, 'Anjo', 'JPN', 'Aichi', 153823),
(1669, 'Narashino', 'JPN', 'Chiba', 152849),
(1670, 'Oyama', 'JPN', 'Tochigi', 152820),
(1671, 'Ogaki', 'JPN', 'Gifu', 151758),
(1672, 'Matsue', 'JPN', 'Shimane', 149821),
(1673, 'Kawanishi', 'JPN', 'Hyogo', 149794),
(1674, 'Hitachinaka', 'JPN', 'Tokyo-to', 148006),
(1675, 'Niiza', 'JPN', 'Saitama', 147744),
(1676, 'Nagareyama', 'JPN', 'Chiba', 147738),
(1677, 'Tottori', 'JPN', 'Tottori', 147523),
(1678, 'Tama', 'JPN', 'Ibaragi', 146712),
(1679, 'Iruma', 'JPN', 'Saitama', 145922),
(1680, 'Ota', 'JPN', 'Gumma', 145317),
(1681, 'Omuta', 'JPN', 'Fukuoka', 142889),
(1682, 'Komaki', 'JPN', 'Aichi', 139827),
(1683, 'Ome', 'JPN', 'Tokyo-to', 139216),
(1684, 'Kadoma', 'JPN', 'Osaka', 138953),
(1685, 'Yamaguchi', 'JPN', 'Yamaguchi', 138210),
(1686, 'Higashimurayama', 'JPN', 'Tokyo-to', 136970),
(1687, 'Yonago', 'JPN', 'Tottori', 136461),
(1688, 'Matsubara', 'JPN', 'Osaka', 135010),
(1689, 'Musashino', 'JPN', 'Tokyo-to', 134426),
(1690, 'Tsuchiura', 'JPN', 'Ibaragi', 134072),
(1691, 'Joetsu', 'JPN', 'Niigata', 133505),
(1692, 'Miyakonojo', 'JPN', 'Miyazaki', 133183),
(1693, 'Misato', 'JPN', 'Saitama', 132957),
(1694, 'Kakamigahara', 'JPN', 'Gifu', 131831),
(1695, 'Daito', 'JPN', 'Osaka', 130594),
(1696, 'Seto', 'JPN', 'Aichi', 130470),
(1697, 'Kariya', 'JPN', 'Aichi', 127969),
(1698, 'Urayasu', 'JPN', 'Chiba', 127550),
(1699, 'Beppu', 'JPN', 'Oita', 127486),
(1700, 'Niihama', 'JPN', 'Ehime', 127207),
(1701, 'Minoo', 'JPN', 'Osaka', 127026),
(1702, 'Fujieda', 'JPN', 'Shizuoka', 126897),
(1703, 'Abiko', 'JPN', 'Chiba', 126670),
(1704, 'Nobeoka', 'JPN', 'Miyazaki', 125547),
(1705, 'Tondabayashi', 'JPN', 'Osaka', 125094),
(1706, 'Ueda', 'JPN', 'Nagano', 124217),
(1707, 'Kashihara', 'JPN', 'Nara', 124013),
(1708, 'Matsusaka', 'JPN', 'Mie', 123582),
(1709, 'Isesaki', 'JPN', 'Gumma', 123285),
(1710, 'Zama', 'JPN', 'Kanagawa', 122046),
(1711, 'Kisarazu', 'JPN', 'Chiba', 121967),
(1712, 'Noda', 'JPN', 'Chiba', 121030),
(1713, 'Ishinomaki', 'JPN', 'Miyagi', 120963),
(1714, 'Fujinomiya', 'JPN', 'Shizuoka', 119714),
(1715, 'Kawachinagano', 'JPN', 'Osaka', 119666),
(1716, 'Imabari', 'JPN', 'Ehime', 119357),
(1717, 'Aizuwakamatsu', 'JPN', 'Fukushima', 119287),
(1718, 'Higashihiroshima', 'JPN', 'Hiroshima', 119166),
(1719, 'Habikino', 'JPN', 'Osaka', 118968),
(1720, 'Ebetsu', 'JPN', 'Hokkaido', 118805),
(1721, 'Hofu', 'JPN', 'Yamaguchi', 118751),
(1722, 'Kiryu', 'JPN', 'Gumma', 118326),
(1723, 'Okinawa', 'JPN', 'Okinawa', 117748),
(1724, 'Yaizu', 'JPN', 'Shizuoka', 117258),
(1725, 'Toyokawa', 'JPN', 'Aichi', 115781),
(1726, 'Ebina', 'JPN', 'Kanagawa', 115571),
(1727, 'Asaka', 'JPN', 'Saitama', 114815),
(1728, 'Higashikurume', 'JPN', 'Tokyo-to', 111666),
(1729, 'Ikoma', 'JPN', 'Nara', 111645),
(1730, 'Kitami', 'JPN', 'Hokkaido', 111295),
(1731, 'Koganei', 'JPN', 'Tokyo-to', 110969),
(1732, 'Iwatsuki', 'JPN', 'Saitama', 110034),
(1733, 'Mishima', 'JPN', 'Shizuoka', 109699),
(1734, 'Handa', 'JPN', 'Aichi', 108600),
(1735, 'Muroran', 'JPN', 'Hokkaido', 108275),
(1736, 'Komatsu', 'JPN', 'Ishikawa', 107937),
(1737, 'Yatsushiro', 'JPN', 'Kumamoto', 107661),
(1738, 'Iida', 'JPN', 'Nagano', 107583),
(1739, 'Tokuyama', 'JPN', 'Yamaguchi', 107078),
(1740, 'Kokubunji', 'JPN', 'Tokyo-to', 106996),
(1741, 'Akishima', 'JPN', 'Tokyo-to', 106914),
(1742, 'Iwakuni', 'JPN', 'Yamaguchi', 106647),
(1743, 'Kusatsu', 'JPN', 'Shiga', 106232),
(1744, 'Kuwana', 'JPN', 'Mie', 106121),
(1745, 'Sanda', 'JPN', 'Hyogo', 105643),
(1746, 'Hikone', 'JPN', 'Shiga', 105508),
(1747, 'Toda', 'JPN', 'Saitama', 103969),
(1748, 'Tajimi', 'JPN', 'Gifu', 103171),
(1749, 'Ikeda', 'JPN', 'Osaka', 102710),
(1750, 'Fukaya', 'JPN', 'Saitama', 102156),
(1751, 'Ise', 'JPN', 'Mie', 101732),
(1752, 'Sakata', 'JPN', 'Yamagata', 101651),
(1753, 'Kasuga', 'JPN', 'Fukuoka', 101344),
(1754, 'Kamagaya', 'JPN', 'Chiba', 100821),
(1755, 'Tsuruoka', 'JPN', 'Yamagata', 100713),
(1756, 'Hoya', 'JPN', 'Tokyo-to', 100313),
(1757, 'Nishio', 'JPN', 'Chiba', 100032),
(1758, 'Tokai', 'JPN', 'Aichi', 99738),
(1759, 'Inazawa', 'JPN', 'Aichi', 98746),
(1760, 'Sakado', 'JPN', 'Saitama', 98221),
(1761, 'Isehara', 'JPN', 'Kanagawa', 98123),
(1762, 'Takasago', 'JPN', 'Hyogo', 97632),
(1763, 'Fujimi', 'JPN', 'Saitama', 96972),
(1764, 'Urasoe', 'JPN', 'Okinawa', 96002),
(1765, 'Yonezawa', 'JPN', 'Yamagata', 95592),
(1766, 'Konan', 'JPN', 'Aichi', 95521),
(1767, 'Yamatokoriyama', 'JPN', 'Nara', 95165),
(1768, 'Maizuru', 'JPN', 'Kyoto', 94784),
(1769, 'Onomichi', 'JPN', 'Hiroshima', 93756),
(1770, 'Higashimatsuyama', 'JPN', 'Saitama', 93342),
(1771, 'Kimitsu', 'JPN', 'Chiba', 93216),
(1772, 'Isahaya', 'JPN', 'Nagasaki', 93058),
(1773, 'Kanuma', 'JPN', 'Tochigi', 93053),
(1774, 'Izumisano', 'JPN', 'Osaka', 92583),
(1775, 'Kameoka', 'JPN', 'Kyoto', 92398),
(1776, 'Mobara', 'JPN', 'Chiba', 91664),
(1777, 'Narita', 'JPN', 'Chiba', 91470),
(1778, 'Kashiwazaki', 'JPN', 'Niigata', 91229),
(1779, 'Tsuyama', 'JPN', 'Okayama', 91170),
(1780, 'Sanaa', 'YEM', 'Sanaa', 503600),
(1781, 'Aden', 'YEM', 'Aden', 398300),
(1782, 'Taizz', 'YEM', 'Taizz', 317600),
(1783, 'Hodeida', 'YEM', 'Hodeida', 298500),
(1784, 'al-Mukalla', 'YEM', 'Hadramawt', 122400),
(1785, 'Ibb', 'YEM', 'Ibb', 103300),
(1786, 'Amman', 'JOR', 'Amman', 1000000),
(1787, 'al-Zarqa', 'JOR', 'al-Zarqa', 389815),
(1788, 'Irbid', 'JOR', 'Irbid', 231511),
(1789, 'al-Rusayfa', 'JOR', 'al-Zarqa', 137247),
(1790, 'Wadi al-Sir', 'JOR', 'Amman', 89104),
(1791, 'Flying Fish Cove', 'CXR', '–', 700),
(1792, 'Beograd', 'YUG', 'Central Serbia', 1204000),
(1793, 'Novi Sad', 'YUG', 'Vojvodina', 179626),
(1794, 'Niš', 'YUG', 'Central Serbia', 175391),
(1795, 'Priština', 'YUG', 'Kosovo and Metohija', 155496),
(1796, 'Kragujevac', 'YUG', 'Central Serbia', 147305),
(1797, 'Podgorica', 'YUG', 'Montenegro', 135000),
(1798, 'Subotica', 'YUG', 'Vojvodina', 100386),
(1799, 'Prizren', 'YUG', 'Kosovo and Metohija', 92303),
(1800, 'Phnom Penh', 'KHM', 'Phnom Penh', 570155),
(1801, 'Battambang', 'KHM', 'Battambang', 129800),
(1802, 'Siem Reap', 'KHM', 'Siem Reap', 105100),
(1803, 'Douala', 'CMR', 'Littoral', 1448300),
(1804, 'Yaoundé', 'CMR', 'Centre', 1372800),
(1805, 'Garoua', 'CMR', 'Nord', 177000),
(1806, 'Maroua', 'CMR', 'Extrême-Nord', 143000),
(1807, 'Bamenda', 'CMR', 'Nord-Ouest', 138000),
(1808, 'Bafoussam', 'CMR', 'Ouest', 131000),
(1809, 'Nkongsamba', 'CMR', 'Littoral', 112454),
(1810, 'Montréal', 'CAN', 'Québec', 1016376),
(1811, 'Calgary', 'CAN', 'Alberta', 768082),
(1812, 'Toronto', 'CAN', 'Ontario', 688275),
(1813, 'North York', 'CAN', 'Ontario', 622632),
(1814, 'Winnipeg', 'CAN', 'Manitoba', 618477),
(1815, 'Edmonton', 'CAN', 'Alberta', 616306),
(1816, 'Mississauga', 'CAN', 'Ontario', 608072),
(1817, 'Scarborough', 'CAN', 'Ontario', 594501),
(1818, 'Vancouver', 'CAN', 'British Colombia', 514008),
(1819, 'Etobicoke', 'CAN', 'Ontario', 348845),
(1820, 'London', 'CAN', 'Ontario', 339917),
(1821, 'Hamilton', 'CAN', 'Ontario', 335614),
(1822, 'Ottawa', 'CAN', 'Ontario', 335277),
(1823, 'Laval', 'CAN', 'Québec', 330393),
(1824, 'Surrey', 'CAN', 'British Colombia', 304477),
(1825, 'Brampton', 'CAN', 'Ontario', 296711),
(1826, 'Windsor', 'CAN', 'Ontario', 207588),
(1827, 'Saskatoon', 'CAN', 'Saskatchewan', 193647),
(1828, 'Kitchener', 'CAN', 'Ontario', 189959),
(1829, 'Markham', 'CAN', 'Ontario', 189098),
(1830, 'Regina', 'CAN', 'Saskatchewan', 180400),
(1831, 'Burnaby', 'CAN', 'British Colombia', 179209),
(1832, 'Québec', 'CAN', 'Québec', 167264),
(1833, 'York', 'CAN', 'Ontario', 154980),
(1834, 'Richmond', 'CAN', 'British Colombia', 148867),
(1835, 'Vaughan', 'CAN', 'Ontario', 147889),
(1836, 'Burlington', 'CAN', 'Ontario', 145150),
(1837, 'Oshawa', 'CAN', 'Ontario', 140173),
(1838, 'Oakville', 'CAN', 'Ontario', 139192),
(1839, 'Saint Catharines', 'CAN', 'Ontario', 136216),
(1840, 'Longueuil', 'CAN', 'Québec', 127977),
(1841, 'Richmond Hill', 'CAN', 'Ontario', 116428),
(1842, 'Thunder Bay', 'CAN', 'Ontario', 115913),
(1843, 'Nepean', 'CAN', 'Ontario', 115100),
(1844, 'Cape Breton', 'CAN', 'Nova Scotia', 114733),
(1845, 'East York', 'CAN', 'Ontario', 114034),
(1846, 'Halifax', 'CAN', 'Nova Scotia', 113910),
(1847, 'Cambridge', 'CAN', 'Ontario', 109186),
(1848, 'Gloucester', 'CAN', 'Ontario', 107314),
(1849, 'Abbotsford', 'CAN', 'British Colombia', 105403),
(1850, 'Guelph', 'CAN', 'Ontario', 103593),
(1851, 'Saint John´s', 'CAN', 'Newfoundland', 101936),
(1852, 'Coquitlam', 'CAN', 'British Colombia', 101820),
(1853, 'Saanich', 'CAN', 'British Colombia', 101388),
(1854, 'Gatineau', 'CAN', 'Québec', 100702),
(1855, 'Delta', 'CAN', 'British Colombia', 95411),
(1856, 'Sudbury', 'CAN', 'Ontario', 92686),
(1857, 'Kelowna', 'CAN', 'British Colombia', 89442),
(1858, 'Barrie', 'CAN', 'Ontario', 89269),
(1859, 'Praia', 'CPV', 'São Tiago', 94800),
(1860, 'Almaty', 'KAZ', 'Almaty Qalasy', 1129400),
(1861, 'Qaraghandy', 'KAZ', 'Qaraghandy', 436900),
(1862, 'Shymkent', 'KAZ', 'South Kazakstan', 360100),
(1863, 'Taraz', 'KAZ', 'Taraz', 330100),
(1864, 'Astana', 'KAZ', 'Astana', 311200),
(1865, 'Öskemen', 'KAZ', 'East Kazakstan', 311000),
(1866, 'Pavlodar', 'KAZ', 'Pavlodar', 300500),
(1867, 'Semey', 'KAZ', 'East Kazakstan', 269600),
(1868, 'Aqtöbe', 'KAZ', 'Aqtöbe', 253100),
(1869, 'Qostanay', 'KAZ', 'Qostanay', 221400),
(1870, 'Petropavl', 'KAZ', 'North Kazakstan', 203500),
(1871, 'Oral', 'KAZ', 'West Kazakstan', 195500),
(1872, 'Temirtau', 'KAZ', 'Qaraghandy', 170500),
(1873, 'Qyzylorda', 'KAZ', 'Qyzylorda', 157400),
(1874, 'Aqtau', 'KAZ', 'Mangghystau', 143400),
(1875, 'Atyrau', 'KAZ', 'Atyrau', 142500),
(1876, 'Ekibastuz', 'KAZ', 'Pavlodar', 127200),
(1877, 'Kökshetau', 'KAZ', 'North Kazakstan', 123400),
(1878, 'Rudnyy', 'KAZ', 'Qostanay', 109500),
(1879, 'Taldyqorghan', 'KAZ', 'Almaty', 98000),
(1880, 'Zhezqazghan', 'KAZ', 'Qaraghandy', 90000),
(1881, 'Nairobi', 'KEN', 'Nairobi', 2290000),
(1882, 'Mombasa', 'KEN', 'Coast', 461753),
(1883, 'Kisumu', 'KEN', 'Nyanza', 192733),
(1884, 'Nakuru', 'KEN', 'Rift Valley', 163927),
(1885, 'Machakos', 'KEN', 'Eastern', 116293),
(1886, 'Eldoret', 'KEN', 'Rift Valley', 111882),
(1887, 'Meru', 'KEN', 'Eastern', 94947),
(1888, 'Nyeri', 'KEN', 'Central', 91258),
(1889, 'Bangui', 'CAF', 'Bangui', 524000),
(1890, 'Shanghai', 'CHN', 'Shanghai', 9696300),
(1891, 'Peking', 'CHN', 'Peking', 7472000),
(1892, 'Chongqing', 'CHN', 'Chongqing', 6351600),
(1893, 'Tianjin', 'CHN', 'Tianjin', 5286800),
(1894, 'Wuhan', 'CHN', 'Hubei', 4344600),
(1895, 'Harbin', 'CHN', 'Heilongjiang', 4289800),
(1896, 'Shenyang', 'CHN', 'Liaoning', 4265200),
(1897, 'Kanton [Guangzhou]', 'CHN', 'Guangdong', 4256300),
(1898, 'Chengdu', 'CHN', 'Sichuan', 3361500),
(1899, 'Nanking [Nanjing]', 'CHN', 'Jiangsu', 2870300),
(1900, 'Changchun', 'CHN', 'Jilin', 2812000),
(1901, 'Xi´an', 'CHN', 'Shaanxi', 2761400),
(1902, 'Dalian', 'CHN', 'Liaoning', 2697000),
(1903, 'Qingdao', 'CHN', 'Shandong', 2596000),
(1904, 'Jinan', 'CHN', 'Shandong', 2278100),
(1905, 'Hangzhou', 'CHN', 'Zhejiang', 2190500),
(1906, 'Zhengzhou', 'CHN', 'Henan', 2107200),
(1907, 'Shijiazhuang', 'CHN', 'Hebei', 2041500),
(1908, 'Taiyuan', 'CHN', 'Shanxi', 1968400),
(1909, 'Kunming', 'CHN', 'Yunnan', 1829500),
(1910, 'Changsha', 'CHN', 'Hunan', 1809800),
(1911, 'Nanchang', 'CHN', 'Jiangxi', 1691600),
(1912, 'Fuzhou', 'CHN', 'Fujian', 1593800),
(1913, 'Lanzhou', 'CHN', 'Gansu', 1565800),
(1914, 'Guiyang', 'CHN', 'Guizhou', 1465200),
(1915, 'Ningbo', 'CHN', 'Zhejiang', 1371200),
(1916, 'Hefei', 'CHN', 'Anhui', 1369100),
(1917, 'Urumtši [Ürümqi]', 'CHN', 'Xinxiang', 1310100),
(1918, 'Anshan', 'CHN', 'Liaoning', 1200000),
(1919, 'Fushun', 'CHN', 'Liaoning', 1200000),
(1920, 'Nanning', 'CHN', 'Guangxi', 1161800),
(1921, 'Zibo', 'CHN', 'Shandong', 1140000),
(1922, 'Qiqihar', 'CHN', 'Heilongjiang', 1070000),
(1923, 'Jilin', 'CHN', 'Jilin', 1040000),
(1924, 'Tangshan', 'CHN', 'Hebei', 1040000),
(1925, 'Baotou', 'CHN', 'Inner Mongolia', 980000),
(1926, 'Shenzhen', 'CHN', 'Guangdong', 950500),
(1927, 'Hohhot', 'CHN', 'Inner Mongolia', 916700),
(1928, 'Handan', 'CHN', 'Hebei', 840000),
(1929, 'Wuxi', 'CHN', 'Jiangsu', 830000),
(1930, 'Xuzhou', 'CHN', 'Jiangsu', 810000),
(1931, 'Datong', 'CHN', 'Shanxi', 800000),
(1932, 'Yichun', 'CHN', 'Heilongjiang', 800000),
(1933, 'Benxi', 'CHN', 'Liaoning', 770000),
(1934, 'Luoyang', 'CHN', 'Henan', 760000),
(1935, 'Suzhou', 'CHN', 'Jiangsu', 710000),
(1936, 'Xining', 'CHN', 'Qinghai', 700200),
(1937, 'Huainan', 'CHN', 'Anhui', 700000),
(1938, 'Jixi', 'CHN', 'Heilongjiang', 683885),
(1939, 'Daqing', 'CHN', 'Heilongjiang', 660000),
(1940, 'Fuxin', 'CHN', 'Liaoning', 640000),
(1941, 'Amoy [Xiamen]', 'CHN', 'Fujian', 627500),
(1942, 'Liuzhou', 'CHN', 'Guangxi', 610000),
(1943, 'Shantou', 'CHN', 'Guangdong', 580000),
(1944, 'Jinzhou', 'CHN', 'Liaoning', 570000),
(1945, 'Mudanjiang', 'CHN', 'Heilongjiang', 570000),
(1946, 'Yinchuan', 'CHN', 'Ningxia', 544500),
(1947, 'Changzhou', 'CHN', 'Jiangsu', 530000),
(1948, 'Zhangjiakou', 'CHN', 'Hebei', 530000),
(1949, 'Dandong', 'CHN', 'Liaoning', 520000),
(1950, 'Hegang', 'CHN', 'Heilongjiang', 520000),
(1951, 'Kaifeng', 'CHN', 'Henan', 510000),
(1952, 'Jiamusi', 'CHN', 'Heilongjiang', 493409),
(1953, 'Liaoyang', 'CHN', 'Liaoning', 492559),
(1954, 'Hengyang', 'CHN', 'Hunan', 487148),
(1955, 'Baoding', 'CHN', 'Hebei', 483155),
(1956, 'Hunjiang', 'CHN', 'Jilin', 482043),
(1957, 'Xinxiang', 'CHN', 'Henan', 473762),
(1958, 'Huangshi', 'CHN', 'Hubei', 457601),
(1959, 'Haikou', 'CHN', 'Hainan', 454300),
(1960, 'Yantai', 'CHN', 'Shandong', 452127),
(1961, 'Bengbu', 'CHN', 'Anhui', 449245),
(1962, 'Xiangtan', 'CHN', 'Hunan', 441968),
(1963, 'Weifang', 'CHN', 'Shandong', 428522),
(1964, 'Wuhu', 'CHN', 'Anhui', 425740),
(1965, 'Pingxiang', 'CHN', 'Jiangxi', 425579),
(1966, 'Yingkou', 'CHN', 'Liaoning', 421589),
(1967, 'Anyang', 'CHN', 'Henan', 420332),
(1968, 'Panzhihua', 'CHN', 'Sichuan', 415466),
(1969, 'Pingdingshan', 'CHN', 'Henan', 410775),
(1970, 'Xiangfan', 'CHN', 'Hubei', 410407),
(1971, 'Zhuzhou', 'CHN', 'Hunan', 409924),
(1972, 'Jiaozuo', 'CHN', 'Henan', 409100),
(1973, 'Wenzhou', 'CHN', 'Zhejiang', 401871),
(1974, 'Zhangjiang', 'CHN', 'Guangdong', 400997),
(1975, 'Zigong', 'CHN', 'Sichuan', 393184),
(1976, 'Shuangyashan', 'CHN', 'Heilongjiang', 386081),
(1977, 'Zaozhuang', 'CHN', 'Shandong', 380846),
(1978, 'Yakeshi', 'CHN', 'Inner Mongolia', 377869),
(1979, 'Yichang', 'CHN', 'Hubei', 371601),
(1980, 'Zhenjiang', 'CHN', 'Jiangsu', 368316),
(1981, 'Huaibei', 'CHN', 'Anhui', 366549),
(1982, 'Qinhuangdao', 'CHN', 'Hebei', 364972),
(1983, 'Guilin', 'CHN', 'Guangxi', 364130),
(1984, 'Liupanshui', 'CHN', 'Guizhou', 363954),
(1985, 'Panjin', 'CHN', 'Liaoning', 362773),
(1986, 'Yangquan', 'CHN', 'Shanxi', 362268),
(1987, 'Jinxi', 'CHN', 'Liaoning', 357052),
(1988, 'Liaoyuan', 'CHN', 'Jilin', 354141),
(1989, 'Lianyungang', 'CHN', 'Jiangsu', 354139),
(1990, 'Xianyang', 'CHN', 'Shaanxi', 352125),
(1991, 'Tai´an', 'CHN', 'Shandong', 350696),
(1992, 'Chifeng', 'CHN', 'Inner Mongolia', 350077),
(1993, 'Shaoguan', 'CHN', 'Guangdong', 350043),
(1994, 'Nantong', 'CHN', 'Jiangsu', 343341),
(1995, 'Leshan', 'CHN', 'Sichuan', 341128),
(1996, 'Baoji', 'CHN', 'Shaanxi', 337765),
(1997, 'Linyi', 'CHN', 'Shandong', 324720),
(1998, 'Tonghua', 'CHN', 'Jilin', 324600),
(1999, 'Siping', 'CHN', 'Jilin', 317223),
(2000, 'Changzhi', 'CHN', 'Shanxi', 317144),
(2001, 'Tengzhou', 'CHN', 'Shandong', 315083),
(2002, 'Chaozhou', 'CHN', 'Guangdong', 313469),
(2003, 'Yangzhou', 'CHN', 'Jiangsu', 312892),
(2004, 'Dongwan', 'CHN', 'Guangdong', 308669),
(2005, 'Ma´anshan', 'CHN', 'Anhui', 305421),
(2006, 'Foshan', 'CHN', 'Guangdong', 303160),
(2007, 'Yueyang', 'CHN', 'Hunan', 302800),
(2008, 'Xingtai', 'CHN', 'Hebei', 302789),
(2009, 'Changde', 'CHN', 'Hunan', 301276),
(2010, 'Shihezi', 'CHN', 'Xinxiang', 299676),
(2011, 'Yancheng', 'CHN', 'Jiangsu', 296831),
(2012, 'Jiujiang', 'CHN', 'Jiangxi', 291187),
(2013, 'Dongying', 'CHN', 'Shandong', 281728),
(2014, 'Shashi', 'CHN', 'Hubei', 281352),
(2015, 'Xintai', 'CHN', 'Shandong', 281248),
(2016, 'Jingdezhen', 'CHN', 'Jiangxi', 281183),
(2017, 'Tongchuan', 'CHN', 'Shaanxi', 280657),
(2018, 'Zhongshan', 'CHN', 'Guangdong', 278829),
(2019, 'Shiyan', 'CHN', 'Hubei', 273786),
(2020, 'Tieli', 'CHN', 'Heilongjiang', 265683),
(2021, 'Jining', 'CHN', 'Shandong', 265248),
(2022, 'Wuhai', 'CHN', 'Inner Mongolia', 264081),
(2023, 'Mianyang', 'CHN', 'Sichuan', 262947),
(2024, 'Luzhou', 'CHN', 'Sichuan', 262892),
(2025, 'Zunyi', 'CHN', 'Guizhou', 261862),
(2026, 'Shizuishan', 'CHN', 'Ningxia', 257862),
(2027, 'Neijiang', 'CHN', 'Sichuan', 256012),
(2028, 'Tongliao', 'CHN', 'Inner Mongolia', 255129),
(2029, 'Tieling', 'CHN', 'Liaoning', 254842),
(2030, 'Wafangdian', 'CHN', 'Liaoning', 251733),
(2031, 'Anqing', 'CHN', 'Anhui', 250718),
(2032, 'Shaoyang', 'CHN', 'Hunan', 247227),
(2033, 'Laiwu', 'CHN', 'Shandong', 246833),
(2034, 'Chengde', 'CHN', 'Hebei', 246799),
(2035, 'Tianshui', 'CHN', 'Gansu', 244974),
(2036, 'Nanyang', 'CHN', 'Henan', 243303),
(2037, 'Cangzhou', 'CHN', 'Hebei', 242708),
(2038, 'Yibin', 'CHN', 'Sichuan', 241019),
(2039, 'Huaiyin', 'CHN', 'Jiangsu', 239675),
(2040, 'Dunhua', 'CHN', 'Jilin', 235100),
(2041, 'Yanji', 'CHN', 'Jilin', 230892),
(2042, 'Jiangmen', 'CHN', 'Guangdong', 230587),
(2043, 'Tongling', 'CHN', 'Anhui', 228017),
(2044, 'Suihua', 'CHN', 'Heilongjiang', 227881),
(2045, 'Gongziling', 'CHN', 'Jilin', 226569),
(2046, 'Xiantao', 'CHN', 'Hubei', 222884),
(2047, 'Chaoyang', 'CHN', 'Liaoning', 222394),
(2048, 'Ganzhou', 'CHN', 'Jiangxi', 220129),
(2049, 'Huzhou', 'CHN', 'Zhejiang', 218071),
(2050, 'Baicheng', 'CHN', 'Jilin', 217987),
(2051, 'Shangzi', 'CHN', 'Heilongjiang', 215373),
(2052, 'Yangjiang', 'CHN', 'Guangdong', 215196),
(2053, 'Qitaihe', 'CHN', 'Heilongjiang', 214957),
(2054, 'Gejiu', 'CHN', 'Yunnan', 214294),
(2055, 'Jiangyin', 'CHN', 'Jiangsu', 213659),
(2056, 'Hebi', 'CHN', 'Henan', 212976),
(2057, 'Jiaxing', 'CHN', 'Zhejiang', 211526),
(2058, 'Wuzhou', 'CHN', 'Guangxi', 210452),
(2059, 'Meihekou', 'CHN', 'Jilin', 209038),
(2060, 'Xuchang', 'CHN', 'Henan', 208815),
(2061, 'Liaocheng', 'CHN', 'Shandong', 207844),
(2062, 'Haicheng', 'CHN', 'Liaoning', 205560),
(2063, 'Qianjiang', 'CHN', 'Hubei', 205504),
(2064, 'Baiyin', 'CHN', 'Gansu', 204970),
(2065, 'Bei´an', 'CHN', 'Heilongjiang', 204899),
(2066, 'Yixing', 'CHN', 'Jiangsu', 200824),
(2067, 'Laizhou', 'CHN', 'Shandong', 198664),
(2068, 'Qaramay', 'CHN', 'Xinxiang', 197602),
(2069, 'Acheng', 'CHN', 'Heilongjiang', 197595),
(2070, 'Dezhou', 'CHN', 'Shandong', 195485),
(2071, 'Nanping', 'CHN', 'Fujian', 195064),
(2072, 'Zhaoqing', 'CHN', 'Guangdong', 194784),
(2073, 'Beipiao', 'CHN', 'Liaoning', 194301),
(2074, 'Fengcheng', 'CHN', 'Jiangxi', 193784),
(2075, 'Fuyu', 'CHN', 'Jilin', 192981),
(2076, 'Xinyang', 'CHN', 'Henan', 192509),
(2077, 'Dongtai', 'CHN', 'Jiangsu', 192247),
(2078, 'Yuci', 'CHN', 'Shanxi', 191356),
(2079, 'Honghu', 'CHN', 'Hubei', 190772),
(2080, 'Ezhou', 'CHN', 'Hubei', 190123),
(2081, 'Heze', 'CHN', 'Shandong', 189293),
(2082, 'Daxian', 'CHN', 'Sichuan', 188101),
(2083, 'Linfen', 'CHN', 'Shanxi', 187309),
(2084, 'Tianmen', 'CHN', 'Hubei', 186332),
(2085, 'Yiyang', 'CHN', 'Hunan', 185818),
(2086, 'Quanzhou', 'CHN', 'Fujian', 185154),
(2087, 'Rizhao', 'CHN', 'Shandong', 185048),
(2088, 'Deyang', 'CHN', 'Sichuan', 182488),
(2089, 'Guangyuan', 'CHN', 'Sichuan', 182241),
(2090, 'Changshu', 'CHN', 'Jiangsu', 181805),
(2091, 'Zhangzhou', 'CHN', 'Fujian', 181424),
(2092, 'Hailar', 'CHN', 'Inner Mongolia', 180650),
(2093, 'Nanchong', 'CHN', 'Sichuan', 180273),
(2094, 'Jiutai', 'CHN', 'Jilin', 180130),
(2095, 'Zhaodong', 'CHN', 'Heilongjiang', 179976),
(2096, 'Shaoxing', 'CHN', 'Zhejiang', 179818),
(2097, 'Fuyang', 'CHN', 'Anhui', 179572),
(2098, 'Maoming', 'CHN', 'Guangdong', 178683),
(2099, 'Qujing', 'CHN', 'Yunnan', 178669),
(2100, 'Ghulja', 'CHN', 'Xinxiang', 177193),
(2101, 'Jiaohe', 'CHN', 'Jilin', 176367),
(2102, 'Puyang', 'CHN', 'Henan', 175988),
(2103, 'Huadian', 'CHN', 'Jilin', 175873),
(2104, 'Jiangyou', 'CHN', 'Sichuan', 175753),
(2105, 'Qashqar', 'CHN', 'Xinxiang', 174570),
(2106, 'Anshun', 'CHN', 'Guizhou', 174142),
(2107, 'Fuling', 'CHN', 'Sichuan', 173878),
(2108, 'Xinyu', 'CHN', 'Jiangxi', 173524),
(2109, 'Hanzhong', 'CHN', 'Shaanxi', 169930),
(2110, 'Danyang', 'CHN', 'Jiangsu', 169603),
(2111, 'Chenzhou', 'CHN', 'Hunan', 169400),
(2112, 'Xiaogan', 'CHN', 'Hubei', 166280),
(2113, 'Shangqiu', 'CHN', 'Henan', 164880),
(2114, 'Zhuhai', 'CHN', 'Guangdong', 164747),
(2115, 'Qingyuan', 'CHN', 'Guangdong', 164641),
(2116, 'Aqsu', 'CHN', 'Xinxiang', 164092),
(2117, 'Jining', 'CHN', 'Inner Mongolia', 163552),
(2118, 'Xiaoshan', 'CHN', 'Zhejiang', 162930),
(2119, 'Zaoyang', 'CHN', 'Hubei', 162198),
(2120, 'Xinghua', 'CHN', 'Jiangsu', 161910),
(2121, 'Hami', 'CHN', 'Xinxiang', 161315),
(2122, 'Huizhou', 'CHN', 'Guangdong', 161023),
(2123, 'Jinmen', 'CHN', 'Hubei', 160794),
(2124, 'Sanming', 'CHN', 'Fujian', 160691),
(2125, 'Ulanhot', 'CHN', 'Inner Mongolia', 159538),
(2126, 'Korla', 'CHN', 'Xinxiang', 159344),
(2127, 'Wanxian', 'CHN', 'Sichuan', 156823),
(2128, 'Rui´an', 'CHN', 'Zhejiang', 156468),
(2129, 'Zhoushan', 'CHN', 'Zhejiang', 156317),
(2130, 'Liangcheng', 'CHN', 'Shandong', 156307),
(2131, 'Jiaozhou', 'CHN', 'Shandong', 153364),
(2132, 'Taizhou', 'CHN', 'Jiangsu', 152442),
(2133, 'Suzhou', 'CHN', 'Anhui', 151862),
(2134, 'Yichun', 'CHN', 'Jiangxi', 151585),
(2135, 'Taonan', 'CHN', 'Jilin', 150168),
(2136, 'Pingdu', 'CHN', 'Shandong', 150123),
(2137, 'Ji´an', 'CHN', 'Jiangxi', 148583),
(2138, 'Longkou', 'CHN', 'Shandong', 148362),
(2139, 'Langfang', 'CHN', 'Hebei', 148105),
(2140, 'Zhoukou', 'CHN', 'Henan', 146288),
(2141, 'Suining', 'CHN', 'Sichuan', 146086),
(2142, 'Yulin', 'CHN', 'Guangxi', 144467),
(2143, 'Jinhua', 'CHN', 'Zhejiang', 144280),
(2144, 'Liu´an', 'CHN', 'Anhui', 144248),
(2145, 'Shuangcheng', 'CHN', 'Heilongjiang', 142659),
(2146, 'Suizhou', 'CHN', 'Hubei', 142302),
(2147, 'Ankang', 'CHN', 'Shaanxi', 142170),
(2148, 'Weinan', 'CHN', 'Shaanxi', 140169),
(2149, 'Longjing', 'CHN', 'Jilin', 139417),
(2150, 'Da´an', 'CHN', 'Jilin', 138963),
(2151, 'Lengshuijiang', 'CHN', 'Hunan', 137994),
(2152, 'Laiyang', 'CHN', 'Shandong', 137080),
(2153, 'Xianning', 'CHN', 'Hubei', 136811),
(2154, 'Dali', 'CHN', 'Yunnan', 136554);
INSERT INTO `City` (`id`, `nombre`, `CountryCode`, `District`, `Population`) VALUES
(2155, 'Anda', 'CHN', 'Heilongjiang', 136446),
(2156, 'Jincheng', 'CHN', 'Shanxi', 136396),
(2157, 'Longyan', 'CHN', 'Fujian', 134481),
(2158, 'Xichang', 'CHN', 'Sichuan', 134419),
(2159, 'Wendeng', 'CHN', 'Shandong', 133910),
(2160, 'Hailun', 'CHN', 'Heilongjiang', 133565),
(2161, 'Binzhou', 'CHN', 'Shandong', 133555),
(2162, 'Linhe', 'CHN', 'Inner Mongolia', 133183),
(2163, 'Wuwei', 'CHN', 'Gansu', 133101),
(2164, 'Duyun', 'CHN', 'Guizhou', 132971),
(2165, 'Mishan', 'CHN', 'Heilongjiang', 132744),
(2166, 'Shangrao', 'CHN', 'Jiangxi', 132455),
(2167, 'Changji', 'CHN', 'Xinxiang', 132260),
(2168, 'Meixian', 'CHN', 'Guangdong', 132156),
(2169, 'Yushu', 'CHN', 'Jilin', 131861),
(2170, 'Tiefa', 'CHN', 'Liaoning', 131807),
(2171, 'Huai´an', 'CHN', 'Jiangsu', 131149),
(2172, 'Leiyang', 'CHN', 'Hunan', 130115),
(2173, 'Zalantun', 'CHN', 'Inner Mongolia', 130031),
(2174, 'Weihai', 'CHN', 'Shandong', 128888),
(2175, 'Loudi', 'CHN', 'Hunan', 128418),
(2176, 'Qingzhou', 'CHN', 'Shandong', 128258),
(2177, 'Qidong', 'CHN', 'Jiangsu', 126872),
(2178, 'Huaihua', 'CHN', 'Hunan', 126785),
(2179, 'Luohe', 'CHN', 'Henan', 126438),
(2180, 'Chuzhou', 'CHN', 'Anhui', 125341),
(2181, 'Kaiyuan', 'CHN', 'Liaoning', 124219),
(2182, 'Linqing', 'CHN', 'Shandong', 123958),
(2183, 'Chaohu', 'CHN', 'Anhui', 123676),
(2184, 'Laohekou', 'CHN', 'Hubei', 123366),
(2185, 'Dujiangyan', 'CHN', 'Sichuan', 123357),
(2186, 'Zhumadian', 'CHN', 'Henan', 123232),
(2187, 'Linchuan', 'CHN', 'Jiangxi', 121949),
(2188, 'Jiaonan', 'CHN', 'Shandong', 121397),
(2189, 'Sanmenxia', 'CHN', 'Henan', 120523),
(2190, 'Heyuan', 'CHN', 'Guangdong', 120101),
(2191, 'Manzhouli', 'CHN', 'Inner Mongolia', 120023),
(2192, 'Lhasa', 'CHN', 'Tibet', 120000),
(2193, 'Lianyuan', 'CHN', 'Hunan', 118858),
(2194, 'Kuytun', 'CHN', 'Xinxiang', 118553),
(2195, 'Puqi', 'CHN', 'Hubei', 117264),
(2196, 'Hongjiang', 'CHN', 'Hunan', 116188),
(2197, 'Qinzhou', 'CHN', 'Guangxi', 114586),
(2198, 'Renqiu', 'CHN', 'Hebei', 114256),
(2199, 'Yuyao', 'CHN', 'Zhejiang', 114065),
(2200, 'Guigang', 'CHN', 'Guangxi', 114025),
(2201, 'Kaili', 'CHN', 'Guizhou', 113958),
(2202, 'Yan´an', 'CHN', 'Shaanxi', 113277),
(2203, 'Beihai', 'CHN', 'Guangxi', 112673),
(2204, 'Xuangzhou', 'CHN', 'Anhui', 112673),
(2205, 'Quzhou', 'CHN', 'Zhejiang', 112373),
(2206, 'Yong´an', 'CHN', 'Fujian', 111762),
(2207, 'Zixing', 'CHN', 'Hunan', 110048),
(2208, 'Liyang', 'CHN', 'Jiangsu', 109520),
(2209, 'Yizheng', 'CHN', 'Jiangsu', 109268),
(2210, 'Yumen', 'CHN', 'Gansu', 109234),
(2211, 'Liling', 'CHN', 'Hunan', 108504),
(2212, 'Yuncheng', 'CHN', 'Shanxi', 108359),
(2213, 'Shanwei', 'CHN', 'Guangdong', 107847),
(2214, 'Cixi', 'CHN', 'Zhejiang', 107329),
(2215, 'Yuanjiang', 'CHN', 'Hunan', 107004),
(2216, 'Bozhou', 'CHN', 'Anhui', 106346),
(2217, 'Jinchang', 'CHN', 'Gansu', 105287),
(2218, 'Fu´an', 'CHN', 'Fujian', 105265),
(2219, 'Suqian', 'CHN', 'Jiangsu', 105021),
(2220, 'Shishou', 'CHN', 'Hubei', 104571),
(2221, 'Hengshui', 'CHN', 'Hebei', 104269),
(2222, 'Danjiangkou', 'CHN', 'Hubei', 103211),
(2223, 'Fujin', 'CHN', 'Heilongjiang', 103104),
(2224, 'Sanya', 'CHN', 'Hainan', 102820),
(2225, 'Guangshui', 'CHN', 'Hubei', 102770),
(2226, 'Huangshan', 'CHN', 'Anhui', 102628),
(2227, 'Xingcheng', 'CHN', 'Liaoning', 102384),
(2228, 'Zhucheng', 'CHN', 'Shandong', 102134),
(2229, 'Kunshan', 'CHN', 'Jiangsu', 102052),
(2230, 'Haining', 'CHN', 'Zhejiang', 100478),
(2231, 'Pingliang', 'CHN', 'Gansu', 99265),
(2232, 'Fuqing', 'CHN', 'Fujian', 99193),
(2233, 'Xinzhou', 'CHN', 'Shanxi', 98667),
(2234, 'Jieyang', 'CHN', 'Guangdong', 98531),
(2235, 'Zhangjiagang', 'CHN', 'Jiangsu', 97994),
(2236, 'Tong Xian', 'CHN', 'Peking', 97168),
(2237, 'Ya´an', 'CHN', 'Sichuan', 95900),
(2238, 'Jinzhou', 'CHN', 'Liaoning', 95761),
(2239, 'Emeishan', 'CHN', 'Sichuan', 94000),
(2240, 'Enshi', 'CHN', 'Hubei', 93056),
(2241, 'Bose', 'CHN', 'Guangxi', 93009),
(2242, 'Yuzhou', 'CHN', 'Henan', 92889),
(2243, 'Kaiyuan', 'CHN', 'Yunnan', 91999),
(2244, 'Tumen', 'CHN', 'Jilin', 91471),
(2245, 'Putian', 'CHN', 'Fujian', 91030),
(2246, 'Linhai', 'CHN', 'Zhejiang', 90870),
(2247, 'Xilin Hot', 'CHN', 'Inner Mongolia', 90646),
(2248, 'Shaowu', 'CHN', 'Fujian', 90286),
(2249, 'Junan', 'CHN', 'Shandong', 90222),
(2250, 'Huaying', 'CHN', 'Sichuan', 89400),
(2251, 'Pingyi', 'CHN', 'Shandong', 89373),
(2252, 'Huangyan', 'CHN', 'Zhejiang', 89288),
(2253, 'Bishkek', 'KGZ', 'Bishkek shaary', 589400),
(2254, 'Osh', 'KGZ', 'Osh', 222700),
(2255, 'Bikenibeu', 'KIR', 'South Tarawa', 5055),
(2256, 'Bairiki', 'KIR', 'South Tarawa', 2226),
(2257, 'Santafé de Bogotá', 'COL', 'Santafé de Bogotá', 6260862),
(2258, 'Cali', 'COL', 'Valle', 2077386),
(2259, 'Medellín', 'COL', 'Antioquia', 1861265),
(2260, 'Barranquilla', 'COL', 'Atlántico', 1223260),
(2261, 'Cartagena', 'COL', 'Bolívar', 805757),
(2262, 'Cúcuta', 'COL', 'Norte de Santander', 606932),
(2263, 'Bucaramanga', 'COL', 'Santander', 515555),
(2264, 'Ibagué', 'COL', 'Tolima', 393664),
(2265, 'Pereira', 'COL', 'Risaralda', 381725),
(2266, 'Santa Marta', 'COL', 'Magdalena', 359147),
(2267, 'Manizales', 'COL', 'Caldas', 337580),
(2268, 'Bello', 'COL', 'Antioquia', 333470),
(2269, 'Pasto', 'COL', 'Nariño', 332396),
(2270, 'Neiva', 'COL', 'Huila', 300052),
(2271, 'Soledad', 'COL', 'Atlántico', 295058),
(2272, 'Armenia', 'COL', 'Quindío', 288977),
(2273, 'Villavicencio', 'COL', 'Meta', 273140),
(2274, 'Soacha', 'COL', 'Cundinamarca', 272058),
(2275, 'Valledupar', 'COL', 'Cesar', 263247),
(2276, 'Montería', 'COL', 'Córdoba', 248245),
(2277, 'Itagüí', 'COL', 'Antioquia', 228985),
(2278, 'Palmira', 'COL', 'Valle', 226509),
(2279, 'Buenaventura', 'COL', 'Valle', 224336),
(2280, 'Floridablanca', 'COL', 'Santander', 221913),
(2281, 'Sincelejo', 'COL', 'Sucre', 220704),
(2282, 'Popayán', 'COL', 'Cauca', 200719),
(2283, 'Barrancabermeja', 'COL', 'Santander', 178020),
(2284, 'Dos Quebradas', 'COL', 'Risaralda', 159363),
(2285, 'Tuluá', 'COL', 'Valle', 152488),
(2286, 'Envigado', 'COL', 'Antioquia', 135848),
(2287, 'Cartago', 'COL', 'Valle', 125884),
(2288, 'Girardot', 'COL', 'Cundinamarca', 110963),
(2289, 'Buga', 'COL', 'Valle', 110699),
(2290, 'Tunja', 'COL', 'Boyacá', 109740),
(2291, 'Florencia', 'COL', 'Caquetá', 108574),
(2292, 'Maicao', 'COL', 'La Guajira', 108053),
(2293, 'Sogamoso', 'COL', 'Boyacá', 107728),
(2294, 'Giron', 'COL', 'Santander', 90688),
(2295, 'Moroni', 'COM', 'Njazidja', 36000),
(2296, 'Brazzaville', 'COG', 'Brazzaville', 950000),
(2297, 'Pointe-Noire', 'COG', 'Kouilou', 500000),
(2298, 'Kinshasa', 'COD', 'Kinshasa', 5064000),
(2299, 'Lubumbashi', 'COD', 'Shaba', 851381),
(2300, 'Mbuji-Mayi', 'COD', 'East Kasai', 806475),
(2301, 'Kolwezi', 'COD', 'Shaba', 417810),
(2302, 'Kisangani', 'COD', 'Haute-Zaïre', 417517),
(2303, 'Kananga', 'COD', 'West Kasai', 393030),
(2304, 'Likasi', 'COD', 'Shaba', 299118),
(2305, 'Bukavu', 'COD', 'South Kivu', 201569),
(2306, 'Kikwit', 'COD', 'Bandundu', 182142),
(2307, 'Tshikapa', 'COD', 'West Kasai', 180860),
(2308, 'Matadi', 'COD', 'Bas-Zaïre', 172730),
(2309, 'Mbandaka', 'COD', 'Equateur', 169841),
(2310, 'Mwene-Ditu', 'COD', 'East Kasai', 137459),
(2311, 'Boma', 'COD', 'Bas-Zaïre', 135284),
(2312, 'Uvira', 'COD', 'South Kivu', 115590),
(2313, 'Butembo', 'COD', 'North Kivu', 109406),
(2314, 'Goma', 'COD', 'North Kivu', 109094),
(2315, 'Kalemie', 'COD', 'Shaba', 101309),
(2316, 'Bantam', 'CCK', 'Home Island', 503),
(2317, 'West Island', 'CCK', 'West Island', 167),
(2318, 'Pyongyang', 'PRK', 'Pyongyang-si', 2484000),
(2319, 'Hamhung', 'PRK', 'Hamgyong N', 709730),
(2320, 'Chongjin', 'PRK', 'Hamgyong P', 582480),
(2321, 'Nampo', 'PRK', 'Nampo-si', 566200),
(2322, 'Sinuiju', 'PRK', 'Pyongan P', 326011),
(2323, 'Wonsan', 'PRK', 'Kangwon', 300148),
(2324, 'Phyongsong', 'PRK', 'Pyongan N', 272934),
(2325, 'Sariwon', 'PRK', 'Hwanghae P', 254146),
(2326, 'Haeju', 'PRK', 'Hwanghae N', 229172),
(2327, 'Kanggye', 'PRK', 'Chagang', 223410),
(2328, 'Kimchaek', 'PRK', 'Hamgyong P', 179000),
(2329, 'Hyesan', 'PRK', 'Yanggang', 178020),
(2330, 'Kaesong', 'PRK', 'Kaesong-si', 171500),
(2331, 'Seoul', 'KOR', 'Seoul', 9981619),
(2332, 'Pusan', 'KOR', 'Pusan', 3804522),
(2333, 'Inchon', 'KOR', 'Inchon', 2559424),
(2334, 'Taegu', 'KOR', 'Taegu', 2548568),
(2335, 'Taejon', 'KOR', 'Taejon', 1425835),
(2336, 'Kwangju', 'KOR', 'Kwangju', 1368341),
(2337, 'Ulsan', 'KOR', 'Kyongsangnam', 1084891),
(2338, 'Songnam', 'KOR', 'Kyonggi', 869094),
(2339, 'Puchon', 'KOR', 'Kyonggi', 779412),
(2340, 'Suwon', 'KOR', 'Kyonggi', 755550),
(2341, 'Anyang', 'KOR', 'Kyonggi', 591106),
(2342, 'Chonju', 'KOR', 'Chollabuk', 563153),
(2343, 'Chongju', 'KOR', 'Chungchongbuk', 531376),
(2344, 'Koyang', 'KOR', 'Kyonggi', 518282),
(2345, 'Ansan', 'KOR', 'Kyonggi', 510314),
(2346, 'Pohang', 'KOR', 'Kyongsangbuk', 508899),
(2347, 'Chang-won', 'KOR', 'Kyongsangnam', 481694),
(2348, 'Masan', 'KOR', 'Kyongsangnam', 441242),
(2349, 'Kwangmyong', 'KOR', 'Kyonggi', 350914),
(2350, 'Chonan', 'KOR', 'Chungchongnam', 330259),
(2351, 'Chinju', 'KOR', 'Kyongsangnam', 329886),
(2352, 'Iksan', 'KOR', 'Chollabuk', 322685),
(2353, 'Pyongtaek', 'KOR', 'Kyonggi', 312927),
(2354, 'Kumi', 'KOR', 'Kyongsangbuk', 311431),
(2355, 'Uijongbu', 'KOR', 'Kyonggi', 276111),
(2356, 'Kyongju', 'KOR', 'Kyongsangbuk', 272968),
(2357, 'Kunsan', 'KOR', 'Chollabuk', 266569),
(2358, 'Cheju', 'KOR', 'Cheju', 258511),
(2359, 'Kimhae', 'KOR', 'Kyongsangnam', 256370),
(2360, 'Sunchon', 'KOR', 'Chollanam', 249263),
(2361, 'Mokpo', 'KOR', 'Chollanam', 247452),
(2362, 'Yong-in', 'KOR', 'Kyonggi', 242643),
(2363, 'Wonju', 'KOR', 'Kang-won', 237460),
(2364, 'Kunpo', 'KOR', 'Kyonggi', 235233),
(2365, 'Chunchon', 'KOR', 'Kang-won', 234528),
(2366, 'Namyangju', 'KOR', 'Kyonggi', 229060),
(2367, 'Kangnung', 'KOR', 'Kang-won', 220403),
(2368, 'Chungju', 'KOR', 'Chungchongbuk', 205206),
(2369, 'Andong', 'KOR', 'Kyongsangbuk', 188443),
(2370, 'Yosu', 'KOR', 'Chollanam', 183596),
(2371, 'Kyongsan', 'KOR', 'Kyongsangbuk', 173746),
(2372, 'Paju', 'KOR', 'Kyonggi', 163379),
(2373, 'Yangsan', 'KOR', 'Kyongsangnam', 163351),
(2374, 'Ichon', 'KOR', 'Kyonggi', 155332),
(2375, 'Asan', 'KOR', 'Chungchongnam', 154663),
(2376, 'Koje', 'KOR', 'Kyongsangnam', 147562),
(2377, 'Kimchon', 'KOR', 'Kyongsangbuk', 147027),
(2378, 'Nonsan', 'KOR', 'Chungchongnam', 146619),
(2379, 'Kuri', 'KOR', 'Kyonggi', 142173),
(2380, 'Chong-up', 'KOR', 'Chollabuk', 139111),
(2381, 'Chechon', 'KOR', 'Chungchongbuk', 137070),
(2382, 'Sosan', 'KOR', 'Chungchongnam', 134746),
(2383, 'Shihung', 'KOR', 'Kyonggi', 133443),
(2384, 'Tong-yong', 'KOR', 'Kyongsangnam', 131717),
(2385, 'Kongju', 'KOR', 'Chungchongnam', 131229),
(2386, 'Yongju', 'KOR', 'Kyongsangbuk', 131097),
(2387, 'Chinhae', 'KOR', 'Kyongsangnam', 125997),
(2388, 'Sangju', 'KOR', 'Kyongsangbuk', 124116),
(2389, 'Poryong', 'KOR', 'Chungchongnam', 122604),
(2390, 'Kwang-yang', 'KOR', 'Chollanam', 122052),
(2391, 'Miryang', 'KOR', 'Kyongsangnam', 121501),
(2392, 'Hanam', 'KOR', 'Kyonggi', 115812),
(2393, 'Kimje', 'KOR', 'Chollabuk', 115427),
(2394, 'Yongchon', 'KOR', 'Kyongsangbuk', 113511),
(2395, 'Sachon', 'KOR', 'Kyongsangnam', 113494),
(2396, 'Uiwang', 'KOR', 'Kyonggi', 108788),
(2397, 'Naju', 'KOR', 'Chollanam', 107831),
(2398, 'Namwon', 'KOR', 'Chollabuk', 103544),
(2399, 'Tonghae', 'KOR', 'Kang-won', 95472),
(2400, 'Mun-gyong', 'KOR', 'Kyongsangbuk', 92239),
(2401, 'Athenai', 'GRC', 'Attika', 772072),
(2402, 'Thessaloniki', 'GRC', 'Central Macedonia', 383967),
(2403, 'Pireus', 'GRC', 'Attika', 182671),
(2404, 'Patras', 'GRC', 'West Greece', 153344),
(2405, 'Peristerion', 'GRC', 'Attika', 137288),
(2406, 'Herakleion', 'GRC', 'Crete', 116178),
(2407, 'Kallithea', 'GRC', 'Attika', 114233),
(2408, 'Larisa', 'GRC', 'Thessalia', 113090),
(2409, 'Zagreb', 'HRV', 'Grad Zagreb', 706770),
(2410, 'Split', 'HRV', 'Split-Dalmatia', 189388),
(2411, 'Rijeka', 'HRV', 'Primorje-Gorski Kota', 167964),
(2412, 'Osijek', 'HRV', 'Osijek-Baranja', 104761),
(2413, 'La Habana', 'CUB', 'La Habana', 2256000),
(2414, 'Santiago de Cuba', 'CUB', 'Santiago de Cuba', 433180),
(2415, 'Camagüey', 'CUB', 'Camagüey', 298726),
(2416, 'Holguín', 'CUB', 'Holguín', 249492),
(2417, 'Santa Clara', 'CUB', 'Villa Clara', 207350),
(2418, 'Guantánamo', 'CUB', 'Guantánamo', 205078),
(2419, 'Pinar del Río', 'CUB', 'Pinar del Río', 142100),
(2420, 'Bayamo', 'CUB', 'Granma', 141000),
(2421, 'Cienfuegos', 'CUB', 'Cienfuegos', 132770),
(2422, 'Victoria de las Tunas', 'CUB', 'Las Tunas', 132350),
(2423, 'Matanzas', 'CUB', 'Matanzas', 123273),
(2424, 'Manzanillo', 'CUB', 'Granma', 109350),
(2425, 'Sancti-Spíritus', 'CUB', 'Sancti-Spíritus', 100751),
(2426, 'Ciego de Ávila', 'CUB', 'Ciego de Ávila', 98505),
(2427, 'al-Salimiya', 'KWT', 'Hawalli', 130215),
(2428, 'Jalib al-Shuyukh', 'KWT', 'Hawalli', 102178),
(2429, 'Kuwait', 'KWT', 'al-Asima', 28859),
(2430, 'Nicosia', 'CYP', 'Nicosia', 195000),
(2431, 'Limassol', 'CYP', 'Limassol', 154400),
(2432, 'Vientiane', 'LAO', 'Viangchan', 531800),
(2433, 'Savannakhet', 'LAO', 'Savannakhet', 96652),
(2434, 'Riga', 'LVA', 'Riika', 764328),
(2435, 'Daugavpils', 'LVA', 'Daugavpils', 114829),
(2436, 'Liepaja', 'LVA', 'Liepaja', 89439),
(2437, 'Maseru', 'LSO', 'Maseru', 297000),
(2438, 'Beirut', 'LBN', 'Beirut', 1100000),
(2439, 'Tripoli', 'LBN', 'al-Shamal', 240000),
(2440, 'Monrovia', 'LBR', 'Montserrado', 850000),
(2441, 'Tripoli', 'LBY', 'Tripoli', 1682000),
(2442, 'Bengasi', 'LBY', 'Bengasi', 804000),
(2443, 'Misrata', 'LBY', 'Misrata', 121669),
(2444, 'al-Zawiya', 'LBY', 'al-Zawiya', 89338),
(2445, 'Schaan', 'LIE', 'Schaan', 5346),
(2446, 'Vaduz', 'LIE', 'Vaduz', 5043),
(2447, 'Vilnius', 'LTU', 'Vilna', 577969),
(2448, 'Kaunas', 'LTU', 'Kaunas', 412639),
(2449, 'Klaipeda', 'LTU', 'Klaipeda', 202451),
(2450, 'Šiauliai', 'LTU', 'Šiauliai', 146563),
(2451, 'Panevezys', 'LTU', 'Panevezys', 133695),
(2452, 'Luxembourg [Luxemburg/Lëtzebuerg]', 'LUX', 'Luxembourg', 80700),
(2453, 'El-Aaiún', 'ESH', 'El-Aaiún', 169000),
(2454, 'Macao', 'MAC', 'Macau', 437500),
(2455, 'Antananarivo', 'MDG', 'Antananarivo', 675669),
(2456, 'Toamasina', 'MDG', 'Toamasina', 127441),
(2457, 'Antsirabé', 'MDG', 'Antananarivo', 120239),
(2458, 'Mahajanga', 'MDG', 'Mahajanga', 100807),
(2459, 'Fianarantsoa', 'MDG', 'Fianarantsoa', 99005),
(2460, 'Skopje', 'MKD', 'Skopje', 444299),
(2461, 'Blantyre', 'MWI', 'Blantyre', 478155),
(2462, 'Lilongwe', 'MWI', 'Lilongwe', 435964),
(2463, 'Male', 'MDV', 'Maale', 71000),
(2464, 'Kuala Lumpur', 'MYS', 'Wilayah Persekutuan', 1297526),
(2465, 'Ipoh', 'MYS', 'Perak', 382853),
(2466, 'Johor Baharu', 'MYS', 'Johor', 328436),
(2467, 'Petaling Jaya', 'MYS', 'Selangor', 254350),
(2468, 'Kelang', 'MYS', 'Selangor', 243355),
(2469, 'Kuala Terengganu', 'MYS', 'Terengganu', 228119),
(2470, 'Pinang', 'MYS', 'Pulau Pinang', 219603),
(2471, 'Kota Bharu', 'MYS', 'Kelantan', 219582),
(2472, 'Kuantan', 'MYS', 'Pahang', 199484),
(2473, 'Taiping', 'MYS', 'Perak', 183261),
(2474, 'Seremban', 'MYS', 'Negeri Sembilan', 182869),
(2475, 'Kuching', 'MYS', 'Sarawak', 148059),
(2476, 'Sibu', 'MYS', 'Sarawak', 126381),
(2477, 'Sandakan', 'MYS', 'Sabah', 125841),
(2478, 'Alor Setar', 'MYS', 'Kedah', 124412),
(2479, 'Selayang Baru', 'MYS', 'Selangor', 124228),
(2480, 'Sungai Petani', 'MYS', 'Kedah', 114763),
(2481, 'Shah Alam', 'MYS', 'Selangor', 102019),
(2482, 'Bamako', 'MLI', 'Bamako', 809552),
(2483, 'Birkirkara', 'MLT', 'Outer Harbour', 21445),
(2484, 'Valletta', 'MLT', 'Inner Harbour', 7073),
(2485, 'Casablanca', 'MAR', 'Casablanca', 2940623),
(2486, 'Rabat', 'MAR', 'Rabat-Salé-Zammour-Z', 623457),
(2487, 'Marrakech', 'MAR', 'Marrakech-Tensift-Al', 621914),
(2488, 'Fès', 'MAR', 'Fès-Boulemane', 541162),
(2489, 'Tanger', 'MAR', 'Tanger-Tétouan', 521735),
(2490, 'Salé', 'MAR', 'Rabat-Salé-Zammour-Z', 504420),
(2491, 'Meknès', 'MAR', 'Meknès-Tafilalet', 460000),
(2492, 'Oujda', 'MAR', 'Oriental', 365382),
(2493, 'Kénitra', 'MAR', 'Gharb-Chrarda-Béni H', 292600),
(2494, 'Tétouan', 'MAR', 'Tanger-Tétouan', 277516),
(2495, 'Safi', 'MAR', 'Doukkala-Abda', 262300),
(2496, 'Agadir', 'MAR', 'Souss Massa-Draâ', 155244),
(2497, 'Mohammedia', 'MAR', 'Casablanca', 154706),
(2498, 'Khouribga', 'MAR', 'Chaouia-Ouardigha', 152090),
(2499, 'Beni-Mellal', 'MAR', 'Tadla-Azilal', 140212),
(2500, 'Témara', 'MAR', 'Rabat-Salé-Zammour-Z', 126303),
(2501, 'El Jadida', 'MAR', 'Doukkala-Abda', 119083),
(2502, 'Nador', 'MAR', 'Oriental', 112450),
(2503, 'Ksar el Kebir', 'MAR', 'Tanger-Tétouan', 107065),
(2504, 'Settat', 'MAR', 'Chaouia-Ouardigha', 96200),
(2505, 'Taza', 'MAR', 'Taza-Al Hoceima-Taou', 92700),
(2506, 'El Araich', 'MAR', 'Tanger-Tétouan', 90400),
(2507, 'Dalap-Uliga-Darrit', 'MHL', 'Majuro', 28000),
(2508, 'Fort-de-France', 'MTQ', 'Fort-de-France', 94050),
(2509, 'Nouakchott', 'MRT', 'Nouakchott', 667300),
(2510, 'Nouâdhibou', 'MRT', 'Dakhlet Nouâdhibou', 97600),
(2511, 'Port-Louis', 'MUS', 'Port-Louis', 138200),
(2512, 'Beau Bassin-Rose Hill', 'MUS', 'Plaines Wilhelms', 100616),
(2513, 'Vacoas-Phoenix', 'MUS', 'Plaines Wilhelms', 98464),
(2514, 'Mamoutzou', 'MYT', 'Mamoutzou', 12000),
(2515, 'Ciudad de México', 'MEX', 'Distrito Federal', 8591309),
(2516, 'Guadalajara', 'MEX', 'Jalisco', 1647720),
(2517, 'Ecatepec de Morelos', 'MEX', 'México', 1620303),
(2518, 'Puebla', 'MEX', 'Puebla', 1346176),
(2519, 'Nezahualcóyotl', 'MEX', 'México', 1224924),
(2520, 'Juárez', 'MEX', 'Chihuahua', 1217818),
(2521, 'Tijuana', 'MEX', 'Baja California', 1212232),
(2522, 'León', 'MEX', 'Guanajuato', 1133576),
(2523, 'Monterrey', 'MEX', 'Nuevo León', 1108499),
(2524, 'Zapopan', 'MEX', 'Jalisco', 1002239),
(2525, 'Naucalpan de Juárez', 'MEX', 'México', 857511),
(2526, 'Mexicali', 'MEX', 'Baja California', 764902),
(2527, 'Culiacán', 'MEX', 'Sinaloa', 744859),
(2528, 'Acapulco de Juárez', 'MEX', 'Guerrero', 721011),
(2529, 'Tlalnepantla de Baz', 'MEX', 'México', 720755),
(2530, 'Mérida', 'MEX', 'Yucatán', 703324),
(2531, 'Chihuahua', 'MEX', 'Chihuahua', 670208),
(2532, 'San Luis Potosí', 'MEX', 'San Luis Potosí', 669353),
(2533, 'Guadalupe', 'MEX', 'Nuevo León', 668780),
(2534, 'Toluca', 'MEX', 'México', 665617),
(2535, 'Aguascalientes', 'MEX', 'Aguascalientes', 643360),
(2536, 'Querétaro', 'MEX', 'Querétaro de Arteaga', 639839),
(2537, 'Morelia', 'MEX', 'Michoacán de Ocampo', 619958),
(2538, 'Hermosillo', 'MEX', 'Sonora', 608697),
(2539, 'Saltillo', 'MEX', 'Coahuila de Zaragoza', 577352),
(2540, 'Torreón', 'MEX', 'Coahuila de Zaragoza', 529093),
(2541, 'Centro (Villahermosa)', 'MEX', 'Tabasco', 519873),
(2542, 'San Nicolás de los Garza', 'MEX', 'Nuevo León', 495540),
(2543, 'Durango', 'MEX', 'Durango', 490524),
(2544, 'Chimalhuacán', 'MEX', 'México', 490245),
(2545, 'Tlaquepaque', 'MEX', 'Jalisco', 475472),
(2546, 'Atizapán de Zaragoza', 'MEX', 'México', 467262),
(2547, 'Veracruz', 'MEX', 'Veracruz', 457119),
(2548, 'Cuautitlán Izcalli', 'MEX', 'México', 452976),
(2549, 'Irapuato', 'MEX', 'Guanajuato', 440039),
(2550, 'Tuxtla Gutiérrez', 'MEX', 'Chiapas', 433544),
(2551, 'Tultitlán', 'MEX', 'México', 432411),
(2552, 'Reynosa', 'MEX', 'Tamaulipas', 419776),
(2553, 'Benito Juárez', 'MEX', 'Quintana Roo', 419276),
(2554, 'Matamoros', 'MEX', 'Tamaulipas', 416428),
(2555, 'Xalapa', 'MEX', 'Veracruz', 390058),
(2556, 'Celaya', 'MEX', 'Guanajuato', 382140),
(2557, 'Mazatlán', 'MEX', 'Sinaloa', 380265),
(2558, 'Ensenada', 'MEX', 'Baja California', 369573),
(2559, 'Ahome', 'MEX', 'Sinaloa', 358663),
(2560, 'Cajeme', 'MEX', 'Sonora', 355679),
(2561, 'Cuernavaca', 'MEX', 'Morelos', 337966),
(2562, 'Tonalá', 'MEX', 'Jalisco', 336109),
(2563, 'Valle de Chalco Solidaridad', 'MEX', 'México', 323113),
(2564, 'Nuevo Laredo', 'MEX', 'Tamaulipas', 310277),
(2565, 'Tepic', 'MEX', 'Nayarit', 305025),
(2566, 'Tampico', 'MEX', 'Tamaulipas', 294789),
(2567, 'Ixtapaluca', 'MEX', 'México', 293160),
(2568, 'Apodaca', 'MEX', 'Nuevo León', 282941),
(2569, 'Guasave', 'MEX', 'Sinaloa', 277201),
(2570, 'Gómez Palacio', 'MEX', 'Durango', 272806),
(2571, 'Tapachula', 'MEX', 'Chiapas', 271141),
(2572, 'Nicolás Romero', 'MEX', 'México', 269393),
(2573, 'Coatzacoalcos', 'MEX', 'Veracruz', 267037),
(2574, 'Uruapan', 'MEX', 'Michoacán de Ocampo', 265211),
(2575, 'Victoria', 'MEX', 'Tamaulipas', 262686),
(2576, 'Oaxaca de Juárez', 'MEX', 'Oaxaca', 256848),
(2577, 'Coacalco de Berriozábal', 'MEX', 'México', 252270),
(2578, 'Pachuca de Soto', 'MEX', 'Hidalgo', 244688),
(2579, 'General Escobedo', 'MEX', 'Nuevo León', 232961),
(2580, 'Salamanca', 'MEX', 'Guanajuato', 226864),
(2581, 'Santa Catarina', 'MEX', 'Nuevo León', 226573),
(2582, 'Tehuacán', 'MEX', 'Puebla', 225943),
(2583, 'Chalco', 'MEX', 'México', 222201),
(2584, 'Cárdenas', 'MEX', 'Tabasco', 216903),
(2585, 'Campeche', 'MEX', 'Campeche', 216735),
(2586, 'La Paz', 'MEX', 'México', 213045),
(2587, 'Othón P. Blanco (Chetumal)', 'MEX', 'Quintana Roo', 208014),
(2588, 'Texcoco', 'MEX', 'México', 203681),
(2589, 'La Paz', 'MEX', 'Baja California Sur', 196708),
(2590, 'Metepec', 'MEX', 'México', 194265),
(2591, 'Monclova', 'MEX', 'Coahuila de Zaragoza', 193657),
(2592, 'Huixquilucan', 'MEX', 'México', 193156),
(2593, 'Chilpancingo de los Bravo', 'MEX', 'Guerrero', 192509),
(2594, 'Puerto Vallarta', 'MEX', 'Jalisco', 183741),
(2595, 'Fresnillo', 'MEX', 'Zacatecas', 182744),
(2596, 'Ciudad Madero', 'MEX', 'Tamaulipas', 182012),
(2597, 'Soledad de Graciano Sánchez', 'MEX', 'San Luis Potosí', 179956),
(2598, 'San Juan del Río', 'MEX', 'Querétaro', 179300),
(2599, 'San Felipe del Progreso', 'MEX', 'México', 177330),
(2600, 'Córdoba', 'MEX', 'Veracruz', 176952),
(2601, 'Tecámac', 'MEX', 'México', 172410),
(2602, 'Ocosingo', 'MEX', 'Chiapas', 171495),
(2603, 'Carmen', 'MEX', 'Campeche', 171367),
(2604, 'Lázaro Cárdenas', 'MEX', 'Michoacán de Ocampo', 170878),
(2605, 'Jiutepec', 'MEX', 'Morelos', 170428),
(2606, 'Papantla', 'MEX', 'Veracruz', 170123),
(2607, 'Comalcalco', 'MEX', 'Tabasco', 164640),
(2608, 'Zamora', 'MEX', 'Michoacán de Ocampo', 161191),
(2609, 'Nogales', 'MEX', 'Sonora', 159103),
(2610, 'Huimanguillo', 'MEX', 'Tabasco', 158335),
(2611, 'Cuautla', 'MEX', 'Morelos', 153132),
(2612, 'Minatitlán', 'MEX', 'Veracruz', 152983),
(2613, 'Poza Rica de Hidalgo', 'MEX', 'Veracruz', 152678),
(2614, 'Ciudad Valles', 'MEX', 'San Luis Potosí', 146411),
(2615, 'Navolato', 'MEX', 'Sinaloa', 145396),
(2616, 'San Luis Río Colorado', 'MEX', 'Sonora', 145276),
(2617, 'Pénjamo', 'MEX', 'Guanajuato', 143927),
(2618, 'San Andrés Tuxtla', 'MEX', 'Veracruz', 142251),
(2619, 'Guanajuato', 'MEX', 'Guanajuato', 141215),
(2620, 'Navojoa', 'MEX', 'Sonora', 140495),
(2621, 'Zitácuaro', 'MEX', 'Michoacán de Ocampo', 137970),
(2622, 'Boca del Río', 'MEX', 'Veracruz-Llave', 135721),
(2623, 'Allende', 'MEX', 'Guanajuato', 134645),
(2624, 'Silao', 'MEX', 'Guanajuato', 134037),
(2625, 'Macuspana', 'MEX', 'Tabasco', 133795),
(2626, 'San Juan Bautista Tuxtepec', 'MEX', 'Oaxaca', 133675),
(2627, 'San Cristóbal de las Casas', 'MEX', 'Chiapas', 132317),
(2628, 'Valle de Santiago', 'MEX', 'Guanajuato', 130557),
(2629, 'Guaymas', 'MEX', 'Sonora', 130108),
(2630, 'Colima', 'MEX', 'Colima', 129454),
(2631, 'Dolores Hidalgo', 'MEX', 'Guanajuato', 128675),
(2632, 'Lagos de Moreno', 'MEX', 'Jalisco', 127949),
(2633, 'Piedras Negras', 'MEX', 'Coahuila de Zaragoza', 127898),
(2634, 'Altamira', 'MEX', 'Tamaulipas', 127490),
(2635, 'Túxpam', 'MEX', 'Veracruz', 126475),
(2636, 'San Pedro Garza García', 'MEX', 'Nuevo León', 126147),
(2637, 'Cuauhtémoc', 'MEX', 'Chihuahua', 124279),
(2638, 'Manzanillo', 'MEX', 'Colima', 124014),
(2639, 'Iguala de la Independencia', 'MEX', 'Guerrero', 123883),
(2640, 'Zacatecas', 'MEX', 'Zacatecas', 123700),
(2641, 'Tlajomulco de Zúñiga', 'MEX', 'Jalisco', 123220),
(2642, 'Tulancingo de Bravo', 'MEX', 'Hidalgo', 121946),
(2643, 'Zinacantepec', 'MEX', 'México', 121715),
(2644, 'San Martín Texmelucan', 'MEX', 'Puebla', 121093),
(2645, 'Tepatitlán de Morelos', 'MEX', 'Jalisco', 118948),
(2646, 'Martínez de la Torre', 'MEX', 'Veracruz', 118815),
(2647, 'Orizaba', 'MEX', 'Veracruz', 118488),
(2648, 'Apatzingán', 'MEX', 'Michoacán de Ocampo', 117849),
(2649, 'Atlixco', 'MEX', 'Puebla', 117019),
(2650, 'Delicias', 'MEX', 'Chihuahua', 116132),
(2651, 'Ixtlahuaca', 'MEX', 'México', 115548),
(2652, 'El Mante', 'MEX', 'Tamaulipas', 112453),
(2653, 'Lerdo', 'MEX', 'Durango', 112272),
(2654, 'Almoloya de Juárez', 'MEX', 'México', 110550),
(2655, 'Acámbaro', 'MEX', 'Guanajuato', 110487),
(2656, 'Acuña', 'MEX', 'Coahuila de Zaragoza', 110388),
(2657, 'Guadalupe', 'MEX', 'Zacatecas', 108881),
(2658, 'Huejutla de Reyes', 'MEX', 'Hidalgo', 108017),
(2659, 'Hidalgo', 'MEX', 'Michoacán de Ocampo', 106198),
(2660, 'Los Cabos', 'MEX', 'Baja California Sur', 105199),
(2661, 'Comitán de Domínguez', 'MEX', 'Chiapas', 104986),
(2662, 'Cunduacán', 'MEX', 'Tabasco', 104164),
(2663, 'Río Bravo', 'MEX', 'Tamaulipas', 103901),
(2664, 'Temapache', 'MEX', 'Veracruz', 102824),
(2665, 'Chilapa de Alvarez', 'MEX', 'Guerrero', 102716),
(2666, 'Hidalgo del Parral', 'MEX', 'Chihuahua', 100881),
(2667, 'San Francisco del Rincón', 'MEX', 'Guanajuato', 100149),
(2668, 'Taxco de Alarcón', 'MEX', 'Guerrero', 99907),
(2669, 'Zumpango', 'MEX', 'México', 99781),
(2670, 'San Pedro Cholula', 'MEX', 'Puebla', 99734),
(2671, 'Lerma', 'MEX', 'México', 99714),
(2672, 'Tecomán', 'MEX', 'Colima', 99296),
(2673, 'Las Margaritas', 'MEX', 'Chiapas', 97389),
(2674, 'Cosoleacaque', 'MEX', 'Veracruz', 97199),
(2675, 'San Luis de la Paz', 'MEX', 'Guanajuato', 96763),
(2676, 'José Azueta', 'MEX', 'Guerrero', 95448),
(2677, 'Santiago Ixcuintla', 'MEX', 'Nayarit', 95311),
(2678, 'San Felipe', 'MEX', 'Guanajuato', 95305),
(2679, 'Tejupilco', 'MEX', 'México', 94934),
(2680, 'Tantoyuca', 'MEX', 'Veracruz', 94709),
(2681, 'Salvatierra', 'MEX', 'Guanajuato', 94322),
(2682, 'Tultepec', 'MEX', 'México', 93364),
(2683, 'Temixco', 'MEX', 'Morelos', 92686),
(2684, 'Matamoros', 'MEX', 'Coahuila de Zaragoza', 91858),
(2685, 'Pánuco', 'MEX', 'Veracruz', 90551),
(2686, 'El Fuerte', 'MEX', 'Sinaloa', 89556),
(2687, 'Tierra Blanca', 'MEX', 'Veracruz', 89143),
(2688, 'Weno', 'FSM', 'Chuuk', 22000),
(2689, 'Palikir', 'FSM', 'Pohnpei', 8600),
(2690, 'Chisinau', 'MDA', 'Chisinau', 719900),
(2691, 'Tiraspol', 'MDA', 'Dnjestria', 194300),
(2692, 'Balti', 'MDA', 'Balti', 153400),
(2693, 'Bender (Tîghina)', 'MDA', 'Bender (Tîghina)', 125700),
(2694, 'Monte-Carlo', 'MCO', '–', 13154),
(2695, 'Monaco-Ville', 'MCO', '–', 1234),
(2696, 'Ulan Bator', 'MNG', 'Ulaanbaatar', 773700),
(2697, 'Plymouth', 'MSR', 'Plymouth', 2000),
(2698, 'Maputo', 'MOZ', 'Maputo', 1018938),
(2699, 'Matola', 'MOZ', 'Maputo', 424662),
(2700, 'Beira', 'MOZ', 'Sofala', 397368),
(2701, 'Nampula', 'MOZ', 'Nampula', 303346),
(2702, 'Chimoio', 'MOZ', 'Manica', 171056),
(2703, 'Naçala-Porto', 'MOZ', 'Nampula', 158248),
(2704, 'Quelimane', 'MOZ', 'Zambézia', 150116),
(2705, 'Mocuba', 'MOZ', 'Zambézia', 124700),
(2706, 'Tete', 'MOZ', 'Tete', 101984),
(2707, 'Xai-Xai', 'MOZ', 'Gaza', 99442),
(2708, 'Gurue', 'MOZ', 'Zambézia', 99300),
(2709, 'Maxixe', 'MOZ', 'Inhambane', 93985),
(2710, 'Rangoon (Yangon)', 'MMR', 'Rangoon [Yangon]', 3361700),
(2711, 'Mandalay', 'MMR', 'Mandalay', 885300),
(2712, 'Moulmein (Mawlamyine)', 'MMR', 'Mon', 307900),
(2713, 'Pegu (Bago)', 'MMR', 'Pegu [Bago]', 190900),
(2714, 'Bassein (Pathein)', 'MMR', 'Irrawaddy [Ayeyarwad', 183900),
(2715, 'Monywa', 'MMR', 'Sagaing', 138600),
(2716, 'Sittwe (Akyab)', 'MMR', 'Rakhine', 137600),
(2717, 'Taunggyi (Taunggye)', 'MMR', 'Shan', 131500),
(2718, 'Meikhtila', 'MMR', 'Mandalay', 129700),
(2719, 'Mergui (Myeik)', 'MMR', 'Tenasserim [Tanintha', 122700),
(2720, 'Lashio (Lasho)', 'MMR', 'Shan', 107600),
(2721, 'Prome (Pyay)', 'MMR', 'Pegu [Bago]', 105700),
(2722, 'Henzada (Hinthada)', 'MMR', 'Irrawaddy [Ayeyarwad', 104700),
(2723, 'Myingyan', 'MMR', 'Mandalay', 103600),
(2724, 'Tavoy (Dawei)', 'MMR', 'Tenasserim [Tanintha', 96800),
(2725, 'Pagakku (Pakokku)', 'MMR', 'Magwe [Magway]', 94800),
(2726, 'Windhoek', 'NAM', 'Khomas', 169000),
(2727, 'Yangor', 'NRU', '–', 4050),
(2728, 'Yaren', 'NRU', '–', 559),
(2729, 'Kathmandu', 'NPL', 'Central', 591835),
(2730, 'Biratnagar', 'NPL', 'Eastern', 157764),
(2731, 'Pokhara', 'NPL', 'Western', 146318),
(2732, 'Lalitapur', 'NPL', 'Central', 145847),
(2733, 'Birgunj', 'NPL', 'Central', 90639),
(2734, 'Managua', 'NIC', 'Managua', 959000),
(2735, 'León', 'NIC', 'León', 123865),
(2736, 'Chinandega', 'NIC', 'Chinandega', 97387),
(2737, 'Masaya', 'NIC', 'Masaya', 88971),
(2738, 'Niamey', 'NER', 'Niamey', 420000),
(2739, 'Zinder', 'NER', 'Zinder', 120892),
(2740, 'Maradi', 'NER', 'Maradi', 112965),
(2741, 'Lagos', 'NGA', 'Lagos', 1518000),
(2742, 'Ibadan', 'NGA', 'Oyo & Osun', 1432000),
(2743, 'Ogbomosho', 'NGA', 'Oyo & Osun', 730000),
(2744, 'Kano', 'NGA', 'Kano & Jigawa', 674100),
(2745, 'Oshogbo', 'NGA', 'Oyo & Osun', 476800),
(2746, 'Ilorin', 'NGA', 'Kwara & Kogi', 475800),
(2747, 'Abeokuta', 'NGA', 'Ogun', 427400),
(2748, 'Port Harcourt', 'NGA', 'Rivers & Bayelsa', 410000),
(2749, 'Zaria', 'NGA', 'Kaduna', 379200),
(2750, 'Ilesha', 'NGA', 'Oyo & Osun', 378400),
(2751, 'Onitsha', 'NGA', 'Anambra & Enugu & Eb', 371900),
(2752, 'Iwo', 'NGA', 'Oyo & Osun', 362000),
(2753, 'Ado-Ekiti', 'NGA', 'Ondo & Ekiti', 359400),
(2754, 'Abuja', 'NGA', 'Federal Capital Dist', 350100),
(2755, 'Kaduna', 'NGA', 'Kaduna', 342200),
(2756, 'Mushin', 'NGA', 'Lagos', 333200),
(2757, 'Maiduguri', 'NGA', 'Borno & Yobe', 320000),
(2758, 'Enugu', 'NGA', 'Anambra & Enugu & Eb', 316100),
(2759, 'Ede', 'NGA', 'Oyo & Osun', 307100),
(2760, 'Aba', 'NGA', 'Imo & Abia', 298900),
(2761, 'Ife', 'NGA', 'Oyo & Osun', 296800),
(2762, 'Ila', 'NGA', 'Oyo & Osun', 264000),
(2763, 'Oyo', 'NGA', 'Oyo & Osun', 256400),
(2764, 'Ikerre', 'NGA', 'Ondo & Ekiti', 244600),
(2765, 'Benin City', 'NGA', 'Edo & Delta', 229400),
(2766, 'Iseyin', 'NGA', 'Oyo & Osun', 217300),
(2767, 'Katsina', 'NGA', 'Katsina', 206500),
(2768, 'Jos', 'NGA', 'Plateau & Nassarawa', 206300),
(2769, 'Sokoto', 'NGA', 'Sokoto & Kebbi & Zam', 204900),
(2770, 'Ilobu', 'NGA', 'Oyo & Osun', 199000),
(2771, 'Offa', 'NGA', 'Kwara & Kogi', 197200),
(2772, 'Ikorodu', 'NGA', 'Lagos', 184900),
(2773, 'Ilawe-Ekiti', 'NGA', 'Ondo & Ekiti', 184500),
(2774, 'Owo', 'NGA', 'Ondo & Ekiti', 183500),
(2775, 'Ikirun', 'NGA', 'Oyo & Osun', 181400),
(2776, 'Shaki', 'NGA', 'Oyo & Osun', 174500),
(2777, 'Calabar', 'NGA', 'Cross River', 174400),
(2778, 'Ondo', 'NGA', 'Ondo & Ekiti', 173600),
(2779, 'Akure', 'NGA', 'Ondo & Ekiti', 162300),
(2780, 'Gusau', 'NGA', 'Sokoto & Kebbi & Zam', 158000),
(2781, 'Ijebu-Ode', 'NGA', 'Ogun', 156400),
(2782, 'Effon-Alaiye', 'NGA', 'Oyo & Osun', 153100),
(2783, 'Kumo', 'NGA', 'Bauchi & Gombe', 148000),
(2784, 'Shomolu', 'NGA', 'Lagos', 147700),
(2785, 'Oka-Akoko', 'NGA', 'Ondo & Ekiti', 142900),
(2786, 'Ikare', 'NGA', 'Ondo & Ekiti', 140800),
(2787, 'Sapele', 'NGA', 'Edo & Delta', 139200),
(2788, 'Deba Habe', 'NGA', 'Bauchi & Gombe', 138600),
(2789, 'Minna', 'NGA', 'Niger', 136900),
(2790, 'Warri', 'NGA', 'Edo & Delta', 126100),
(2791, 'Bida', 'NGA', 'Niger', 125500),
(2792, 'Ikire', 'NGA', 'Oyo & Osun', 123300),
(2793, 'Makurdi', 'NGA', 'Benue', 123100),
(2794, 'Lafia', 'NGA', 'Plateau & Nassarawa', 122500),
(2795, 'Inisa', 'NGA', 'Oyo & Osun', 119800),
(2796, 'Shagamu', 'NGA', 'Ogun', 117200),
(2797, 'Awka', 'NGA', 'Anambra & Enugu & Eb', 111200),
(2798, 'Gombe', 'NGA', 'Bauchi & Gombe', 107800),
(2799, 'Igboho', 'NGA', 'Oyo & Osun', 106800),
(2800, 'Ejigbo', 'NGA', 'Oyo & Osun', 105900),
(2801, 'Agege', 'NGA', 'Lagos', 105000),
(2802, 'Ise-Ekiti', 'NGA', 'Ondo & Ekiti', 103400),
(2803, 'Ugep', 'NGA', 'Cross River', 102600),
(2804, 'Epe', 'NGA', 'Lagos', 101000),
(2805, 'Alofi', 'NIU', '–', 682),
(2806, 'Kingston', 'NFK', '–', 800),
(2807, 'Oslo', 'NOR', 'Oslo', 508726),
(2808, 'Bergen', 'NOR', 'Hordaland', 230948),
(2809, 'Trondheim', 'NOR', 'Sør-Trøndelag', 150166),
(2810, 'Stavanger', 'NOR', 'Rogaland', 108848),
(2811, 'Bærum', 'NOR', 'Akershus', 101340),
(2812, 'Abidjan', 'CIV', 'Abidjan', 2500000),
(2813, 'Bouaké', 'CIV', 'Bouaké', 329850),
(2814, 'Yamoussoukro', 'CIV', 'Yamoussoukro', 130000),
(2815, 'Daloa', 'CIV', 'Daloa', 121842),
(2816, 'Korhogo', 'CIV', 'Korhogo', 109445),
(2817, 'al-Sib', 'OMN', 'Masqat', 155000),
(2818, 'Salala', 'OMN', 'Zufar', 131813),
(2819, 'Bawshar', 'OMN', 'Masqat', 107500),
(2820, 'Suhar', 'OMN', 'al-Batina', 90814),
(2821, 'Masqat', 'OMN', 'Masqat', 51969),
(2822, 'Karachi', 'PAK', 'Sindh', 9269265),
(2823, 'Lahore', 'PAK', 'Punjab', 5063499),
(2824, 'Faisalabad', 'PAK', 'Punjab', 1977246),
(2825, 'Rawalpindi', 'PAK', 'Punjab', 1406214),
(2826, 'Multan', 'PAK', 'Punjab', 1182441),
(2827, 'Hyderabad', 'PAK', 'Sindh', 1151274),
(2828, 'Gujranwala', 'PAK', 'Punjab', 1124749),
(2829, 'Peshawar', 'PAK', 'Nothwest Border Prov', 988005),
(2830, 'Quetta', 'PAK', 'Baluchistan', 560307),
(2831, 'Islamabad', 'PAK', 'Islamabad', 524500),
(2832, 'Sargodha', 'PAK', 'Punjab', 455360),
(2833, 'Sialkot', 'PAK', 'Punjab', 417597),
(2834, 'Bahawalpur', 'PAK', 'Punjab', 403408),
(2835, 'Sukkur', 'PAK', 'Sindh', 329176),
(2836, 'Jhang', 'PAK', 'Punjab', 292214),
(2837, 'Sheikhupura', 'PAK', 'Punjab', 271875),
(2838, 'Larkana', 'PAK', 'Sindh', 270366),
(2839, 'Gujrat', 'PAK', 'Punjab', 250121),
(2840, 'Mardan', 'PAK', 'Nothwest Border Prov', 244511),
(2841, 'Kasur', 'PAK', 'Punjab', 241649),
(2842, 'Rahim Yar Khan', 'PAK', 'Punjab', 228479),
(2843, 'Sahiwal', 'PAK', 'Punjab', 207388),
(2844, 'Okara', 'PAK', 'Punjab', 200901),
(2845, 'Wah', 'PAK', 'Punjab', 198400),
(2846, 'Dera Ghazi Khan', 'PAK', 'Punjab', 188100),
(2847, 'Mirpur Khas', 'PAK', 'Sind', 184500),
(2848, 'Nawabshah', 'PAK', 'Sind', 183100),
(2849, 'Mingora', 'PAK', 'Nothwest Border Prov', 174500),
(2850, 'Chiniot', 'PAK', 'Punjab', 169300),
(2851, 'Kamoke', 'PAK', 'Punjab', 151000),
(2852, 'Mandi Burewala', 'PAK', 'Punjab', 149900),
(2853, 'Jhelum', 'PAK', 'Punjab', 145800),
(2854, 'Sadiqabad', 'PAK', 'Punjab', 141500),
(2855, 'Jacobabad', 'PAK', 'Sind', 137700),
(2856, 'Shikarpur', 'PAK', 'Sind', 133300),
(2857, 'Khanewal', 'PAK', 'Punjab', 133000),
(2858, 'Hafizabad', 'PAK', 'Punjab', 130200),
(2859, 'Kohat', 'PAK', 'Nothwest Border Prov', 125300),
(2860, 'Muzaffargarh', 'PAK', 'Punjab', 121600),
(2861, 'Khanpur', 'PAK', 'Punjab', 117800),
(2862, 'Gojra', 'PAK', 'Punjab', 115000),
(2863, 'Bahawalnagar', 'PAK', 'Punjab', 109600),
(2864, 'Muridke', 'PAK', 'Punjab', 108600),
(2865, 'Pak Pattan', 'PAK', 'Punjab', 107800),
(2866, 'Abottabad', 'PAK', 'Nothwest Border Prov', 106000),
(2867, 'Tando Adam', 'PAK', 'Sind', 103400),
(2868, 'Jaranwala', 'PAK', 'Punjab', 103300),
(2869, 'Khairpur', 'PAK', 'Sind', 102200),
(2870, 'Chishtian Mandi', 'PAK', 'Punjab', 101700),
(2871, 'Daska', 'PAK', 'Punjab', 101500),
(2872, 'Dadu', 'PAK', 'Sind', 98600),
(2873, 'Mandi Bahauddin', 'PAK', 'Punjab', 97300),
(2874, 'Ahmadpur East', 'PAK', 'Punjab', 96000),
(2875, 'Kamalia', 'PAK', 'Punjab', 95300),
(2876, 'Khuzdar', 'PAK', 'Baluchistan', 93100),
(2877, 'Vihari', 'PAK', 'Punjab', 92300),
(2878, 'Dera Ismail Khan', 'PAK', 'Nothwest Border Prov', 90400),
(2879, 'Wazirabad', 'PAK', 'Punjab', 89700),
(2880, 'Nowshera', 'PAK', 'Nothwest Border Prov', 89400),
(2881, 'Koror', 'PLW', 'Koror', 12000),
(2882, 'Ciudad de Panamá', 'PAN', 'Panamá', 471373),
(2883, 'San Miguelito', 'PAN', 'San Miguelito', 315382),
(2884, 'Port Moresby', 'PNG', 'National Capital Dis', 247000),
(2885, 'Asunción', 'PRY', 'Asunción', 557776),
(2886, 'Ciudad del Este', 'PRY', 'Alto Paraná', 133881),
(2887, 'San Lorenzo', 'PRY', 'Central', 133395),
(2888, 'Lambaré', 'PRY', 'Central', 99681),
(2889, 'Fernando de la Mora', 'PRY', 'Central', 95287),
(2890, 'Lima', 'PER', 'Lima', 6464693),
(2891, 'Arequipa', 'PER', 'Arequipa', 762000),
(2892, 'Trujillo', 'PER', 'La Libertad', 652000),
(2893, 'Chiclayo', 'PER', 'Lambayeque', 517000),
(2894, 'Callao', 'PER', 'Callao', 424294),
(2895, 'Iquitos', 'PER', 'Loreto', 367000),
(2896, 'Chimbote', 'PER', 'Ancash', 336000),
(2897, 'Huancayo', 'PER', 'Junín', 327000),
(2898, 'Piura', 'PER', 'Piura', 325000),
(2899, 'Cusco', 'PER', 'Cusco', 291000),
(2900, 'Pucallpa', 'PER', 'Ucayali', 220866),
(2901, 'Tacna', 'PER', 'Tacna', 215683),
(2902, 'Ica', 'PER', 'Ica', 194820),
(2903, 'Sullana', 'PER', 'Piura', 147361),
(2904, 'Juliaca', 'PER', 'Puno', 142576),
(2905, 'Huánuco', 'PER', 'Huanuco', 129688),
(2906, 'Ayacucho', 'PER', 'Ayacucho', 118960),
(2907, 'Chincha Alta', 'PER', 'Ica', 110016),
(2908, 'Cajamarca', 'PER', 'Cajamarca', 108009),
(2909, 'Puno', 'PER', 'Puno', 101578),
(2910, 'Ventanilla', 'PER', 'Callao', 101056),
(2911, 'Castilla', 'PER', 'Piura', 90642),
(2912, 'Adamstown', 'PCN', '–', 42),
(2913, 'Garapan', 'MNP', 'Saipan', 9200),
(2914, 'Lisboa', 'PRT', 'Lisboa', 563210),
(2915, 'Porto', 'PRT', 'Porto', 273060),
(2916, 'Amadora', 'PRT', 'Lisboa', 122106),
(2917, 'Coímbra', 'PRT', 'Coímbra', 96100),
(2918, 'Braga', 'PRT', 'Braga', 90535),
(2919, 'San Juan', 'PRI', 'San Juan', 434374),
(2920, 'Bayamón', 'PRI', 'Bayamón', 224044),
(2921, 'Ponce', 'PRI', 'Ponce', 186475),
(2922, 'Carolina', 'PRI', 'Carolina', 186076),
(2923, 'Caguas', 'PRI', 'Caguas', 140502),
(2924, 'Arecibo', 'PRI', 'Arecibo', 100131),
(2925, 'Guaynabo', 'PRI', 'Guaynabo', 100053),
(2926, 'Mayagüez', 'PRI', 'Mayagüez', 98434),
(2927, 'Toa Baja', 'PRI', 'Toa Baja', 94085),
(2928, 'Warszawa', 'POL', 'Mazowieckie', 1615369),
(2929, 'Lódz', 'POL', 'Lodzkie', 800110),
(2930, 'Kraków', 'POL', 'Malopolskie', 738150),
(2931, 'Wroclaw', 'POL', 'Dolnoslaskie', 636765),
(2932, 'Poznan', 'POL', 'Wielkopolskie', 576899),
(2933, 'Gdansk', 'POL', 'Pomorskie', 458988),
(2934, 'Szczecin', 'POL', 'Zachodnio-Pomorskie', 416988),
(2935, 'Bydgoszcz', 'POL', 'Kujawsko-Pomorskie', 386855),
(2936, 'Lublin', 'POL', 'Lubelskie', 356251),
(2937, 'Katowice', 'POL', 'Slaskie', 345934),
(2938, 'Bialystok', 'POL', 'Podlaskie', 283937),
(2939, 'Czestochowa', 'POL', 'Slaskie', 257812),
(2940, 'Gdynia', 'POL', 'Pomorskie', 253521),
(2941, 'Sosnowiec', 'POL', 'Slaskie', 244102),
(2942, 'Radom', 'POL', 'Mazowieckie', 232262),
(2943, 'Kielce', 'POL', 'Swietokrzyskie', 212383),
(2944, 'Gliwice', 'POL', 'Slaskie', 212164),
(2945, 'Torun', 'POL', 'Kujawsko-Pomorskie', 206158),
(2946, 'Bytom', 'POL', 'Slaskie', 205560),
(2947, 'Zabrze', 'POL', 'Slaskie', 200177),
(2948, 'Bielsko-Biala', 'POL', 'Slaskie', 180307),
(2949, 'Olsztyn', 'POL', 'Warminsko-Mazurskie', 170904),
(2950, 'Rzeszów', 'POL', 'Podkarpackie', 162049),
(2951, 'Ruda Slaska', 'POL', 'Slaskie', 159665),
(2952, 'Rybnik', 'POL', 'Slaskie', 144582),
(2953, 'Walbrzych', 'POL', 'Dolnoslaskie', 136923),
(2954, 'Tychy', 'POL', 'Slaskie', 133178),
(2955, 'Dabrowa Górnicza', 'POL', 'Slaskie', 131037),
(2956, 'Plock', 'POL', 'Mazowieckie', 131011),
(2957, 'Elblag', 'POL', 'Warminsko-Mazurskie', 129782),
(2958, 'Opole', 'POL', 'Opolskie', 129553),
(2959, 'Gorzów Wielkopolski', 'POL', 'Lubuskie', 126019),
(2960, 'Wloclawek', 'POL', 'Kujawsko-Pomorskie', 123373),
(2961, 'Chorzów', 'POL', 'Slaskie', 121708),
(2962, 'Tarnów', 'POL', 'Malopolskie', 121494),
(2963, 'Zielona Góra', 'POL', 'Lubuskie', 118182),
(2964, 'Koszalin', 'POL', 'Zachodnio-Pomorskie', 112375),
(2965, 'Legnica', 'POL', 'Dolnoslaskie', 109335),
(2966, 'Kalisz', 'POL', 'Wielkopolskie', 106641),
(2967, 'Grudziadz', 'POL', 'Kujawsko-Pomorskie', 102434),
(2968, 'Slupsk', 'POL', 'Pomorskie', 102370),
(2969, 'Jastrzebie-Zdrój', 'POL', 'Slaskie', 102294),
(2970, 'Jaworzno', 'POL', 'Slaskie', 97929),
(2971, 'Jelenia Góra', 'POL', 'Dolnoslaskie', 93901),
(2972, 'Malabo', 'GNQ', 'Bioko', 40000),
(2973, 'Doha', 'QAT', 'Doha', 355000),
(2974, 'Paris', 'FRA', 'Île-de-France', 2125246),
(2975, 'Marseille', 'FRA', 'Provence-Alpes-Côte', 798430),
(2976, 'Lyon', 'FRA', 'Rhône-Alpes', 445452),
(2977, 'Toulouse', 'FRA', 'Midi-Pyrénées', 390350),
(2978, 'Nice', 'FRA', 'Provence-Alpes-Côte', 342738),
(2979, 'Nantes', 'FRA', 'Pays de la Loire', 270251),
(2980, 'Strasbourg', 'FRA', 'Alsace', 264115),
(2981, 'Montpellier', 'FRA', 'Languedoc-Roussillon', 225392),
(2982, 'Bordeaux', 'FRA', 'Aquitaine', 215363),
(2983, 'Rennes', 'FRA', 'Haute-Normandie', 206229),
(2984, 'Le Havre', 'FRA', 'Champagne-Ardenne', 190905),
(2985, 'Reims', 'FRA', 'Nord-Pas-de-Calais', 187206),
(2986, 'Lille', 'FRA', 'Rhône-Alpes', 184657),
(2987, 'St-Étienne', 'FRA', 'Bretagne', 180210),
(2988, 'Toulon', 'FRA', 'Provence-Alpes-Côte', 160639),
(2989, 'Grenoble', 'FRA', 'Rhône-Alpes', 153317),
(2990, 'Angers', 'FRA', 'Pays de la Loire', 151279),
(2991, 'Dijon', 'FRA', 'Bourgogne', 149867),
(2992, 'Brest', 'FRA', 'Bretagne', 149634),
(2993, 'Le Mans', 'FRA', 'Pays de la Loire', 146105),
(2994, 'Clermont-Ferrand', 'FRA', 'Auvergne', 137140),
(2995, 'Amiens', 'FRA', 'Picardie', 135501),
(2996, 'Aix-en-Provence', 'FRA', 'Provence-Alpes-Côte', 134222),
(2997, 'Limoges', 'FRA', 'Limousin', 133968),
(2998, 'Nîmes', 'FRA', 'Languedoc-Roussillon', 133424),
(2999, 'Tours', 'FRA', 'Centre', 132820),
(3000, 'Villeurbanne', 'FRA', 'Rhône-Alpes', 124215),
(3001, 'Metz', 'FRA', 'Lorraine', 123776),
(3002, 'Besançon', 'FRA', 'Franche-Comté', 117733),
(3003, 'Caen', 'FRA', 'Basse-Normandie', 113987),
(3004, 'Orléans', 'FRA', 'Centre', 113126),
(3005, 'Mulhouse', 'FRA', 'Alsace', 110359),
(3006, 'Rouen', 'FRA', 'Haute-Normandie', 106592),
(3007, 'Boulogne-Billancourt', 'FRA', 'Île-de-France', 106367),
(3008, 'Perpignan', 'FRA', 'Languedoc-Roussillon', 105115),
(3009, 'Nancy', 'FRA', 'Lorraine', 103605),
(3010, 'Roubaix', 'FRA', 'Nord-Pas-de-Calais', 96984),
(3011, 'Argenteuil', 'FRA', 'Île-de-France', 93961),
(3012, 'Tourcoing', 'FRA', 'Nord-Pas-de-Calais', 93540),
(3013, 'Montreuil', 'FRA', 'Île-de-France', 90674),
(3014, 'Cayenne', 'GUF', 'Cayenne', 50699),
(3015, 'Faaa', 'PYF', 'Tahiti', 25888),
(3016, 'Papeete', 'PYF', 'Tahiti', 25553),
(3017, 'Saint-Denis', 'REU', 'Saint-Denis', 131480),
(3018, 'Bucuresti', 'ROM', 'Bukarest', 2016131),
(3019, 'Iasi', 'ROM', 'Iasi', 348070),
(3020, 'Constanta', 'ROM', 'Constanta', 342264),
(3021, 'Cluj-Napoca', 'ROM', 'Cluj', 332498),
(3022, 'Galati', 'ROM', 'Galati', 330276),
(3023, 'Timisoara', 'ROM', 'Timis', 324304),
(3024, 'Brasov', 'ROM', 'Brasov', 314225),
(3025, 'Craiova', 'ROM', 'Dolj', 313530),
(3026, 'Ploiesti', 'ROM', 'Prahova', 251348),
(3027, 'Braila', 'ROM', 'Braila', 233756),
(3028, 'Oradea', 'ROM', 'Bihor', 222239),
(3029, 'Bacau', 'ROM', 'Bacau', 209235),
(3030, 'Pitesti', 'ROM', 'Arges', 187170),
(3031, 'Arad', 'ROM', 'Arad', 184408),
(3032, 'Sibiu', 'ROM', 'Sibiu', 169611),
(3033, 'Târgu Mures', 'ROM', 'Mures', 165153),
(3034, 'Baia Mare', 'ROM', 'Maramures', 149665),
(3035, 'Buzau', 'ROM', 'Buzau', 148372),
(3036, 'Satu Mare', 'ROM', 'Satu Mare', 130059),
(3037, 'Botosani', 'ROM', 'Botosani', 128730),
(3038, 'Piatra Neamt', 'ROM', 'Neamt', 125070),
(3039, 'Râmnicu Vâlcea', 'ROM', 'Vâlcea', 119741),
(3040, 'Suceava', 'ROM', 'Suceava', 118549),
(3041, 'Drobeta-Turnu Severin', 'ROM', 'Mehedinti', 117865),
(3042, 'Târgoviste', 'ROM', 'Dâmbovita', 98980),
(3043, 'Focsani', 'ROM', 'Vrancea', 98979),
(3044, 'Târgu Jiu', 'ROM', 'Gorj', 98524),
(3045, 'Tulcea', 'ROM', 'Tulcea', 96278),
(3046, 'Resita', 'ROM', 'Caras-Severin', 93976),
(3047, 'Kigali', 'RWA', 'Kigali', 286000),
(3048, 'Stockholm', 'SWE', 'Lisboa', 750348),
(3049, 'Gothenburg [Göteborg]', 'SWE', 'West Götanmaan län', 466990),
(3050, 'Malmö', 'SWE', 'Skåne län', 259579),
(3051, 'Uppsala', 'SWE', 'Uppsala län', 189569),
(3052, 'Linköping', 'SWE', 'East Götanmaan län', 133168),
(3053, 'Västerås', 'SWE', 'Västmanlands län', 126328),
(3054, 'Örebro', 'SWE', 'Örebros län', 124207),
(3055, 'Norrköping', 'SWE', 'East Götanmaan län', 122199),
(3056, 'Helsingborg', 'SWE', 'Skåne län', 117737),
(3057, 'Jönköping', 'SWE', 'Jönköpings län', 117095),
(3058, 'Umeå', 'SWE', 'Västerbottens län', 104512),
(3059, 'Lund', 'SWE', 'Skåne län', 98948),
(3060, 'Borås', 'SWE', 'West Götanmaan län', 96883),
(3061, 'Sundsvall', 'SWE', 'Västernorrlands län', 93126),
(3062, 'Gävle', 'SWE', 'Gävleborgs län', 90742),
(3063, 'Jamestown', 'SHN', 'Saint Helena', 1500),
(3064, 'Basseterre', 'KNA', 'St George Basseterre', 11600),
(3065, 'Castries', 'LCA', 'Castries', 2301),
(3066, 'Kingstown', 'VCT', 'St George', 17100),
(3067, 'Saint-Pierre', 'SPM', 'Saint-Pierre', 5808),
(3068, 'Berlin', 'DEU', 'Berliini', 3386667),
(3069, 'Hamburg', 'DEU', 'Hamburg', 1704735),
(3070, 'Munich [München]', 'DEU', 'Baijeri', 1194560),
(3071, 'Köln', 'DEU', 'Nordrhein-Westfalen', 962507),
(3072, 'Frankfurt am Main', 'DEU', 'Hessen', 643821),
(3073, 'Essen', 'DEU', 'Nordrhein-Westfalen', 599515),
(3074, 'Dortmund', 'DEU', 'Nordrhein-Westfalen', 590213),
(3075, 'Stuttgart', 'DEU', 'Baden-Württemberg', 582443),
(3076, 'Düsseldorf', 'DEU', 'Nordrhein-Westfalen', 568855),
(3077, 'Bremen', 'DEU', 'Bremen', 540330),
(3078, 'Duisburg', 'DEU', 'Nordrhein-Westfalen', 519793),
(3079, 'Hannover', 'DEU', 'Niedersachsen', 514718),
(3080, 'Leipzig', 'DEU', 'Saksi', 489532),
(3081, 'Nürnberg', 'DEU', 'Baijeri', 486628),
(3082, 'Dresden', 'DEU', 'Saksi', 476668),
(3083, 'Bochum', 'DEU', 'Nordrhein-Westfalen', 392830),
(3084, 'Wuppertal', 'DEU', 'Nordrhein-Westfalen', 368993),
(3085, 'Bielefeld', 'DEU', 'Nordrhein-Westfalen', 321125),
(3086, 'Mannheim', 'DEU', 'Baden-Württemberg', 307730),
(3087, 'Bonn', 'DEU', 'Nordrhein-Westfalen', 301048),
(3088, 'Gelsenkirchen', 'DEU', 'Nordrhein-Westfalen', 281979),
(3089, 'Karlsruhe', 'DEU', 'Baden-Württemberg', 277204),
(3090, 'Wiesbaden', 'DEU', 'Hessen', 268716),
(3091, 'Münster', 'DEU', 'Nordrhein-Westfalen', 264670),
(3092, 'Mönchengladbach', 'DEU', 'Nordrhein-Westfalen', 263697),
(3093, 'Chemnitz', 'DEU', 'Saksi', 263222),
(3094, 'Augsburg', 'DEU', 'Baijeri', 254867),
(3095, 'Halle/Saale', 'DEU', 'Anhalt Sachsen', 254360),
(3096, 'Braunschweig', 'DEU', 'Niedersachsen', 246322),
(3097, 'Aachen', 'DEU', 'Nordrhein-Westfalen', 243825),
(3098, 'Krefeld', 'DEU', 'Nordrhein-Westfalen', 241769),
(3099, 'Magdeburg', 'DEU', 'Anhalt Sachsen', 235073),
(3100, 'Kiel', 'DEU', 'Schleswig-Holstein', 233795),
(3101, 'Oberhausen', 'DEU', 'Nordrhein-Westfalen', 222349),
(3102, 'Lübeck', 'DEU', 'Schleswig-Holstein', 213326),
(3103, 'Hagen', 'DEU', 'Nordrhein-Westfalen', 205201),
(3104, 'Rostock', 'DEU', 'Mecklenburg-Vorpomme', 203279),
(3105, 'Freiburg im Breisgau', 'DEU', 'Baden-Württemberg', 202455),
(3106, 'Erfurt', 'DEU', 'Thüringen', 201267),
(3107, 'Kassel', 'DEU', 'Hessen', 196211),
(3108, 'Saarbrücken', 'DEU', 'Saarland', 183836),
(3109, 'Mainz', 'DEU', 'Rheinland-Pfalz', 183134),
(3110, 'Hamm', 'DEU', 'Nordrhein-Westfalen', 181804),
(3111, 'Herne', 'DEU', 'Nordrhein-Westfalen', 175661),
(3112, 'Mülheim an der Ruhr', 'DEU', 'Nordrhein-Westfalen', 173895),
(3113, 'Solingen', 'DEU', 'Nordrhein-Westfalen', 165583),
(3114, 'Osnabrück', 'DEU', 'Niedersachsen', 164539),
(3115, 'Ludwigshafen am Rhein', 'DEU', 'Rheinland-Pfalz', 163771),
(3116, 'Leverkusen', 'DEU', 'Nordrhein-Westfalen', 160841),
(3117, 'Oldenburg', 'DEU', 'Niedersachsen', 154125),
(3118, 'Neuss', 'DEU', 'Nordrhein-Westfalen', 149702),
(3119, 'Heidelberg', 'DEU', 'Baden-Württemberg', 139672),
(3120, 'Darmstadt', 'DEU', 'Hessen', 137776),
(3121, 'Paderborn', 'DEU', 'Nordrhein-Westfalen', 137647),
(3122, 'Potsdam', 'DEU', 'Brandenburg', 128983),
(3123, 'Würzburg', 'DEU', 'Baijeri', 127350),
(3124, 'Regensburg', 'DEU', 'Baijeri', 125236),
(3125, 'Recklinghausen', 'DEU', 'Nordrhein-Westfalen', 125022),
(3126, 'Göttingen', 'DEU', 'Niedersachsen', 124775),
(3127, 'Bremerhaven', 'DEU', 'Bremen', 122735),
(3128, 'Wolfsburg', 'DEU', 'Niedersachsen', 121954),
(3129, 'Bottrop', 'DEU', 'Nordrhein-Westfalen', 121097),
(3130, 'Remscheid', 'DEU', 'Nordrhein-Westfalen', 120125),
(3131, 'Heilbronn', 'DEU', 'Baden-Württemberg', 119526),
(3132, 'Pforzheim', 'DEU', 'Baden-Württemberg', 117227),
(3133, 'Offenbach am Main', 'DEU', 'Hessen', 116627),
(3134, 'Ulm', 'DEU', 'Baden-Württemberg', 116103),
(3135, 'Ingolstadt', 'DEU', 'Baijeri', 114826),
(3136, 'Gera', 'DEU', 'Thüringen', 114718),
(3137, 'Salzgitter', 'DEU', 'Niedersachsen', 112934),
(3138, 'Cottbus', 'DEU', 'Brandenburg', 110894),
(3139, 'Reutlingen', 'DEU', 'Baden-Württemberg', 110343),
(3140, 'Fürth', 'DEU', 'Baijeri', 109771),
(3141, 'Siegen', 'DEU', 'Nordrhein-Westfalen', 109225),
(3142, 'Koblenz', 'DEU', 'Rheinland-Pfalz', 108003),
(3143, 'Moers', 'DEU', 'Nordrhein-Westfalen', 106837),
(3144, 'Bergisch Gladbach', 'DEU', 'Nordrhein-Westfalen', 106150),
(3145, 'Zwickau', 'DEU', 'Saksi', 104146),
(3146, 'Hildesheim', 'DEU', 'Niedersachsen', 104013),
(3147, 'Witten', 'DEU', 'Nordrhein-Westfalen', 103384),
(3148, 'Schwerin', 'DEU', 'Mecklenburg-Vorpomme', 102878),
(3149, 'Erlangen', 'DEU', 'Baijeri', 100750),
(3150, 'Kaiserslautern', 'DEU', 'Rheinland-Pfalz', 100025),
(3151, 'Trier', 'DEU', 'Rheinland-Pfalz', 99891),
(3152, 'Jena', 'DEU', 'Thüringen', 99779),
(3153, 'Iserlohn', 'DEU', 'Nordrhein-Westfalen', 99474),
(3154, 'Gütersloh', 'DEU', 'Nordrhein-Westfalen', 95028),
(3155, 'Marl', 'DEU', 'Nordrhein-Westfalen', 93735),
(3156, 'Lünen', 'DEU', 'Nordrhein-Westfalen', 92044),
(3157, 'Düren', 'DEU', 'Nordrhein-Westfalen', 91092),
(3158, 'Ratingen', 'DEU', 'Nordrhein-Westfalen', 90951),
(3159, 'Velbert', 'DEU', 'Nordrhein-Westfalen', 89881),
(3160, 'Esslingen am Neckar', 'DEU', 'Baden-Württemberg', 89667),
(3161, 'Honiara', 'SLB', 'Honiara', 50100),
(3162, 'Lusaka', 'ZMB', 'Lusaka', 1317000),
(3163, 'Ndola', 'ZMB', 'Copperbelt', 329200),
(3164, 'Kitwe', 'ZMB', 'Copperbelt', 288600),
(3165, 'Kabwe', 'ZMB', 'Central', 154300),
(3166, 'Chingola', 'ZMB', 'Copperbelt', 142400),
(3167, 'Mufulira', 'ZMB', 'Copperbelt', 123900),
(3168, 'Luanshya', 'ZMB', 'Copperbelt', 118100),
(3169, 'Apia', 'WSM', 'Upolu', 35900),
(3170, 'Serravalle', 'SMR', 'Serravalle/Dogano', 4802),
(3171, 'San Marino', 'SMR', 'San Marino', 2294),
(3172, 'São Tomé', 'STP', 'Aqua Grande', 49541),
(3173, 'Riyadh', 'SAU', 'Riyadh', 3324000),
(3174, 'Jedda', 'SAU', 'Mekka', 2046300),
(3175, 'Mekka', 'SAU', 'Mekka', 965700),
(3176, 'Medina', 'SAU', 'Medina', 608300),
(3177, 'al-Dammam', 'SAU', 'al-Sharqiya', 482300),
(3178, 'al-Taif', 'SAU', 'Mekka', 416100),
(3179, 'Tabuk', 'SAU', 'Tabuk', 292600),
(3180, 'Burayda', 'SAU', 'al-Qasim', 248600),
(3181, 'al-Hufuf', 'SAU', 'al-Sharqiya', 225800),
(3182, 'al-Mubarraz', 'SAU', 'al-Sharqiya', 219100),
(3183, 'Khamis Mushayt', 'SAU', 'Asir', 217900),
(3184, 'Hail', 'SAU', 'Hail', 176800),
(3185, 'al-Kharj', 'SAU', 'Riad', 152100),
(3186, 'al-Khubar', 'SAU', 'al-Sharqiya', 141700),
(3187, 'Jubayl', 'SAU', 'al-Sharqiya', 140800),
(3188, 'Hafar al-Batin', 'SAU', 'al-Sharqiya', 137800),
(3189, 'al-Tuqba', 'SAU', 'al-Sharqiya', 125700),
(3190, 'Yanbu', 'SAU', 'Medina', 119800),
(3191, 'Abha', 'SAU', 'Asir', 112300),
(3192, 'Ara´ar', 'SAU', 'al-Khudud al-Samaliy', 108100),
(3193, 'al-Qatif', 'SAU', 'al-Sharqiya', 98900),
(3194, 'al-Hawiya', 'SAU', 'Mekka', 93900),
(3195, 'Unayza', 'SAU', 'Qasim', 91100),
(3196, 'Najran', 'SAU', 'Najran', 91000),
(3197, 'Pikine', 'SEN', 'Cap-Vert', 855287),
(3198, 'Dakar', 'SEN', 'Cap-Vert', 785071),
(3199, 'Thiès', 'SEN', 'Thiès', 248000),
(3200, 'Kaolack', 'SEN', 'Kaolack', 199000),
(3201, 'Ziguinchor', 'SEN', 'Ziguinchor', 192000),
(3202, 'Rufisque', 'SEN', 'Cap-Vert', 150000),
(3203, 'Saint-Louis', 'SEN', 'Saint-Louis', 132400),
(3204, 'Mbour', 'SEN', 'Thiès', 109300),
(3205, 'Diourbel', 'SEN', 'Diourbel', 99400),
(3206, 'Victoria', 'SYC', 'Mahé', 41000),
(3207, 'Freetown', 'SLE', 'Western', 850000),
(3208, 'Singapore', 'SGP', '–', 4017733),
(3209, 'Bratislava', 'SVK', 'Bratislava', 448292),
(3210, 'Košice', 'SVK', 'Východné Slovensko', 241874),
(3211, 'Prešov', 'SVK', 'Východné Slovensko', 93977),
(3212, 'Ljubljana', 'SVN', 'Osrednjeslovenska', 270986),
(3213, 'Maribor', 'SVN', 'Podravska', 115532),
(3214, 'Mogadishu', 'SOM', 'Banaadir', 997000);
INSERT INTO `City` (`id`, `nombre`, `CountryCode`, `District`, `Population`) VALUES
(3215, 'Hargeysa', 'SOM', 'Woqooyi Galbeed', 90000),
(3216, 'Kismaayo', 'SOM', 'Jubbada Hoose', 90000),
(3217, 'Colombo', 'LKA', 'Western', 645000),
(3218, 'Dehiwala', 'LKA', 'Western', 203000),
(3219, 'Moratuwa', 'LKA', 'Western', 190000),
(3220, 'Jaffna', 'LKA', 'Northern', 149000),
(3221, 'Kandy', 'LKA', 'Central', 140000),
(3222, 'Sri Jayawardenepura Kotte', 'LKA', 'Western', 118000),
(3223, 'Negombo', 'LKA', 'Western', 100000),
(3224, 'Omdurman', 'SDN', 'Khartum', 1271403),
(3225, 'Khartum', 'SDN', 'Khartum', 947483),
(3226, 'Sharq al-Nil', 'SDN', 'Khartum', 700887),
(3227, 'Port Sudan', 'SDN', 'al-Bahr al-Ahmar', 308195),
(3228, 'Kassala', 'SDN', 'Kassala', 234622),
(3229, 'Obeid', 'SDN', 'Kurdufan al-Shamaliy', 229425),
(3230, 'Nyala', 'SDN', 'Darfur al-Janubiya', 227183),
(3231, 'Wad Madani', 'SDN', 'al-Jazira', 211362),
(3232, 'al-Qadarif', 'SDN', 'al-Qadarif', 191164),
(3233, 'Kusti', 'SDN', 'al-Bahr al-Abyad', 173599),
(3234, 'al-Fashir', 'SDN', 'Darfur al-Shamaliya', 141884),
(3235, 'Juba', 'SDN', 'Bahr al-Jabal', 114980),
(3236, 'Helsinki [Helsingfors]', 'FIN', 'Newmaa', 555474),
(3237, 'Espoo', 'FIN', 'Newmaa', 213271),
(3238, 'Tampere', 'FIN', 'Pirkanmaa', 195468),
(3239, 'Vantaa', 'FIN', 'Newmaa', 178471),
(3240, 'Turku [Åbo]', 'FIN', 'Varsinais-Suomi', 172561),
(3241, 'Oulu', 'FIN', 'Pohjois-Pohjanmaa', 120753),
(3242, 'Lahti', 'FIN', 'Päijät-Häme', 96921),
(3243, 'Paramaribo', 'SUR', 'Paramaribo', 112000),
(3244, 'Mbabane', 'SWZ', 'Hhohho', 61000),
(3245, 'Zürich', 'CHE', 'Zürich', 336800),
(3246, 'Geneve', 'CHE', 'Geneve', 173500),
(3247, 'Basel', 'CHE', 'Basel-Stadt', 166700),
(3248, 'Bern', 'CHE', 'Bern', 122700),
(3249, 'Lausanne', 'CHE', 'Vaud', 114500),
(3250, 'Damascus', 'SYR', 'Damascus', 1347000),
(3251, 'Aleppo', 'SYR', 'Aleppo', 1261983),
(3252, 'Hims', 'SYR', 'Hims', 507404),
(3253, 'Hama', 'SYR', 'Hama', 343361),
(3254, 'Latakia', 'SYR', 'Latakia', 264563),
(3255, 'al-Qamishliya', 'SYR', 'al-Hasaka', 144286),
(3256, 'Dayr al-Zawr', 'SYR', 'Dayr al-Zawr', 140459),
(3257, 'Jaramana', 'SYR', 'Damaskos', 138469),
(3258, 'Duma', 'SYR', 'Damaskos', 131158),
(3259, 'al-Raqqa', 'SYR', 'al-Raqqa', 108020),
(3260, 'Idlib', 'SYR', 'Idlib', 91081),
(3261, 'Dushanbe', 'TJK', 'Karotegin', 524000),
(3262, 'Khujand', 'TJK', 'Khujand', 161500),
(3263, 'Taipei', 'TWN', 'Taipei', 2641312),
(3264, 'Kaohsiung', 'TWN', 'Kaohsiung', 1475505),
(3265, 'Taichung', 'TWN', 'Taichung', 940589),
(3266, 'Tainan', 'TWN', 'Tainan', 728060),
(3267, 'Panchiao', 'TWN', 'Taipei', 523850),
(3268, 'Chungho', 'TWN', 'Taipei', 392176),
(3269, 'Keelung (Chilung)', 'TWN', 'Keelung', 385201),
(3270, 'Sanchung', 'TWN', 'Taipei', 380084),
(3271, 'Hsinchuang', 'TWN', 'Taipei', 365048),
(3272, 'Hsinchu', 'TWN', 'Hsinchu', 361958),
(3273, 'Chungli', 'TWN', 'Taoyuan', 318649),
(3274, 'Fengshan', 'TWN', 'Kaohsiung', 318562),
(3275, 'Taoyuan', 'TWN', 'Taoyuan', 316438),
(3276, 'Chiayi', 'TWN', 'Chiayi', 265109),
(3277, 'Hsintien', 'TWN', 'Taipei', 263603),
(3278, 'Changhwa', 'TWN', 'Changhwa', 227715),
(3279, 'Yungho', 'TWN', 'Taipei', 227700),
(3280, 'Tucheng', 'TWN', 'Taipei', 224897),
(3281, 'Pingtung', 'TWN', 'Pingtung', 214727),
(3282, 'Yungkang', 'TWN', 'Tainan', 193005),
(3283, 'Pingchen', 'TWN', 'Taoyuan', 188344),
(3284, 'Tali', 'TWN', 'Taichung', 171940),
(3285, 'Taiping', 'TWN', '', 165524),
(3286, 'Pate', 'TWN', 'Taoyuan', 161700),
(3287, 'Fengyuan', 'TWN', 'Taichung', 161032),
(3288, 'Luchou', 'TWN', 'Taipei', 160516),
(3289, 'Hsichuh', 'TWN', 'Taipei', 154976),
(3290, 'Shulin', 'TWN', 'Taipei', 151260),
(3291, 'Yuanlin', 'TWN', 'Changhwa', 126402),
(3292, 'Yangmei', 'TWN', 'Taoyuan', 126323),
(3293, 'Taliao', 'TWN', '', 115897),
(3294, 'Kueishan', 'TWN', '', 112195),
(3295, 'Tanshui', 'TWN', 'Taipei', 111882),
(3296, 'Taitung', 'TWN', 'Taitung', 111039),
(3297, 'Hualien', 'TWN', 'Hualien', 108407),
(3298, 'Nantou', 'TWN', 'Nantou', 104723),
(3299, 'Lungtan', 'TWN', 'Taipei', 103088),
(3300, 'Touliu', 'TWN', 'Yünlin', 98900),
(3301, 'Tsaotun', 'TWN', 'Nantou', 96800),
(3302, 'Kangshan', 'TWN', 'Kaohsiung', 92200),
(3303, 'Ilan', 'TWN', 'Ilan', 92000),
(3304, 'Miaoli', 'TWN', 'Miaoli', 90000),
(3305, 'Dar es Salaam', 'TZA', 'Dar es Salaam', 1747000),
(3306, 'Dodoma', 'TZA', 'Dodoma', 189000),
(3307, 'Mwanza', 'TZA', 'Mwanza', 172300),
(3308, 'Zanzibar', 'TZA', 'Zanzibar West', 157634),
(3309, 'Tanga', 'TZA', 'Tanga', 137400),
(3310, 'Mbeya', 'TZA', 'Mbeya', 130800),
(3311, 'Morogoro', 'TZA', 'Morogoro', 117800),
(3312, 'Arusha', 'TZA', 'Arusha', 102500),
(3313, 'Moshi', 'TZA', 'Kilimanjaro', 96800),
(3314, 'Tabora', 'TZA', 'Tabora', 92800),
(3315, 'København', 'DNK', 'København', 495699),
(3316, 'Århus', 'DNK', 'Århus', 284846),
(3317, 'Odense', 'DNK', 'Fyn', 183912),
(3318, 'Aalborg', 'DNK', 'Nordjylland', 161161),
(3319, 'Frederiksberg', 'DNK', 'Frederiksberg', 90327),
(3320, 'Bangkok', 'THA', 'Bangkok', 6320174),
(3321, 'Nonthaburi', 'THA', 'Nonthaburi', 292100),
(3322, 'Nakhon Ratchasima', 'THA', 'Nakhon Ratchasima', 181400),
(3323, 'Chiang Mai', 'THA', 'Chiang Mai', 171100),
(3324, 'Udon Thani', 'THA', 'Udon Thani', 158100),
(3325, 'Hat Yai', 'THA', 'Songkhla', 148632),
(3326, 'Khon Kaen', 'THA', 'Khon Kaen', 126500),
(3327, 'Pak Kret', 'THA', 'Nonthaburi', 126055),
(3328, 'Nakhon Sawan', 'THA', 'Nakhon Sawan', 123800),
(3329, 'Ubon Ratchathani', 'THA', 'Ubon Ratchathani', 116300),
(3330, 'Songkhla', 'THA', 'Songkhla', 94900),
(3331, 'Nakhon Pathom', 'THA', 'Nakhon Pathom', 94100),
(3332, 'Lomé', 'TGO', 'Maritime', 375000),
(3333, 'Fakaofo', 'TKL', 'Fakaofo', 300),
(3334, 'Nuku´alofa', 'TON', 'Tongatapu', 22400),
(3335, 'Chaguanas', 'TTO', 'Caroni', 56601),
(3336, 'Port-of-Spain', 'TTO', 'Port-of-Spain', 43396),
(3337, 'N´Djaména', 'TCD', 'Chari-Baguirmi', 530965),
(3338, 'Moundou', 'TCD', 'Logone Occidental', 99500),
(3339, 'Praha', 'CZE', 'Hlavní mesto Praha', 1181126),
(3340, 'Brno', 'CZE', 'Jizní Morava', 381862),
(3341, 'Ostrava', 'CZE', 'Severní Morava', 320041),
(3342, 'Plzen', 'CZE', 'Zapadní Cechy', 166759),
(3343, 'Olomouc', 'CZE', 'Severní Morava', 102702),
(3344, 'Liberec', 'CZE', 'Severní Cechy', 99155),
(3345, 'Ceské Budejovice', 'CZE', 'Jizní Cechy', 98186),
(3346, 'Hradec Králové', 'CZE', 'Východní Cechy', 98080),
(3347, 'Ústí nad Labem', 'CZE', 'Severní Cechy', 95491),
(3348, 'Pardubice', 'CZE', 'Východní Cechy', 91309),
(3349, 'Tunis', 'TUN', 'Tunis', 690600),
(3350, 'Sfax', 'TUN', 'Sfax', 257800),
(3351, 'Ariana', 'TUN', 'Ariana', 197000),
(3352, 'Ettadhamen', 'TUN', 'Ariana', 178600),
(3353, 'Sousse', 'TUN', 'Sousse', 145900),
(3354, 'Kairouan', 'TUN', 'Kairouan', 113100),
(3355, 'Biserta', 'TUN', 'Biserta', 108900),
(3356, 'Gabès', 'TUN', 'Gabès', 106600),
(3357, 'Istanbul', 'TUR', 'Istanbul', 8787958),
(3358, 'Ankara', 'TUR', 'Ankara', 3038159),
(3359, 'Izmir', 'TUR', 'Izmir', 2130359),
(3360, 'Adana', 'TUR', 'Adana', 1131198),
(3361, 'Bursa', 'TUR', 'Bursa', 1095842),
(3362, 'Gaziantep', 'TUR', 'Gaziantep', 789056),
(3363, 'Konya', 'TUR', 'Konya', 628364),
(3364, 'Mersin (Içel)', 'TUR', 'Içel', 587212),
(3365, 'Antalya', 'TUR', 'Antalya', 564914),
(3366, 'Diyarbakir', 'TUR', 'Diyarbakir', 479884),
(3367, 'Kayseri', 'TUR', 'Kayseri', 475657),
(3368, 'Eskisehir', 'TUR', 'Eskisehir', 470781),
(3369, 'Sanliurfa', 'TUR', 'Sanliurfa', 405905),
(3370, 'Samsun', 'TUR', 'Samsun', 339871),
(3371, 'Malatya', 'TUR', 'Malatya', 330312),
(3372, 'Gebze', 'TUR', 'Kocaeli', 264170),
(3373, 'Denizli', 'TUR', 'Denizli', 253848),
(3374, 'Sivas', 'TUR', 'Sivas', 246642),
(3375, 'Erzurum', 'TUR', 'Erzurum', 246535),
(3376, 'Tarsus', 'TUR', 'Adana', 246206),
(3377, 'Kahramanmaras', 'TUR', 'Kahramanmaras', 245772),
(3378, 'Elâzig', 'TUR', 'Elâzig', 228815),
(3379, 'Van', 'TUR', 'Van', 219319),
(3380, 'Sultanbeyli', 'TUR', 'Istanbul', 211068),
(3381, 'Izmit (Kocaeli)', 'TUR', 'Kocaeli', 210068),
(3382, 'Manisa', 'TUR', 'Manisa', 207148),
(3383, 'Batman', 'TUR', 'Batman', 203793),
(3384, 'Balikesir', 'TUR', 'Balikesir', 196382),
(3385, 'Sakarya (Adapazari)', 'TUR', 'Sakarya', 190641),
(3386, 'Iskenderun', 'TUR', 'Hatay', 153022),
(3387, 'Osmaniye', 'TUR', 'Osmaniye', 146003),
(3388, 'Çorum', 'TUR', 'Çorum', 145495),
(3389, 'Kütahya', 'TUR', 'Kütahya', 144761),
(3390, 'Hatay (Antakya)', 'TUR', 'Hatay', 143982),
(3391, 'Kirikkale', 'TUR', 'Kirikkale', 142044),
(3392, 'Adiyaman', 'TUR', 'Adiyaman', 141529),
(3393, 'Trabzon', 'TUR', 'Trabzon', 138234),
(3394, 'Ordu', 'TUR', 'Ordu', 133642),
(3395, 'Aydin', 'TUR', 'Aydin', 128651),
(3396, 'Usak', 'TUR', 'Usak', 128162),
(3397, 'Edirne', 'TUR', 'Edirne', 123383),
(3398, 'Çorlu', 'TUR', 'Tekirdag', 123300),
(3399, 'Isparta', 'TUR', 'Isparta', 121911),
(3400, 'Karabük', 'TUR', 'Karabük', 118285),
(3401, 'Kilis', 'TUR', 'Kilis', 118245),
(3402, 'Alanya', 'TUR', 'Antalya', 117300),
(3403, 'Kiziltepe', 'TUR', 'Mardin', 112000),
(3404, 'Zonguldak', 'TUR', 'Zonguldak', 111542),
(3405, 'Siirt', 'TUR', 'Siirt', 107100),
(3406, 'Viransehir', 'TUR', 'Sanliurfa', 106400),
(3407, 'Tekirdag', 'TUR', 'Tekirdag', 106077),
(3408, 'Karaman', 'TUR', 'Karaman', 104200),
(3409, 'Afyon', 'TUR', 'Afyon', 103984),
(3410, 'Aksaray', 'TUR', 'Aksaray', 102681),
(3411, 'Ceyhan', 'TUR', 'Adana', 102412),
(3412, 'Erzincan', 'TUR', 'Erzincan', 102304),
(3413, 'Bismil', 'TUR', 'Diyarbakir', 101400),
(3414, 'Nazilli', 'TUR', 'Aydin', 99900),
(3415, 'Tokat', 'TUR', 'Tokat', 99500),
(3416, 'Kars', 'TUR', 'Kars', 93000),
(3417, 'Inegöl', 'TUR', 'Bursa', 90500),
(3418, 'Bandirma', 'TUR', 'Balikesir', 90200),
(3419, 'Ashgabat', 'TKM', 'Ahal', 540600),
(3420, 'Chärjew', 'TKM', 'Lebap', 189200),
(3421, 'Dashhowuz', 'TKM', 'Dashhowuz', 141800),
(3422, 'Mary', 'TKM', 'Mary', 101000),
(3423, 'Cockburn Town', 'TCA', 'Grand Turk', 4800),
(3424, 'Funafuti', 'TUV', 'Funafuti', 4600),
(3425, 'Kampala', 'UGA', 'Central', 890800),
(3426, 'Kyiv', 'UKR', 'Kiova', 2624000),
(3427, 'Harkova [Harkiv]', 'UKR', 'Harkova', 1500000),
(3428, 'Dnipropetrovsk', 'UKR', 'Dnipropetrovsk', 1103000),
(3429, 'Donetsk', 'UKR', 'Donetsk', 1050000),
(3430, 'Odesa', 'UKR', 'Odesa', 1011000),
(3431, 'Zaporizzja', 'UKR', 'Zaporizzja', 848000),
(3432, 'Lviv', 'UKR', 'Lviv', 788000),
(3433, 'Kryvyi Rig', 'UKR', 'Dnipropetrovsk', 703000),
(3434, 'Mykolajiv', 'UKR', 'Mykolajiv', 508000),
(3435, 'Mariupol', 'UKR', 'Donetsk', 490000),
(3436, 'Lugansk', 'UKR', 'Lugansk', 469000),
(3437, 'Vinnytsja', 'UKR', 'Vinnytsja', 391000),
(3438, 'Makijivka', 'UKR', 'Donetsk', 384000),
(3439, 'Herson', 'UKR', 'Herson', 353000),
(3440, 'Sevastopol', 'UKR', 'Krim', 348000),
(3441, 'Simferopol', 'UKR', 'Krim', 339000),
(3442, 'Pultava [Poltava]', 'UKR', 'Pultava', 313000),
(3443, 'Tšernigiv', 'UKR', 'Tšernigiv', 313000),
(3444, 'Tšerkasy', 'UKR', 'Tšerkasy', 309000),
(3445, 'Gorlivka', 'UKR', 'Donetsk', 299000),
(3446, 'Zytomyr', 'UKR', 'Zytomyr', 297000),
(3447, 'Sumy', 'UKR', 'Sumy', 294000),
(3448, 'Dniprodzerzynsk', 'UKR', 'Dnipropetrovsk', 270000),
(3449, 'Kirovograd', 'UKR', 'Kirovograd', 265000),
(3450, 'Hmelnytskyi', 'UKR', 'Hmelnytskyi', 262000),
(3451, 'Tšernivtsi', 'UKR', 'Tšernivtsi', 259000),
(3452, 'Rivne', 'UKR', 'Rivne', 245000),
(3453, 'Krementšuk', 'UKR', 'Pultava', 239000),
(3454, 'Ivano-Frankivsk', 'UKR', 'Ivano-Frankivsk', 237000),
(3455, 'Ternopil', 'UKR', 'Ternopil', 236000),
(3456, 'Lutsk', 'UKR', 'Volynia', 217000),
(3457, 'Bila Tserkva', 'UKR', 'Kiova', 215000),
(3458, 'Kramatorsk', 'UKR', 'Donetsk', 186000),
(3459, 'Melitopol', 'UKR', 'Zaporizzja', 169000),
(3460, 'Kertš', 'UKR', 'Krim', 162000),
(3461, 'Nikopol', 'UKR', 'Dnipropetrovsk', 149000),
(3462, 'Berdjansk', 'UKR', 'Zaporizzja', 130000),
(3463, 'Pavlograd', 'UKR', 'Dnipropetrovsk', 127000),
(3464, 'Sjeverodonetsk', 'UKR', 'Lugansk', 127000),
(3465, 'Slovjansk', 'UKR', 'Donetsk', 127000),
(3466, 'Uzgorod', 'UKR', 'Taka-Karpatia', 127000),
(3467, 'Altševsk', 'UKR', 'Lugansk', 119000),
(3468, 'Lysytšansk', 'UKR', 'Lugansk', 116000),
(3469, 'Jevpatorija', 'UKR', 'Krim', 112000),
(3470, 'Kamjanets-Podilskyi', 'UKR', 'Hmelnytskyi', 109000),
(3471, 'Jenakijeve', 'UKR', 'Donetsk', 105000),
(3472, 'Krasnyi Lutš', 'UKR', 'Lugansk', 101000),
(3473, 'Stahanov', 'UKR', 'Lugansk', 101000),
(3474, 'Oleksandrija', 'UKR', 'Kirovograd', 99000),
(3475, 'Konotop', 'UKR', 'Sumy', 96000),
(3476, 'Kostjantynivka', 'UKR', 'Donetsk', 95000),
(3477, 'Berdytšiv', 'UKR', 'Zytomyr', 90000),
(3478, 'Izmajil', 'UKR', 'Odesa', 90000),
(3479, 'Šostka', 'UKR', 'Sumy', 90000),
(3480, 'Uman', 'UKR', 'Tšerkasy', 90000),
(3481, 'Brovary', 'UKR', 'Kiova', 89000),
(3482, 'Mukatševe', 'UKR', 'Taka-Karpatia', 89000),
(3483, 'Budapest', 'HUN', 'Budapest', 1811552),
(3484, 'Debrecen', 'HUN', 'Hajdú-Bihar', 203648),
(3485, 'Miskolc', 'HUN', 'Borsod-Abaúj-Zemplén', 172357),
(3486, 'Szeged', 'HUN', 'Csongrád', 158158),
(3487, 'Pécs', 'HUN', 'Baranya', 157332),
(3488, 'Györ', 'HUN', 'Györ-Moson-Sopron', 127119),
(3489, 'Nyiregyháza', 'HUN', 'Szabolcs-Szatmár-Ber', 112419),
(3490, 'Kecskemét', 'HUN', 'Bács-Kiskun', 105606),
(3491, 'Székesfehérvár', 'HUN', 'Fejér', 105119),
(3492, 'Montevideo', 'URY', 'Montevideo', 1236000),
(3493, 'Nouméa', 'NCL', '–', 76293),
(3494, 'Auckland', 'NZL', 'Auckland', 381800),
(3495, 'Christchurch', 'NZL', 'Canterbury', 324200),
(3496, 'Manukau', 'NZL', 'Auckland', 281800),
(3497, 'North Shore', 'NZL', 'Auckland', 187700),
(3498, 'Waitakere', 'NZL', 'Auckland', 170600),
(3499, 'Wellington', 'NZL', 'Wellington', 166700),
(3500, 'Dunedin', 'NZL', 'Dunedin', 119600),
(3501, 'Hamilton', 'NZL', 'Hamilton', 117100),
(3502, 'Lower Hutt', 'NZL', 'Wellington', 98100),
(3503, 'Toskent', 'UZB', 'Toskent Shahri', 2117500),
(3504, 'Namangan', 'UZB', 'Namangan', 370500),
(3505, 'Samarkand', 'UZB', 'Samarkand', 361800),
(3506, 'Andijon', 'UZB', 'Andijon', 318600),
(3507, 'Buhoro', 'UZB', 'Buhoro', 237100),
(3508, 'Karsi', 'UZB', 'Qashqadaryo', 194100),
(3509, 'Nukus', 'UZB', 'Karakalpakistan', 194100),
(3510, 'Kükon', 'UZB', 'Fargona', 190100),
(3511, 'Fargona', 'UZB', 'Fargona', 180500),
(3512, 'Circik', 'UZB', 'Toskent', 146400),
(3513, 'Margilon', 'UZB', 'Fargona', 140800),
(3514, 'Ürgenc', 'UZB', 'Khorazm', 138900),
(3515, 'Angren', 'UZB', 'Toskent', 128000),
(3516, 'Cizah', 'UZB', 'Cizah', 124800),
(3517, 'Navoi', 'UZB', 'Navoi', 116300),
(3518, 'Olmalik', 'UZB', 'Toskent', 114900),
(3519, 'Termiz', 'UZB', 'Surkhondaryo', 109500),
(3520, 'Minsk', 'BLR', 'Horad Minsk', 1674000),
(3521, 'Gomel', 'BLR', 'Gomel', 475000),
(3522, 'Mogiljov', 'BLR', 'Mogiljov', 356000),
(3523, 'Vitebsk', 'BLR', 'Vitebsk', 340000),
(3524, 'Grodno', 'BLR', 'Grodno', 302000),
(3525, 'Brest', 'BLR', 'Brest', 286000),
(3526, 'Bobruisk', 'BLR', 'Mogiljov', 221000),
(3527, 'Baranovitši', 'BLR', 'Brest', 167000),
(3528, 'Borisov', 'BLR', 'Minsk', 151000),
(3529, 'Pinsk', 'BLR', 'Brest', 130000),
(3530, 'Orša', 'BLR', 'Vitebsk', 124000),
(3531, 'Mozyr', 'BLR', 'Gomel', 110000),
(3532, 'Novopolotsk', 'BLR', 'Vitebsk', 106000),
(3533, 'Lida', 'BLR', 'Grodno', 101000),
(3534, 'Soligorsk', 'BLR', 'Minsk', 101000),
(3535, 'Molodetšno', 'BLR', 'Minsk', 97000),
(3536, 'Mata-Utu', 'WLF', 'Wallis', 1137),
(3537, 'Port-Vila', 'VUT', 'Shefa', 33700),
(3538, 'Città del Vaticano', 'VAT', '–', 455),
(3539, 'Caracas', 'VEN', 'Distrito Federal', 1975294),
(3540, 'Maracaíbo', 'VEN', 'Zulia', 1304776),
(3541, 'Barquisimeto', 'VEN', 'Lara', 877239),
(3542, 'Valencia', 'VEN', 'Carabobo', 794246),
(3543, 'Ciudad Guayana', 'VEN', 'Bolívar', 663713),
(3544, 'Petare', 'VEN', 'Miranda', 488868),
(3545, 'Maracay', 'VEN', 'Aragua', 444443),
(3546, 'Barcelona', 'VEN', 'Anzoátegui', 322267),
(3547, 'Maturín', 'VEN', 'Monagas', 319726),
(3548, 'San Cristóbal', 'VEN', 'Táchira', 319373),
(3549, 'Ciudad Bolívar', 'VEN', 'Bolívar', 301107),
(3550, 'Cumaná', 'VEN', 'Sucre', 293105),
(3551, 'Mérida', 'VEN', 'Mérida', 224887),
(3552, 'Cabimas', 'VEN', 'Zulia', 221329),
(3553, 'Barinas', 'VEN', 'Barinas', 217831),
(3554, 'Turmero', 'VEN', 'Aragua', 217499),
(3555, 'Baruta', 'VEN', 'Miranda', 207290),
(3556, 'Puerto Cabello', 'VEN', 'Carabobo', 187722),
(3557, 'Santa Ana de Coro', 'VEN', 'Falcón', 185766),
(3558, 'Los Teques', 'VEN', 'Miranda', 178784),
(3559, 'Punto Fijo', 'VEN', 'Falcón', 167215),
(3560, 'Guarenas', 'VEN', 'Miranda', 165889),
(3561, 'Acarigua', 'VEN', 'Portuguesa', 158954),
(3562, 'Puerto La Cruz', 'VEN', 'Anzoátegui', 155700),
(3563, 'Ciudad Losada', 'VEN', '', 134501),
(3564, 'Guacara', 'VEN', 'Carabobo', 131334),
(3565, 'Valera', 'VEN', 'Trujillo', 130281),
(3566, 'Guanare', 'VEN', 'Portuguesa', 125621),
(3567, 'Carúpano', 'VEN', 'Sucre', 119639),
(3568, 'Catia La Mar', 'VEN', 'Distrito Federal', 117012),
(3569, 'El Tigre', 'VEN', 'Anzoátegui', 116256),
(3570, 'Guatire', 'VEN', 'Miranda', 109121),
(3571, 'Calabozo', 'VEN', 'Guárico', 107146),
(3572, 'Pozuelos', 'VEN', 'Anzoátegui', 105690),
(3573, 'Ciudad Ojeda', 'VEN', 'Zulia', 99354),
(3574, 'Ocumare del Tuy', 'VEN', 'Miranda', 97168),
(3575, 'Valle de la Pascua', 'VEN', 'Guárico', 95927),
(3576, 'Araure', 'VEN', 'Portuguesa', 94269),
(3577, 'San Fernando de Apure', 'VEN', 'Apure', 93809),
(3578, 'San Felipe', 'VEN', 'Yaracuy', 90940),
(3579, 'El Limón', 'VEN', 'Aragua', 90000),
(3580, 'Moscow', 'RUS', 'Moscow (City)', 8389200),
(3581, 'St Petersburg', 'RUS', 'Pietari', 4694000),
(3582, 'Novosibirsk', 'RUS', 'Novosibirsk', 1398800),
(3583, 'Nizni Novgorod', 'RUS', 'Nizni Novgorod', 1357000),
(3584, 'Jekaterinburg', 'RUS', 'Sverdlovsk', 1266300),
(3585, 'Samara', 'RUS', 'Samara', 1156100),
(3586, 'Omsk', 'RUS', 'Omsk', 1148900),
(3587, 'Kazan', 'RUS', 'Tatarstan', 1101000),
(3588, 'Ufa', 'RUS', 'Baškortostan', 1091200),
(3589, 'Tšeljabinsk', 'RUS', 'Tšeljabinsk', 1083200),
(3590, 'Rostov-na-Donu', 'RUS', 'Rostov-na-Donu', 1012700),
(3591, 'Perm', 'RUS', 'Perm', 1009700),
(3592, 'Volgograd', 'RUS', 'Volgograd', 993400),
(3593, 'Voronez', 'RUS', 'Voronez', 907700),
(3594, 'Krasnojarsk', 'RUS', 'Krasnojarsk', 875500),
(3595, 'Saratov', 'RUS', 'Saratov', 874000),
(3596, 'Toljatti', 'RUS', 'Samara', 722900),
(3597, 'Uljanovsk', 'RUS', 'Uljanovsk', 667400),
(3598, 'Izevsk', 'RUS', 'Udmurtia', 652800),
(3599, 'Krasnodar', 'RUS', 'Krasnodar', 639000),
(3600, 'Jaroslavl', 'RUS', 'Jaroslavl', 616700),
(3601, 'Habarovsk', 'RUS', 'Habarovsk', 609400),
(3602, 'Vladivostok', 'RUS', 'Primorje', 606200),
(3603, 'Irkutsk', 'RUS', 'Irkutsk', 593700),
(3604, 'Barnaul', 'RUS', 'Altai', 580100),
(3605, 'Novokuznetsk', 'RUS', 'Kemerovo', 561600),
(3606, 'Penza', 'RUS', 'Penza', 532200),
(3607, 'Rjazan', 'RUS', 'Rjazan', 529900),
(3608, 'Orenburg', 'RUS', 'Orenburg', 523600),
(3609, 'Lipetsk', 'RUS', 'Lipetsk', 521000),
(3610, 'Nabereznyje Tšelny', 'RUS', 'Tatarstan', 514700),
(3611, 'Tula', 'RUS', 'Tula', 506100),
(3612, 'Tjumen', 'RUS', 'Tjumen', 503400),
(3613, 'Kemerovo', 'RUS', 'Kemerovo', 492700),
(3614, 'Astrahan', 'RUS', 'Astrahan', 486100),
(3615, 'Tomsk', 'RUS', 'Tomsk', 482100),
(3616, 'Kirov', 'RUS', 'Kirov', 466200),
(3617, 'Ivanovo', 'RUS', 'Ivanovo', 459200),
(3618, 'Tšeboksary', 'RUS', 'Tšuvassia', 459200),
(3619, 'Brjansk', 'RUS', 'Brjansk', 457400),
(3620, 'Tver', 'RUS', 'Tver', 454900),
(3621, 'Kursk', 'RUS', 'Kursk', 443500),
(3622, 'Magnitogorsk', 'RUS', 'Tšeljabinsk', 427900),
(3623, 'Kaliningrad', 'RUS', 'Kaliningrad', 424400),
(3624, 'Nizni Tagil', 'RUS', 'Sverdlovsk', 390900),
(3625, 'Murmansk', 'RUS', 'Murmansk', 376300),
(3626, 'Ulan-Ude', 'RUS', 'Burjatia', 370400),
(3627, 'Kurgan', 'RUS', 'Kurgan', 364700),
(3628, 'Arkangeli', 'RUS', 'Arkangeli', 361800),
(3629, 'Sotši', 'RUS', 'Krasnodar', 358600),
(3630, 'Smolensk', 'RUS', 'Smolensk', 353400),
(3631, 'Orjol', 'RUS', 'Orjol', 344500),
(3632, 'Stavropol', 'RUS', 'Stavropol', 343300),
(3633, 'Belgorod', 'RUS', 'Belgorod', 342000),
(3634, 'Kaluga', 'RUS', 'Kaluga', 339300),
(3635, 'Vladimir', 'RUS', 'Vladimir', 337100),
(3636, 'Mahatškala', 'RUS', 'Dagestan', 332800),
(3637, 'Tšerepovets', 'RUS', 'Vologda', 324400),
(3638, 'Saransk', 'RUS', 'Mordva', 314800),
(3639, 'Tambov', 'RUS', 'Tambov', 312000),
(3640, 'Vladikavkaz', 'RUS', 'North Ossetia-Alania', 310100),
(3641, 'Tšita', 'RUS', 'Tšita', 309900),
(3642, 'Vologda', 'RUS', 'Vologda', 302500),
(3643, 'Veliki Novgorod', 'RUS', 'Novgorod', 299500),
(3644, 'Komsomolsk-na-Amure', 'RUS', 'Habarovsk', 291600),
(3645, 'Kostroma', 'RUS', 'Kostroma', 288100),
(3646, 'Volzski', 'RUS', 'Volgograd', 286900),
(3647, 'Taganrog', 'RUS', 'Rostov-na-Donu', 284400),
(3648, 'Petroskoi', 'RUS', 'Karjala', 282100),
(3649, 'Bratsk', 'RUS', 'Irkutsk', 277600),
(3650, 'Dzerzinsk', 'RUS', 'Nizni Novgorod', 277100),
(3651, 'Surgut', 'RUS', 'Hanti-Mansia', 274900),
(3652, 'Orsk', 'RUS', 'Orenburg', 273900),
(3653, 'Sterlitamak', 'RUS', 'Baškortostan', 265200),
(3654, 'Angarsk', 'RUS', 'Irkutsk', 264700),
(3655, 'Joškar-Ola', 'RUS', 'Marinmaa', 249200),
(3656, 'Rybinsk', 'RUS', 'Jaroslavl', 239600),
(3657, 'Prokopjevsk', 'RUS', 'Kemerovo', 237300),
(3658, 'Niznevartovsk', 'RUS', 'Hanti-Mansia', 233900),
(3659, 'Naltšik', 'RUS', 'Kabardi-Balkaria', 233400),
(3660, 'Syktyvkar', 'RUS', 'Komi', 229700),
(3661, 'Severodvinsk', 'RUS', 'Arkangeli', 229300),
(3662, 'Bijsk', 'RUS', 'Altai', 225000),
(3663, 'Niznekamsk', 'RUS', 'Tatarstan', 223400),
(3664, 'Blagoveštšensk', 'RUS', 'Amur', 222000),
(3665, 'Šahty', 'RUS', 'Rostov-na-Donu', 221800),
(3666, 'Staryi Oskol', 'RUS', 'Belgorod', 213800),
(3667, 'Zelenograd', 'RUS', 'Moscow (City)', 207100),
(3668, 'Balakovo', 'RUS', 'Saratov', 206000),
(3669, 'Novorossijsk', 'RUS', 'Krasnodar', 203300),
(3670, 'Pihkova', 'RUS', 'Pihkova', 201500),
(3671, 'Zlatoust', 'RUS', 'Tšeljabinsk', 196900),
(3672, 'Jakutsk', 'RUS', 'Saha (Jakutia)', 195400),
(3673, 'Podolsk', 'RUS', 'Moskova', 194300),
(3674, 'Petropavlovsk-Kamtšatski', 'RUS', 'Kamtšatka', 194100),
(3675, 'Kamensk-Uralski', 'RUS', 'Sverdlovsk', 190600),
(3676, 'Engels', 'RUS', 'Saratov', 189000),
(3677, 'Syzran', 'RUS', 'Samara', 186900),
(3678, 'Grozny', 'RUS', 'Tšetšenia', 186000),
(3679, 'Novotšerkassk', 'RUS', 'Rostov-na-Donu', 184400),
(3680, 'Berezniki', 'RUS', 'Perm', 181900),
(3681, 'Juzno-Sahalinsk', 'RUS', 'Sahalin', 179200),
(3682, 'Volgodonsk', 'RUS', 'Rostov-na-Donu', 178200),
(3683, 'Abakan', 'RUS', 'Hakassia', 169200),
(3684, 'Maikop', 'RUS', 'Adygea', 167300),
(3685, 'Miass', 'RUS', 'Tšeljabinsk', 166200),
(3686, 'Armavir', 'RUS', 'Krasnodar', 164900),
(3687, 'Ljubertsy', 'RUS', 'Moskova', 163900),
(3688, 'Rubtsovsk', 'RUS', 'Altai', 162600),
(3689, 'Kovrov', 'RUS', 'Vladimir', 159900),
(3690, 'Nahodka', 'RUS', 'Primorje', 157700),
(3691, 'Ussurijsk', 'RUS', 'Primorje', 157300),
(3692, 'Salavat', 'RUS', 'Baškortostan', 156800),
(3693, 'Mytištši', 'RUS', 'Moskova', 155700),
(3694, 'Kolomna', 'RUS', 'Moskova', 150700),
(3695, 'Elektrostal', 'RUS', 'Moskova', 147000),
(3696, 'Murom', 'RUS', 'Vladimir', 142400),
(3697, 'Kolpino', 'RUS', 'Pietari', 141200),
(3698, 'Norilsk', 'RUS', 'Krasnojarsk', 140800),
(3699, 'Almetjevsk', 'RUS', 'Tatarstan', 140700),
(3700, 'Novomoskovsk', 'RUS', 'Tula', 138100),
(3701, 'Dimitrovgrad', 'RUS', 'Uljanovsk', 137000),
(3702, 'Pervouralsk', 'RUS', 'Sverdlovsk', 136100),
(3703, 'Himki', 'RUS', 'Moskova', 133700),
(3704, 'Balašiha', 'RUS', 'Moskova', 132900),
(3705, 'Nevinnomyssk', 'RUS', 'Stavropol', 132600),
(3706, 'Pjatigorsk', 'RUS', 'Stavropol', 132500),
(3707, 'Korolev', 'RUS', 'Moskova', 132400),
(3708, 'Serpuhov', 'RUS', 'Moskova', 132000),
(3709, 'Odintsovo', 'RUS', 'Moskova', 127400),
(3710, 'Orehovo-Zujevo', 'RUS', 'Moskova', 124900),
(3711, 'Kamyšin', 'RUS', 'Volgograd', 124600),
(3712, 'Novotšeboksarsk', 'RUS', 'Tšuvassia', 123400),
(3713, 'Tšerkessk', 'RUS', 'Karatšai-Tšerkessia', 121700),
(3714, 'Atšinsk', 'RUS', 'Krasnojarsk', 121600),
(3715, 'Magadan', 'RUS', 'Magadan', 121000),
(3716, 'Mitšurinsk', 'RUS', 'Tambov', 120700),
(3717, 'Kislovodsk', 'RUS', 'Stavropol', 120400),
(3718, 'Jelets', 'RUS', 'Lipetsk', 119400),
(3719, 'Seversk', 'RUS', 'Tomsk', 118600),
(3720, 'Noginsk', 'RUS', 'Moskova', 117200),
(3721, 'Velikije Luki', 'RUS', 'Pihkova', 116300),
(3722, 'Novokuibyševsk', 'RUS', 'Samara', 116200),
(3723, 'Neftekamsk', 'RUS', 'Baškortostan', 115700),
(3724, 'Leninsk-Kuznetski', 'RUS', 'Kemerovo', 113800),
(3725, 'Oktjabrski', 'RUS', 'Baškortostan', 111500),
(3726, 'Sergijev Posad', 'RUS', 'Moskova', 111100),
(3727, 'Arzamas', 'RUS', 'Nizni Novgorod', 110700),
(3728, 'Kiseljovsk', 'RUS', 'Kemerovo', 110000),
(3729, 'Novotroitsk', 'RUS', 'Orenburg', 109600),
(3730, 'Obninsk', 'RUS', 'Kaluga', 108300),
(3731, 'Kansk', 'RUS', 'Krasnojarsk', 107400),
(3732, 'Glazov', 'RUS', 'Udmurtia', 106300),
(3733, 'Solikamsk', 'RUS', 'Perm', 106000),
(3734, 'Sarapul', 'RUS', 'Udmurtia', 105700),
(3735, 'Ust-Ilimsk', 'RUS', 'Irkutsk', 105200),
(3736, 'Štšolkovo', 'RUS', 'Moskova', 104900),
(3737, 'Mezduretšensk', 'RUS', 'Kemerovo', 104400),
(3738, 'Usolje-Sibirskoje', 'RUS', 'Irkutsk', 103500),
(3739, 'Elista', 'RUS', 'Kalmykia', 103300),
(3740, 'Novošahtinsk', 'RUS', 'Rostov-na-Donu', 101900),
(3741, 'Votkinsk', 'RUS', 'Udmurtia', 101700),
(3742, 'Kyzyl', 'RUS', 'Tyva', 101100),
(3743, 'Serov', 'RUS', 'Sverdlovsk', 100400),
(3744, 'Zelenodolsk', 'RUS', 'Tatarstan', 100200),
(3745, 'Zeleznodoroznyi', 'RUS', 'Moskova', 100100),
(3746, 'Kinešma', 'RUS', 'Ivanovo', 100000),
(3747, 'Kuznetsk', 'RUS', 'Penza', 98200),
(3748, 'Uhta', 'RUS', 'Komi', 98000),
(3749, 'Jessentuki', 'RUS', 'Stavropol', 97900),
(3750, 'Tobolsk', 'RUS', 'Tjumen', 97600),
(3751, 'Neftejugansk', 'RUS', 'Hanti-Mansia', 97400),
(3752, 'Bataisk', 'RUS', 'Rostov-na-Donu', 97300),
(3753, 'Nojabrsk', 'RUS', 'Yamalin Nenetsia', 97300),
(3754, 'Balašov', 'RUS', 'Saratov', 97100),
(3755, 'Zeleznogorsk', 'RUS', 'Kursk', 96900),
(3756, 'Zukovski', 'RUS', 'Moskova', 96500),
(3757, 'Anzero-Sudzensk', 'RUS', 'Kemerovo', 96100),
(3758, 'Bugulma', 'RUS', 'Tatarstan', 94100),
(3759, 'Zeleznogorsk', 'RUS', 'Krasnojarsk', 94000),
(3760, 'Novouralsk', 'RUS', 'Sverdlovsk', 93300),
(3761, 'Puškin', 'RUS', 'Pietari', 92900),
(3762, 'Vorkuta', 'RUS', 'Komi', 92600),
(3763, 'Derbent', 'RUS', 'Dagestan', 92300),
(3764, 'Kirovo-Tšepetsk', 'RUS', 'Kirov', 91600),
(3765, 'Krasnogorsk', 'RUS', 'Moskova', 91000),
(3766, 'Klin', 'RUS', 'Moskova', 90000),
(3767, 'Tšaikovski', 'RUS', 'Perm', 90000),
(3768, 'Novyi Urengoi', 'RUS', 'Yamalin Nenetsia', 89800),
(3769, 'Ho Chi Minh City', 'VNM', 'Ho Chi Minh City', 3980000),
(3770, 'Hanoi', 'VNM', 'Hanoi', 1410000),
(3771, 'Haiphong', 'VNM', 'Haiphong', 783133),
(3772, 'Da Nang', 'VNM', 'Quang Nam-Da Nang', 382674),
(3773, 'Biên Hoa', 'VNM', 'Dong Nai', 282095),
(3774, 'Nha Trang', 'VNM', 'Khanh Hoa', 221331),
(3775, 'Hue', 'VNM', 'Thua Thien-Hue', 219149),
(3776, 'Can Tho', 'VNM', 'Can Tho', 215587),
(3777, 'Cam Pha', 'VNM', 'Quang Binh', 209086),
(3778, 'Nam Dinh', 'VNM', 'Nam Ha', 171699),
(3779, 'Quy Nhon', 'VNM', 'Binh Dinh', 163385),
(3780, 'Vung Tau', 'VNM', 'Ba Ria-Vung Tau', 145145),
(3781, 'Rach Gia', 'VNM', 'Kien Giang', 141132),
(3782, 'Long Xuyen', 'VNM', 'An Giang', 132681),
(3783, 'Thai Nguyen', 'VNM', 'Bac Thai', 127643),
(3784, 'Hong Gai', 'VNM', 'Quang Ninh', 127484),
(3785, 'Phan Thiêt', 'VNM', 'Binh Thuan', 114236),
(3786, 'Cam Ranh', 'VNM', 'Khanh Hoa', 114041),
(3787, 'Vinh', 'VNM', 'Nghe An', 112455),
(3788, 'My Tho', 'VNM', 'Tien Giang', 108404),
(3789, 'Da Lat', 'VNM', 'Lam Dong', 106409),
(3790, 'Buon Ma Thuot', 'VNM', 'Dac Lac', 97044),
(3791, 'Tallinn', 'EST', 'Harjumaa', 403981),
(3792, 'Tartu', 'EST', 'Tartumaa', 101246),
(3793, 'New York', 'USA', 'New York', 8008278),
(3794, 'Los Angeles', 'USA', 'California', 3694820),
(3795, 'Chicago', 'USA', 'Illinois', 2896016),
(3796, 'Houston', 'USA', 'Texas', 1953631),
(3797, 'Philadelphia', 'USA', 'Pennsylvania', 1517550),
(3798, 'Phoenix', 'USA', 'Arizona', 1321045),
(3799, 'San Diego', 'USA', 'California', 1223400),
(3800, 'Dallas', 'USA', 'Texas', 1188580),
(3801, 'San Antonio', 'USA', 'Texas', 1144646),
(3802, 'Detroit', 'USA', 'Michigan', 951270),
(3803, 'San Jose', 'USA', 'California', 894943),
(3804, 'Indianapolis', 'USA', 'Indiana', 791926),
(3805, 'San Francisco', 'USA', 'California', 776733),
(3806, 'Jacksonville', 'USA', 'Florida', 735167),
(3807, 'Columbus', 'USA', 'Ohio', 711470),
(3808, 'Austin', 'USA', 'Texas', 656562),
(3809, 'Baltimore', 'USA', 'Maryland', 651154),
(3810, 'Memphis', 'USA', 'Tennessee', 650100),
(3811, 'Milwaukee', 'USA', 'Wisconsin', 596974),
(3812, 'Boston', 'USA', 'Massachusetts', 589141),
(3813, 'Washington', 'USA', 'District of Columbia', 572059),
(3814, 'Nashville-Davidson', 'USA', 'Tennessee', 569891),
(3815, 'El Paso', 'USA', 'Texas', 563662),
(3816, 'Seattle', 'USA', 'Washington', 563374),
(3817, 'Denver', 'USA', 'Colorado', 554636),
(3818, 'Charlotte', 'USA', 'North Carolina', 540828),
(3819, 'Fort Worth', 'USA', 'Texas', 534694),
(3820, 'Portland', 'USA', 'Oregon', 529121),
(3821, 'Oklahoma City', 'USA', 'Oklahoma', 506132),
(3822, 'Tucson', 'USA', 'Arizona', 486699),
(3823, 'New Orleans', 'USA', 'Louisiana', 484674),
(3824, 'Las Vegas', 'USA', 'Nevada', 478434),
(3825, 'Cleveland', 'USA', 'Ohio', 478403),
(3826, 'Long Beach', 'USA', 'California', 461522),
(3827, 'Albuquerque', 'USA', 'New Mexico', 448607),
(3828, 'Kansas City', 'USA', 'Missouri', 441545),
(3829, 'Fresno', 'USA', 'California', 427652),
(3830, 'Virginia Beach', 'USA', 'Virginia', 425257),
(3831, 'Atlanta', 'USA', 'Georgia', 416474),
(3832, 'Sacramento', 'USA', 'California', 407018),
(3833, 'Oakland', 'USA', 'California', 399484),
(3834, 'Mesa', 'USA', 'Arizona', 396375),
(3835, 'Tulsa', 'USA', 'Oklahoma', 393049),
(3836, 'Omaha', 'USA', 'Nebraska', 390007),
(3837, 'Minneapolis', 'USA', 'Minnesota', 382618),
(3838, 'Honolulu', 'USA', 'Hawaii', 371657),
(3839, 'Miami', 'USA', 'Florida', 362470),
(3840, 'Colorado Springs', 'USA', 'Colorado', 360890),
(3841, 'Saint Louis', 'USA', 'Missouri', 348189),
(3842, 'Wichita', 'USA', 'Kansas', 344284),
(3843, 'Santa Ana', 'USA', 'California', 337977),
(3844, 'Pittsburgh', 'USA', 'Pennsylvania', 334563),
(3845, 'Arlington', 'USA', 'Texas', 332969),
(3846, 'Cincinnati', 'USA', 'Ohio', 331285),
(3847, 'Anaheim', 'USA', 'California', 328014),
(3848, 'Toledo', 'USA', 'Ohio', 313619),
(3849, 'Tampa', 'USA', 'Florida', 303447),
(3850, 'Buffalo', 'USA', 'New York', 292648),
(3851, 'Saint Paul', 'USA', 'Minnesota', 287151),
(3852, 'Corpus Christi', 'USA', 'Texas', 277454),
(3853, 'Aurora', 'USA', 'Colorado', 276393),
(3854, 'Raleigh', 'USA', 'North Carolina', 276093),
(3855, 'Newark', 'USA', 'New Jersey', 273546),
(3856, 'Lexington-Fayette', 'USA', 'Kentucky', 260512),
(3857, 'Anchorage', 'USA', 'Alaska', 260283),
(3858, 'Louisville', 'USA', 'Kentucky', 256231),
(3859, 'Riverside', 'USA', 'California', 255166),
(3860, 'Saint Petersburg', 'USA', 'Florida', 248232),
(3861, 'Bakersfield', 'USA', 'California', 247057),
(3862, 'Stockton', 'USA', 'California', 243771),
(3863, 'Birmingham', 'USA', 'Alabama', 242820),
(3864, 'Jersey City', 'USA', 'New Jersey', 240055),
(3865, 'Norfolk', 'USA', 'Virginia', 234403),
(3866, 'Baton Rouge', 'USA', 'Louisiana', 227818),
(3867, 'Hialeah', 'USA', 'Florida', 226419),
(3868, 'Lincoln', 'USA', 'Nebraska', 225581),
(3869, 'Greensboro', 'USA', 'North Carolina', 223891),
(3870, 'Plano', 'USA', 'Texas', 222030),
(3871, 'Rochester', 'USA', 'New York', 219773),
(3872, 'Glendale', 'USA', 'Arizona', 218812),
(3873, 'Akron', 'USA', 'Ohio', 217074),
(3874, 'Garland', 'USA', 'Texas', 215768),
(3875, 'Madison', 'USA', 'Wisconsin', 208054),
(3876, 'Fort Wayne', 'USA', 'Indiana', 205727),
(3877, 'Fremont', 'USA', 'California', 203413),
(3878, 'Scottsdale', 'USA', 'Arizona', 202705),
(3879, 'Montgomery', 'USA', 'Alabama', 201568),
(3880, 'Shreveport', 'USA', 'Louisiana', 200145),
(3881, 'Augusta-Richmond County', 'USA', 'Georgia', 199775),
(3882, 'Lubbock', 'USA', 'Texas', 199564),
(3883, 'Chesapeake', 'USA', 'Virginia', 199184),
(3884, 'Mobile', 'USA', 'Alabama', 198915),
(3885, 'Des Moines', 'USA', 'Iowa', 198682),
(3886, 'Grand Rapids', 'USA', 'Michigan', 197800),
(3887, 'Richmond', 'USA', 'Virginia', 197790),
(3888, 'Yonkers', 'USA', 'New York', 196086),
(3889, 'Spokane', 'USA', 'Washington', 195629),
(3890, 'Glendale', 'USA', 'California', 194973),
(3891, 'Tacoma', 'USA', 'Washington', 193556),
(3892, 'Irving', 'USA', 'Texas', 191615),
(3893, 'Huntington Beach', 'USA', 'California', 189594),
(3894, 'Modesto', 'USA', 'California', 188856),
(3895, 'Durham', 'USA', 'North Carolina', 187035),
(3896, 'Columbus', 'USA', 'Georgia', 186291),
(3897, 'Orlando', 'USA', 'Florida', 185951),
(3898, 'Boise City', 'USA', 'Idaho', 185787),
(3899, 'Winston-Salem', 'USA', 'North Carolina', 185776),
(3900, 'San Bernardino', 'USA', 'California', 185401),
(3901, 'Jackson', 'USA', 'Mississippi', 184256),
(3902, 'Little Rock', 'USA', 'Arkansas', 183133),
(3903, 'Salt Lake City', 'USA', 'Utah', 181743),
(3904, 'Reno', 'USA', 'Nevada', 180480),
(3905, 'Newport News', 'USA', 'Virginia', 180150),
(3906, 'Chandler', 'USA', 'Arizona', 176581),
(3907, 'Laredo', 'USA', 'Texas', 176576),
(3908, 'Henderson', 'USA', 'Nevada', 175381),
(3909, 'Arlington', 'USA', 'Virginia', 174838),
(3910, 'Knoxville', 'USA', 'Tennessee', 173890),
(3911, 'Amarillo', 'USA', 'Texas', 173627),
(3912, 'Providence', 'USA', 'Rhode Island', 173618),
(3913, 'Chula Vista', 'USA', 'California', 173556),
(3914, 'Worcester', 'USA', 'Massachusetts', 172648),
(3915, 'Oxnard', 'USA', 'California', 170358),
(3916, 'Dayton', 'USA', 'Ohio', 166179),
(3917, 'Garden Grove', 'USA', 'California', 165196),
(3918, 'Oceanside', 'USA', 'California', 161029),
(3919, 'Tempe', 'USA', 'Arizona', 158625),
(3920, 'Huntsville', 'USA', 'Alabama', 158216),
(3921, 'Ontario', 'USA', 'California', 158007),
(3922, 'Chattanooga', 'USA', 'Tennessee', 155554),
(3923, 'Fort Lauderdale', 'USA', 'Florida', 152397),
(3924, 'Springfield', 'USA', 'Massachusetts', 152082),
(3925, 'Springfield', 'USA', 'Missouri', 151580),
(3926, 'Santa Clarita', 'USA', 'California', 151088),
(3927, 'Salinas', 'USA', 'California', 151060),
(3928, 'Tallahassee', 'USA', 'Florida', 150624),
(3929, 'Rockford', 'USA', 'Illinois', 150115),
(3930, 'Pomona', 'USA', 'California', 149473),
(3931, 'Metairie', 'USA', 'Louisiana', 149428),
(3932, 'Paterson', 'USA', 'New Jersey', 149222),
(3933, 'Overland Park', 'USA', 'Kansas', 149080),
(3934, 'Santa Rosa', 'USA', 'California', 147595),
(3935, 'Syracuse', 'USA', 'New York', 147306),
(3936, 'Kansas City', 'USA', 'Kansas', 146866),
(3937, 'Hampton', 'USA', 'Virginia', 146437),
(3938, 'Lakewood', 'USA', 'Colorado', 144126),
(3939, 'Vancouver', 'USA', 'Washington', 143560),
(3940, 'Irvine', 'USA', 'California', 143072),
(3941, 'Aurora', 'USA', 'Illinois', 142990),
(3942, 'Moreno Valley', 'USA', 'California', 142381),
(3943, 'Pasadena', 'USA', 'California', 141674),
(3944, 'Hayward', 'USA', 'California', 140030),
(3945, 'Brownsville', 'USA', 'Texas', 139722),
(3946, 'Bridgeport', 'USA', 'Connecticut', 139529),
(3947, 'Hollywood', 'USA', 'Florida', 139357),
(3948, 'Warren', 'USA', 'Michigan', 138247),
(3949, 'Torrance', 'USA', 'California', 137946),
(3950, 'Eugene', 'USA', 'Oregon', 137893),
(3951, 'Pembroke Pines', 'USA', 'Florida', 137427),
(3952, 'Salem', 'USA', 'Oregon', 136924),
(3953, 'Pasadena', 'USA', 'Texas', 133936),
(3954, 'Escondido', 'USA', 'California', 133559),
(3955, 'Sunnyvale', 'USA', 'California', 131760),
(3956, 'Savannah', 'USA', 'Georgia', 131510),
(3957, 'Fontana', 'USA', 'California', 128929),
(3958, 'Orange', 'USA', 'California', 128821),
(3959, 'Naperville', 'USA', 'Illinois', 128358),
(3960, 'Alexandria', 'USA', 'Virginia', 128283),
(3961, 'Rancho Cucamonga', 'USA', 'California', 127743),
(3962, 'Grand Prairie', 'USA', 'Texas', 127427),
(3963, 'East Los Angeles', 'USA', 'California', 126379),
(3964, 'Fullerton', 'USA', 'California', 126003),
(3965, 'Corona', 'USA', 'California', 124966),
(3966, 'Flint', 'USA', 'Michigan', 124943),
(3967, 'Paradise', 'USA', 'Nevada', 124682),
(3968, 'Mesquite', 'USA', 'Texas', 124523),
(3969, 'Sterling Heights', 'USA', 'Michigan', 124471),
(3970, 'Sioux Falls', 'USA', 'South Dakota', 123975),
(3971, 'New Haven', 'USA', 'Connecticut', 123626),
(3972, 'Topeka', 'USA', 'Kansas', 122377),
(3973, 'Concord', 'USA', 'California', 121780),
(3974, 'Evansville', 'USA', 'Indiana', 121582),
(3975, 'Hartford', 'USA', 'Connecticut', 121578),
(3976, 'Fayetteville', 'USA', 'North Carolina', 121015),
(3977, 'Cedar Rapids', 'USA', 'Iowa', 120758),
(3978, 'Elizabeth', 'USA', 'New Jersey', 120568),
(3979, 'Lansing', 'USA', 'Michigan', 119128),
(3980, 'Lancaster', 'USA', 'California', 118718),
(3981, 'Fort Collins', 'USA', 'Colorado', 118652),
(3982, 'Coral Springs', 'USA', 'Florida', 117549),
(3983, 'Stamford', 'USA', 'Connecticut', 117083),
(3984, 'Thousand Oaks', 'USA', 'California', 117005),
(3985, 'Vallejo', 'USA', 'California', 116760),
(3986, 'Palmdale', 'USA', 'California', 116670),
(3987, 'Columbia', 'USA', 'South Carolina', 116278),
(3988, 'El Monte', 'USA', 'California', 115965),
(3989, 'Abilene', 'USA', 'Texas', 115930),
(3990, 'North Las Vegas', 'USA', 'Nevada', 115488),
(3991, 'Ann Arbor', 'USA', 'Michigan', 114024),
(3992, 'Beaumont', 'USA', 'Texas', 113866),
(3993, 'Waco', 'USA', 'Texas', 113726),
(3994, 'Macon', 'USA', 'Georgia', 113336),
(3995, 'Independence', 'USA', 'Missouri', 113288),
(3996, 'Peoria', 'USA', 'Illinois', 112936),
(3997, 'Inglewood', 'USA', 'California', 112580),
(3998, 'Springfield', 'USA', 'Illinois', 111454),
(3999, 'Simi Valley', 'USA', 'California', 111351),
(4000, 'Lafayette', 'USA', 'Louisiana', 110257),
(4001, 'Gilbert', 'USA', 'Arizona', 109697),
(4002, 'Carrollton', 'USA', 'Texas', 109576),
(4003, 'Bellevue', 'USA', 'Washington', 109569),
(4004, 'West Valley City', 'USA', 'Utah', 108896),
(4005, 'Clarksville', 'USA', 'Tennessee', 108787),
(4006, 'Costa Mesa', 'USA', 'California', 108724),
(4007, 'Peoria', 'USA', 'Arizona', 108364),
(4008, 'South Bend', 'USA', 'Indiana', 107789),
(4009, 'Downey', 'USA', 'California', 107323),
(4010, 'Waterbury', 'USA', 'Connecticut', 107271),
(4011, 'Manchester', 'USA', 'New Hampshire', 107006),
(4012, 'Allentown', 'USA', 'Pennsylvania', 106632),
(4013, 'McAllen', 'USA', 'Texas', 106414),
(4014, 'Joliet', 'USA', 'Illinois', 106221),
(4015, 'Lowell', 'USA', 'Massachusetts', 105167),
(4016, 'Provo', 'USA', 'Utah', 105166),
(4017, 'West Covina', 'USA', 'California', 105080),
(4018, 'Wichita Falls', 'USA', 'Texas', 104197),
(4019, 'Erie', 'USA', 'Pennsylvania', 103717),
(4020, 'Daly City', 'USA', 'California', 103621),
(4021, 'Citrus Heights', 'USA', 'California', 103455),
(4022, 'Norwalk', 'USA', 'California', 103298),
(4023, 'Gary', 'USA', 'Indiana', 102746),
(4024, 'Berkeley', 'USA', 'California', 102743),
(4025, 'Santa Clara', 'USA', 'California', 102361),
(4026, 'Green Bay', 'USA', 'Wisconsin', 102313),
(4027, 'Cape Coral', 'USA', 'Florida', 102286),
(4028, 'Arvada', 'USA', 'Colorado', 102153),
(4029, 'Pueblo', 'USA', 'Colorado', 102121),
(4030, 'Sandy', 'USA', 'Utah', 101853),
(4031, 'Athens-Clarke County', 'USA', 'Georgia', 101489),
(4032, 'Cambridge', 'USA', 'Massachusetts', 101355),
(4033, 'Westminster', 'USA', 'Colorado', 100940),
(4034, 'San Buenaventura', 'USA', 'California', 100916),
(4035, 'Portsmouth', 'USA', 'Virginia', 100565),
(4036, 'Livonia', 'USA', 'Michigan', 100545),
(4037, 'Burbank', 'USA', 'California', 100316),
(4038, 'Clearwater', 'USA', 'Florida', 99936),
(4039, 'Midland', 'USA', 'Texas', 98293),
(4040, 'Davenport', 'USA', 'Iowa', 98256),
(4041, 'Mission Viejo', 'USA', 'California', 98049),
(4042, 'Miami Beach', 'USA', 'Florida', 97855),
(4043, 'Sunrise Manor', 'USA', 'Nevada', 95362),
(4044, 'New Bedford', 'USA', 'Massachusetts', 94780),
(4045, 'El Cajon', 'USA', 'California', 94578),
(4046, 'Norman', 'USA', 'Oklahoma', 94193),
(4047, 'Richmond', 'USA', 'California', 94100),
(4048, 'Albany', 'USA', 'New York', 93994),
(4049, 'Brockton', 'USA', 'Massachusetts', 93653),
(4050, 'Roanoke', 'USA', 'Virginia', 93357),
(4051, 'Billings', 'USA', 'Montana', 92988),
(4052, 'Compton', 'USA', 'California', 92864),
(4053, 'Gainesville', 'USA', 'Florida', 92291),
(4054, 'Fairfield', 'USA', 'California', 92256),
(4055, 'Arden-Arcade', 'USA', 'California', 92040),
(4056, 'San Mateo', 'USA', 'California', 91799),
(4057, 'Visalia', 'USA', 'California', 91762),
(4058, 'Boulder', 'USA', 'Colorado', 91238),
(4059, 'Cary', 'USA', 'North Carolina', 91213),
(4060, 'Santa Monica', 'USA', 'California', 91084),
(4061, 'Fall River', 'USA', 'Massachusetts', 90555),
(4062, 'Kenosha', 'USA', 'Wisconsin', 89447),
(4063, 'Elgin', 'USA', 'Illinois', 89408),
(4064, 'Odessa', 'USA', 'Texas', 89293),
(4065, 'Carson', 'USA', 'California', 89089),
(4066, 'Charleston', 'USA', 'South Carolina', 89063),
(4067, 'Charlotte Amalie', 'VIR', 'St Thomas', 13000),
(4068, 'Harare', 'ZWE', 'Harare', 1410000),
(4069, 'Bulawayo', 'ZWE', 'Bulawayo', 621742),
(4070, 'Chitungwiza', 'ZWE', 'Harare', 274912),
(4071, 'Mount Darwin', 'ZWE', 'Harare', 164362),
(4072, 'Mutare', 'ZWE', 'Manicaland', 131367),
(4073, 'Gweru', 'ZWE', 'Midlands', 128037),
(4074, 'Gaza', 'PSE', 'Gaza', 353632),
(4075, 'Khan Yunis', 'PSE', 'Khan Yunis', 123175),
(4076, 'Hebron', 'PSE', 'Hebron', 119401),
(4077, 'Jabaliya', 'PSE', 'North Gaza', 113901),
(4078, 'Nablus', 'PSE', 'Nablus', 100231),
(4079, 'Rafah', 'PSE', 'Rafah', 92020);

-- --------------------------------------------------------

--
-- Table structure for table `companias`
--

CREATE TABLE IF NOT EXISTS `companias` (
  `id` int(10) unsigned NOT NULL AUTO_INCREMENT,
  `nombre` varchar(255) COLLATE utf8_unicode_ci NOT NULL,
  `nit` varchar(255) COLLATE utf8_unicode_ci NOT NULL,
  `telefono` varchar(255) COLLATE utf8_unicode_ci NOT NULL,
  `correo` varchar(255) COLLATE utf8_unicode_ci NOT NULL,
  `direccion` varchar(255) COLLATE utf8_unicode_ci NOT NULL,
  `logo` varchar(255) COLLATE utf8_unicode_ci NOT NULL,
  `created_at` timestamp NOT NULL DEFAULT '0000-00-00 00:00:00',
  `updated_at` timestamp NOT NULL DEFAULT '0000-00-00 00:00:00',
  `deleted_at` timestamp NULL DEFAULT NULL,
  PRIMARY KEY (`id`)
) ENGINE=MyISAM  DEFAULT CHARSET=utf8 COLLATE=utf8_unicode_ci AUTO_INCREMENT=42 ;

--
-- Dumping data for table `companias`
--

INSERT INTO `companias` (`id`, `nombre`, `nit`, `telefono`, `correo`, `direccion`, `logo`, `created_at`, `updated_at`, `deleted_at`) VALUES
(17, 'MEGA ACEITES', '324234', '', 'fernandoalvarez@megatiendas.com.co', '', 'public/logos/MEGA ACEITES.png', '0000-00-00 00:00:00', '2014-10-20 12:15:27', NULL),
(27, 'QUEBRARCO CARVAO LIMITADA', '0', '+54 93512013825', 'sanchezferrando@hotmail.com ', 'ZONA INDUSTRIAL DA HELFA , LOTE 7, Ancora 4910-012, PORTUGAL', '', '2014-10-06 13:20:37', '2014-10-06 13:38:25', NULL),
(28, 'CARBON BOX CO', '74122480', '+30 23310 74443', 'info@carbonbox.gr', '76 VENIZELOU ST, ZC 59100, VERIA, GREECE', '', '2014-10-06 13:38:01', '2014-10-06 13:38:01', NULL),
(29, 'MEGACEITE / BZ COMER', '900414280', 'TEL FAX 57-5-6628180', 'fernandoalvarez@megatiendas.com.co', 'MARTINEZ MARTELO TV 24 20-17', 'public/logos/MEGACEITE / BZ COMER.jpg', '2014-10-14 09:37:35', '2015-06-04 23:31:43', NULL),
(30, 'ELENA ADA 1', '0', '096170181880  ', 'elenada24@hotmail.com', 'DEIR INTAR- Casa de Darwiche Mohssen', '', '2014-10-31 15:53:12', '2014-10-31 15:53:12', NULL),
(31, 'Eladio González Tavío', '0', '0034922335532 ', 'egtorotava@hotmail.com', 'Calle Los Hoyos Martínez  primera nº5  La Orotava C.P. 38300 ', '', '2014-10-31 21:10:42', '2014-10-31 21:10:42', NULL),
(32, 'INVERCOMER DEL CARIBE SAS', '900383385', '66 22 333', 'ralvarez@megatiendas.co', 'BARRIO EL PRADO DIAG 21 30-238 CARTAGENA', 'public/logos/INVERCOMER DEL CARIBE SAS.jpg', '2014-11-02 09:13:56', '2015-01-08 12:41:50', NULL),
(33, 'EXPOMADERAS', '71772288', '+57 4 5129906', 'carlosarbelaez75@hotmail.com', 'CALLE 46 # 57-58 ', '', '2014-11-11 01:33:13', '2014-11-11 01:33:13', NULL),
(34, 'eeeeee', '123456789', '123456', 'asdf@gmail.com', 'asdf', '', '2014-12-23 09:49:50', '2014-12-23 09:51:21', '2014-12-23 09:51:21'),
(35, 'MTC VOLKAN MADENCILIK GIDA VE SAN LTD', '0', '90 532 412 32 84', 'baysal@mtcvolkan.com', 'ŞTİ BAĞLARBASI MAH ATA CAD NO:40 D:3 K:3 MALTEPE  ISTANBUL  KÜÇÜKYALI ', '', '2014-12-24 05:31:18', '2014-12-24 05:31:18', NULL),
(36, 'TEKNO KOMUR TICARET  ', '2147483647', '00905336983630 ', 'oguzhanerbil51@gmail.com', 'ZAFER MAHALLESI 2360 SK NO 59 BUCA IZMIR, TURKEY ', '', '2014-12-24 05:33:28', '2014-12-24 05:33:28', NULL),
(37, 'ZOOM ZOOM MOTORS', '0', '+9613 111 722', 'sales@cipelicanos.biz', 'NEW AIRPORT ROAD ', '', '2014-12-24 07:35:05', '2014-12-24 07:35:05', NULL),
(38, 'IOANNIS KARALAGKOS - CARBON BOX COMPANY  ', '0', '+30 23310 74443', 'info@carbonbox.gr', '76 VENIZELOU STREET, ZC 59100, VERIA CITY, GREECE', '', '2015-02-19 01:22:51', '2015-02-19 01:22:51', NULL),
(39, 'Heinrich Schmitz e.K. Hocksteiner Weg 6', '0', '+49 (0) 40 537997771', 'eulenburg@hanseatic-agri.com', 'D-41189 Moenchengladbach/Germany-Alemania                                  ', '', '2015-03-04 23:41:03', '2015-03-04 23:46:26', NULL),
(40, 'GRILL  PEHAMIN', '0', '+ 46762419          ', 'comexisrael@bezeqint.net', 'MOSHAV AHITUV MESHEK 69 ZC 38855 ISRAEL', '', '2015-03-30 22:35:42', '2015-03-30 22:35:42', NULL),
(41, 'empresa de prueba', '0000001', '3006655362', 'cliente@gmail.com', 'calle 31 n 6-115 local2', '', '2015-05-25 00:06:10', '2015-05-25 00:06:10', NULL);

-- --------------------------------------------------------

--
-- Table structure for table `companias_usuarios`
--

CREATE TABLE IF NOT EXISTS `companias_usuarios` (
  `id` int(10) unsigned NOT NULL AUTO_INCREMENT,
  `compania_id` int(10) unsigned NOT NULL,
  `usuario_id` int(10) unsigned NOT NULL,
  `deleted_at` timestamp NULL DEFAULT NULL,
  `created_at` timestamp NOT NULL DEFAULT '0000-00-00 00:00:00',
  `updated_at` timestamp NOT NULL DEFAULT '0000-00-00 00:00:00',
  PRIMARY KEY (`id`),
  KEY `companias_usuarios_usuario_id_foreign` (`usuario_id`),
  KEY `companias_usuarios_compania_id_foreign` (`compania_id`)
) ENGINE=MyISAM  DEFAULT CHARSET=utf8 COLLATE=utf8_unicode_ci AUTO_INCREMENT=61 ;

--
-- Dumping data for table `companias_usuarios`
--

INSERT INTO `companias_usuarios` (`id`, `compania_id`, `usuario_id`, `deleted_at`, `created_at`, `updated_at`) VALUES
(55, 40, 52, NULL, '0000-00-00 00:00:00', '0000-00-00 00:00:00'),
(54, 39, 51, NULL, '0000-00-00 00:00:00', '0000-00-00 00:00:00'),
(53, 38, 49, NULL, '0000-00-00 00:00:00', '0000-00-00 00:00:00'),
(52, 37, 47, NULL, '0000-00-00 00:00:00', '0000-00-00 00:00:00'),
(51, 36, 44, NULL, '0000-00-00 00:00:00', '0000-00-00 00:00:00'),
(50, 35, 45, NULL, '0000-00-00 00:00:00', '0000-00-00 00:00:00'),
(49, 34, 46, NULL, '0000-00-00 00:00:00', '0000-00-00 00:00:00'),
(48, 33, 43, NULL, '0000-00-00 00:00:00', '0000-00-00 00:00:00'),
(59, 32, 48, NULL, '2015-06-04 23:32:46', '2015-06-04 23:32:46'),
(46, 31, 41, NULL, '0000-00-00 00:00:00', '0000-00-00 00:00:00'),
(45, 30, 40, NULL, '0000-00-00 00:00:00', '0000-00-00 00:00:00'),
(60, 29, 38, NULL, '2015-06-04 23:33:11', '2015-06-04 23:33:11'),
(43, 28, 36, NULL, '0000-00-00 00:00:00', '0000-00-00 00:00:00'),
(42, 27, 35, NULL, '0000-00-00 00:00:00', '0000-00-00 00:00:00'),
(41, 17, 37, NULL, '0000-00-00 00:00:00', '0000-00-00 00:00:00'),
(56, 41, 53, NULL, '2015-05-25 00:06:10', '2015-05-25 00:06:10');

-- --------------------------------------------------------

--
-- Table structure for table `containers`
--

CREATE TABLE IF NOT EXISTS `containers` (
  `id` int(10) unsigned NOT NULL AUTO_INCREMENT,
  `numero_container` varchar(255) COLLATE utf8_unicode_ci NOT NULL,
  `created_at` timestamp NOT NULL DEFAULT '0000-00-00 00:00:00',
  `updated_at` timestamp NOT NULL DEFAULT '0000-00-00 00:00:00',
  `deleted_at` timestamp NULL DEFAULT NULL,
  PRIMARY KEY (`id`)
) ENGINE=MyISAM  DEFAULT CHARSET=utf8 COLLATE=utf8_unicode_ci AUTO_INCREMENT=222 ;

--
-- Dumping data for table `containers`
--

INSERT INTO `containers` (`id`, `numero_container`, `created_at`, `updated_at`, `deleted_at`) VALUES
(11, 'GATU0679626', '2014-09-09 10:02:37', '2014-09-09 10:02:37', NULL),
(12, 'FSCU7866737', '2014-09-09 10:02:37', '2014-09-09 10:02:37', NULL),
(13, 'HLXU3145020', '2014-09-09 10:02:37', '2014-09-09 10:02:37', NULL),
(34, 'WERTWE45', '2014-09-28 00:23:17', '2014-09-28 00:23:17', NULL),
(35, 'SZDGD4567', '2014-09-28 00:43:51', '2014-09-28 00:43:51', NULL),
(36, 'AIJWSAKIJ452', '2014-09-28 02:28:06', '2014-09-28 02:28:06', NULL),
(37, '394I3KLLW', '2014-09-28 02:28:06', '2014-09-28 02:28:06', NULL),
(38, 'DKSALDKSLKKKKKK3', '2014-09-28 02:28:06', '2014-09-28 02:28:06', NULL),
(39, 'SDFGHJ', '2014-09-28 03:01:58', '2014-09-28 03:01:58', NULL),
(40, 'DASD42355', '2014-09-28 08:24:47', '2014-09-28 08:24:47', NULL),
(41, 'TGHU', '2014-09-30 07:51:13', '2014-09-30 07:51:13', NULL),
(42, '0174669', '2014-09-30 07:51:13', '2014-09-30 07:51:13', NULL),
(43, 'HLXU1139034', '2014-09-30 07:51:13', '2014-09-30 07:51:13', NULL),
(44, 'CPSU1771535', '2014-09-30 07:51:13', '2014-09-30 07:51:13', NULL),
(45, 'GATU', '2014-09-30 08:29:20', '2014-09-30 08:29:20', NULL),
(46, '0679626', '2014-09-30 08:29:20', '2014-09-30 08:29:20', NULL),
(47, 'FSCU', '2014-09-30 08:29:20', '2014-09-30 08:29:20', NULL),
(48, '7866737', '2014-09-30 08:29:20', '2014-09-30 08:29:20', NULL),
(49, 'HLXU', '2014-09-30 08:29:20', '2014-09-30 08:29:20', NULL),
(50, '3145020', '2014-09-30 08:29:20', '2014-09-30 08:29:20', NULL),
(51, '0983133', '2014-09-30 08:36:19', '2014-09-30 08:36:19', NULL),
(52, '3421772', '2014-09-30 08:36:19', '2014-09-30 08:36:19', NULL),
(53, '2322672', '2014-09-30 08:36:19', '2014-09-30 08:36:19', NULL),
(54, '1249936', '2014-09-30 08:36:19', '2014-09-30 08:36:19', NULL),
(55, '1138866', '2014-09-30 08:36:19', '2014-09-30 08:36:19', NULL),
(56, '1132528', '2014-09-30 08:36:19', '2014-09-30 08:36:19', NULL),
(64, 'TGHU0983133', '2014-09-30 15:39:53', '2014-09-30 15:39:53', NULL),
(65, 'HLXU1138866', '2014-09-30 15:39:53', '2014-09-30 15:39:53', NULL),
(66, '', '2014-10-06 05:38:00', '2014-10-06 05:38:00', NULL),
(67, 'TCNU6907400', '2014-10-06 13:28:05', '2014-10-06 13:28:05', NULL),
(68, 'CGMU4924026', '2014-10-09 20:43:16', '2014-10-09 20:43:16', NULL),
(69, 'CGMU4930939', '2014-10-09 20:43:16', '2014-10-09 20:43:16', NULL),
(70, 'GLDU-9904798', '2014-10-10 23:54:51', '2014-10-10 23:54:51', NULL),
(71, 'TCLU-7250519', '2014-10-10 23:54:51', '2014-10-10 23:54:51', NULL),
(72, 'GLDU9904798', '2014-10-10 23:56:46', '2014-10-10 23:56:46', NULL),
(73, 'TCLU7250519', '2014-10-10 23:56:46', '2014-10-10 23:56:46', NULL),
(74, 'HLXU3421772', '2014-10-13 11:21:44', '2014-10-13 11:21:44', NULL),
(75, 'HLXU2322672', '2014-10-13 11:21:44', '2014-10-13 11:21:44', NULL),
(76, 'HLXU1249936', '2014-10-13 11:21:44', '2014-10-13 11:21:44', NULL),
(77, 'HLXU1132528', '2014-10-13 11:21:44', '2014-10-13 11:21:44', NULL),
(78, 'HLXU3137365', '2014-10-13 11:30:41', '2014-10-13 11:30:41', NULL),
(79, 'BEAU2212536', '2014-10-13 11:30:41', '2014-10-13 11:30:41', NULL),
(80, 'HLXU1039400', '2014-10-13 11:30:41', '2014-10-13 11:30:41', NULL),
(81, 'CMAU1866550', '2014-10-13 23:46:11', '2014-10-13 23:46:11', NULL),
(82, 'TCKU273409-3', '2014-10-14 09:15:46', '2014-10-14 09:15:46', NULL),
(83, 'TCKU2734093', '2014-10-14 09:40:50', '2014-10-14 09:40:50', NULL),
(84, 'CGMU4921984', '2014-10-15 20:25:03', '2014-10-15 20:25:03', NULL),
(85, 'CGMU4923863', '2014-10-15 20:25:03', '2014-10-15 20:25:03', NULL),
(86, 'CRXU9969409', '2014-10-31 15:56:25', '2014-10-31 15:56:25', NULL),
(87, 'TCLU7277016', '2014-11-01 23:22:00', '2014-11-01 23:22:00', NULL),
(88, 'CMAU0384744', '2014-11-01 23:22:00', '2014-11-01 23:22:00', NULL),
(89, 'SUDU8015829', '2014-11-03 22:17:47', '2014-11-03 22:17:47', NULL),
(90, 'HLXU1243500', '2014-11-04 07:57:54', '2014-11-04 07:57:54', NULL),
(91, 'SUDU5655822', '2014-11-12 02:44:49', '2014-11-12 02:44:49', NULL),
(92, 'TCLU-7277016  CMAU-0384744', '2014-11-12 03:01:04', '2014-11-12 03:01:04', NULL),
(93, 'TEMU5349921', '2014-11-13 01:27:33', '2014-11-13 01:27:33', NULL),
(94, 'TCLU3728744', '2014-11-13 01:27:33', '2014-11-13 01:27:33', NULL),
(95, 'TCLU7266515', '2014-11-18 12:46:36', '2014-11-18 12:46:36', NULL),
(96, 'GLDU3954512', '2014-11-24 20:46:38', '2014-11-24 20:46:38', NULL),
(97, 'MSCU6839159', '2014-11-24 20:46:38', '2014-11-24 20:46:38', NULL),
(98, 'TGHU3862644', '2014-12-01 13:20:37', '2014-12-01 13:20:37', NULL),
(99, 'GATU0704550', '2014-12-01 13:20:38', '2014-12-01 13:20:38', NULL),
(100, 'TRHU1913364', '2014-12-01 13:20:38', '2014-12-01 13:20:38', NULL),
(101, 'TEMU4912630', '2014-12-01 13:20:38', '2014-12-01 13:20:38', NULL),
(102, 'GESU3649702', '2014-12-01 13:20:38', '2014-12-01 13:20:38', NULL),
(103, 'GESU3304017', '2014-12-01 13:20:38', '2014-12-01 13:20:38', NULL),
(104, 'FSCU7395278', '2014-12-01 13:20:38', '2014-12-01 13:20:38', NULL),
(105, 'HLXU3089673', '2014-12-01 13:20:38', '2014-12-01 13:20:38', NULL),
(106, 'CLHU2243104', '2014-12-01 13:20:38', '2014-12-01 13:20:38', NULL),
(107, 'FSCU3292456', '2014-12-01 13:20:38', '2014-12-01 13:20:38', NULL),
(108, 'TTNU1903257', '2014-12-01 14:17:50', '2014-12-01 14:17:50', NULL),
(109, 'DRYU2823079', '2014-12-03 23:52:51', '2014-12-03 23:52:51', NULL),
(110, 'SUDU6289728', '2014-12-09 15:19:14', '2014-12-09 15:19:14', NULL),
(111, 'HLXU3313401', '2014-12-17 10:54:38', '2014-12-17 10:54:38', NULL),
(112, 'CMAU‐0662207', '2014-12-17 11:10:02', '2014-12-17 11:10:02', NULL),
(113, 'CMAU‐0617928', '2014-12-17 11:10:02', '2014-12-17 11:10:02', NULL),
(114, 'CLHU8442947', '2014-12-24 05:38:12', '2014-12-24 05:38:12', NULL),
(115, 'ZCSU8405073', '2014-12-24 05:45:49', '2014-12-24 05:45:49', NULL),
(116, 'HASU4330692', '2014-12-24 07:42:12', '2014-12-24 07:42:12', NULL),
(117, 'CPSU1772716', '2014-12-24 08:10:23', '2014-12-24 08:10:23', NULL),
(119, 'APZU380800', '2014-12-24 08:18:07', '2014-12-24 08:18:07', NULL),
(120, 'CMAU0662207', '2014-12-24 12:03:05', '2014-12-24 12:03:05', NULL),
(121, 'CMAU0617928', '2014-12-24 12:03:05', '2014-12-24 12:03:05', NULL),
(122, 'CGMU9310720', '2014-12-29 12:45:18', '2014-12-29 12:45:18', NULL),
(123, 'TRIU8833259', '2014-12-29 12:45:18', '2014-12-29 12:45:18', NULL),
(124, 'HLXU1045125', '2015-01-02 20:08:23', '2015-01-02 20:08:23', NULL),
(125, 'HLXU2337950', '2015-01-02 20:08:23', '2015-01-02 20:08:23', NULL),
(126, 'HLBU1211445', '2015-01-02 20:08:23', '2015-01-02 20:08:23', NULL),
(127, 'HLXU3394701', '2015-01-02 20:08:23', '2015-01-02 20:08:23', NULL),
(128, 'TCLU2841062', '2015-01-02 20:08:23', '2015-01-02 20:08:23', NULL),
(129, 'TRHU-2938027', '2015-01-05 11:40:47', '2015-01-05 11:40:47', NULL),
(130, 'SUDU3791835', '2015-01-13 09:34:34', '2015-01-13 09:34:34', NULL),
(131, 'SUDU7631917', '2015-01-13 09:34:34', '2015-01-13 09:34:34', NULL),
(132, 'SUDU1847088', '2015-01-13 09:34:34', '2015-01-13 09:34:34', NULL),
(133, 'SUDU7957610', '2015-01-13 09:34:34', '2015-01-13 09:34:34', NULL),
(134, 'CGMU4916397', '2015-01-18 00:36:05', '2015-01-18 00:36:05', NULL),
(135, 'CGMU9280707', '2015-01-18 00:36:05', '2015-01-18 00:36:05', NULL),
(136, 'HXLU1085200', '2015-01-19 07:41:33', '2015-01-19 07:41:33', NULL),
(137, 'BHCU3536253', '2015-01-19 07:41:33', '2015-01-19 07:41:33', NULL),
(138, 'HLXU2305865', '2015-01-19 07:41:33', '2015-01-19 07:41:33', NULL),
(139, 'SUDU8956286', '2015-01-23 06:12:46', '2015-01-23 06:12:46', NULL),
(140, 'SUDU5502952', '2015-01-23 06:51:09', '2015-01-23 06:51:09', NULL),
(141, 'CGMU496397', '2015-01-29 12:48:39', '2015-01-29 12:48:39', NULL),
(142, 'SUDU1777294', '2015-02-05 07:56:03', '2015-02-05 07:56:03', NULL),
(143, 'SUDU6004147', '2015-02-05 10:21:05', '2015-02-05 10:21:05', NULL),
(144, 'HASU4420707', '2015-02-07 05:31:46', '2015-02-07 05:31:46', NULL),
(145, 'FSCU9194713', '2015-02-11 00:17:42', '2015-02-11 00:17:42', NULL),
(146, 'SUDU5813738', '2015-02-13 07:33:35', '2015-02-13 07:33:35', NULL),
(147, 'CPSU1818484', '2015-02-17 06:40:26', '2015-02-17 06:40:26', NULL),
(148, 'HLXU3134366', '2015-02-17 06:40:26', '2015-02-17 06:40:26', NULL),
(149, 'HLBU1221572', '2015-02-17 06:40:26', '2015-02-17 06:40:26', NULL),
(150, 'HLXU3398055', '2015-02-17 06:40:26', '2015-02-17 06:40:26', NULL),
(151, 'HLXU1195613', '2015-02-17 06:40:26', '2015-02-17 06:40:26', NULL),
(152, 'HASU1173619', '2015-02-17 19:36:35', '2015-02-17 19:36:35', NULL),
(153, 'HASU1157840', '2015-02-17 19:36:35', '2015-02-17 19:36:35', NULL),
(154, 'SUDU7399885', '2015-02-17 19:36:35', '2015-02-17 19:36:35', NULL),
(155, 'SUDU7547452', '2015-02-17 19:36:35', '2015-02-17 19:36:35', NULL),
(156, 'SUDU7827751', '2015-02-17 19:36:35', '2015-02-17 19:36:35', NULL),
(157, 'TRIU8732377 ', '2015-02-17 23:44:14', '2015-02-17 23:44:14', NULL),
(158, 'FSCU9026324', '2015-03-04 23:43:32', '2015-03-04 23:43:32', NULL),
(159, 'HLXU3497192', '2015-03-20 22:33:04', '2015-03-20 22:33:04', NULL),
(160, 'HLXU1162646', '2015-03-20 22:33:04', '2015-03-20 22:33:04', NULL),
(161, 'HLXU3475188', '2015-03-20 22:33:04', '2015-03-20 22:33:04', NULL),
(162, 'HLXU2943080', '2015-03-20 22:33:04', '2015-03-20 22:33:04', NULL),
(163, 'HLXU3541660', '2015-03-20 22:33:04', '2015-03-20 22:33:04', NULL),
(164, 'CRXU3000743', '2015-03-20 22:33:04', '2015-03-20 22:33:04', NULL),
(165, 'HLXU 3497192', '2015-03-20 22:34:35', '2015-03-20 22:34:35', NULL),
(166, 'HLXU2993080', '2015-03-20 22:59:53', '2015-03-20 22:59:53', NULL),
(167, 'SUDU6264503', '2015-03-22 00:32:23', '2015-03-22 00:32:23', NULL),
(168, 'SUDU6106832', '2015-03-22 00:37:17', '2015-03-22 00:37:17', NULL),
(169, 'SUDU6290400', '2015-03-22 00:37:17', '2015-03-22 00:37:17', NULL),
(170, 'SUD5132360', '2015-03-25 05:51:44', '2015-03-25 05:51:44', NULL),
(171, 'SUDU5132360', '2015-03-25 05:53:29', '2015-03-25 05:53:29', NULL),
(172, 'SUDU6281440', '2015-03-25 05:56:11', '2015-03-25 05:56:11', NULL),
(173, 'SUDU6110730', '2015-03-25 05:56:11', '2015-03-25 05:56:11', NULL),
(174, 'TRLU7565407', '2015-03-30 22:37:55', '2015-03-30 22:37:55', NULL),
(175, 'SUDU6043400', '2015-03-31 05:57:41', '2015-03-31 05:57:41', NULL),
(176, 'SUDU6110410', '2015-03-31 05:57:41', '2015-03-31 05:57:41', NULL),
(177, 'SUDU6136673', '2015-03-31 06:17:15', '2015-03-31 06:17:15', NULL),
(178, 'SUDU5250022', '2015-04-01 00:54:39', '2015-04-01 00:54:39', NULL),
(179, 'SUDU6202760', '2015-04-01 00:54:39', '2015-04-01 00:54:39', NULL),
(180, 'SUDU6121009', '2015-04-01 00:55:33', '2015-04-01 00:55:33', NULL),
(181, 'MRKU744799-.3', '2015-04-08 01:10:48', '2015-04-08 01:10:48', NULL),
(182, 'MSKU791577-7', '2015-04-08 01:10:48', '2015-04-08 01:10:48', NULL),
(183, 'CCLU7707804', '2015-04-10 04:07:46', '2015-04-10 04:07:46', NULL),
(184, 'CAMU0537695', '2015-04-11 22:33:16', '2015-04-11 22:33:16', NULL),
(185, 'CMAU0621609', '2015-04-11 22:36:14', '2015-04-11 22:36:14', NULL),
(186, 'TCLU7448084', '2015-04-11 22:36:14', '2015-04-11 22:36:14', NULL),
(187, 'CMAU1930393', '2015-04-18 00:33:59', '2015-04-18 00:33:59', NULL),
(188, 'CMAU1293593', '2015-04-18 00:36:20', '2015-04-18 00:36:20', NULL),
(189, 'HLXU3065286', '2015-04-21 00:20:29', '2015-04-21 00:20:29', NULL),
(190, 'AMCU9278269', '2015-04-29 23:58:51', '2015-04-29 23:58:51', NULL),
(191, 'CGMU9326351', '2015-04-29 23:58:51', '2015-04-29 23:58:51', NULL),
(192, 'GESU9556248', '2015-04-29 23:58:51', '2015-04-29 23:58:51', NULL),
(193, 'HASU1245787', '2015-04-30 00:46:33', '2015-04-30 00:46:33', NULL),
(194, 'SUDU7410177', '2015-04-30 00:46:33', '2015-04-30 00:46:33', NULL),
(195, 'SUDU1468607', '2015-04-30 00:46:33', '2015-04-30 00:46:33', NULL),
(196, 'SUDU1947127', '2015-04-30 00:46:33', '2015-04-30 00:46:33', NULL),
(197, 'SUDU7607504', '2015-04-30 00:46:33', '2015-04-30 00:46:33', NULL),
(198, 'CGMU4985485', '2015-04-30 00:50:49', '2015-04-30 00:50:49', NULL),
(199, 'CGMU5001996', '2015-04-30 00:50:49', '2015-04-30 00:50:49', NULL),
(200, 'CGMU9292966', '2015-04-30 00:50:49', '2015-04-30 00:50:49', NULL),
(201, 'CRXU3107705', '2015-04-30 22:07:41', '2015-04-30 22:07:41', NULL),
(202, 'HLBU1035834', '2015-04-30 22:07:41', '2015-04-30 22:07:41', NULL),
(203, 'TGHU3863933', '2015-04-30 22:07:41', '2015-04-30 22:07:41', NULL),
(204, 'HLXU3025766', '2015-04-30 22:07:41', '2015-04-30 22:07:41', NULL),
(205, 'HLXU3041849', '2015-04-30 22:07:41', '2015-04-30 22:07:41', NULL),
(206, 'SUDU7717604', '2015-04-30 22:11:31', '2015-04-30 22:11:31', NULL),
(207, 'SUDU7980816', '2015-04-30 22:11:31', '2015-04-30 22:11:31', NULL),
(208, 'SUDU7864204', '2015-04-30 22:11:31', '2015-04-30 22:11:31', NULL),
(209, 'SUDU7922466', '2015-04-30 22:11:31', '2015-04-30 22:11:31', NULL),
(210, 'SUDU1945628', '2015-04-30 22:11:31', '2015-04-30 22:11:31', NULL),
(211, 'SUDU6680060', '2015-05-11 23:17:58', '2015-05-11 23:17:58', NULL),
(212, 'AMCU9285268', '2015-05-13 22:26:09', '2015-05-13 22:26:09', NULL),
(213, 'HLXU1055191', '2015-05-17 00:27:01', '2015-05-17 00:27:01', NULL),
(214, 'HLXU1250979', '2015-05-17 00:27:01', '2015-05-17 00:27:01', NULL),
(215, 'IPXU3901830', '2015-05-17 00:27:01', '2015-05-17 00:27:01', NULL),
(216, 'HLXU3093457', '2015-05-17 00:27:01', '2015-05-17 00:27:01', NULL),
(217, 'FCIU2477651', '2015-05-17 00:27:01', '2015-05-17 00:27:01', NULL),
(218, ' CADU7033490', '2015-05-21 06:10:54', '2015-05-21 06:10:54', NULL),
(219, 'CADU7033490', '2015-05-21 06:17:39', '2015-05-21 06:17:39', NULL),
(220, 'ADSF', '2015-06-01 01:16:49', '2015-06-01 01:16:49', NULL),
(221, 'AMCU9270123', '2015-06-01 18:56:27', '2015-06-01 18:56:27', NULL);

-- --------------------------------------------------------

--
-- Table structure for table `Country`
--

CREATE TABLE IF NOT EXISTS `Country` (
  `Code` varchar(3) COLLATE utf8_unicode_ci NOT NULL,
  `nombre` varchar(52) COLLATE utf8_unicode_ci NOT NULL,
  `Continent` enum('Asia','Europe','North America','Africa','Oceania','Antarctica','South America') COLLATE utf8_unicode_ci NOT NULL DEFAULT 'Asia',
  `Region` varchar(26) COLLATE utf8_unicode_ci NOT NULL,
  `SurfaceArea` decimal(10,2) NOT NULL,
  `IndepYear` tinyint(4) DEFAULT NULL,
  `Population` int(11) DEFAULT NULL,
  `LifeExpectancy` decimal(3,1) DEFAULT NULL,
  `GNP` decimal(10,2) DEFAULT NULL,
  `GNPOld` decimal(10,2) DEFAULT NULL,
  `LocalName` varchar(45) COLLATE utf8_unicode_ci DEFAULT NULL,
  `GovernmentForm` varchar(45) COLLATE utf8_unicode_ci NOT NULL,
  `HeadOfState` varchar(60) COLLATE utf8_unicode_ci DEFAULT NULL,
  `Capital` int(11) DEFAULT NULL,
  `Code2` varchar(2) COLLATE utf8_unicode_ci NOT NULL,
  PRIMARY KEY (`Code`)
) ENGINE=MyISAM DEFAULT CHARSET=utf8 COLLATE=utf8_unicode_ci;

--
-- Dumping data for table `Country`
--

INSERT INTO `Country` (`Code`, `nombre`, `Continent`, `Region`, `SurfaceArea`, `IndepYear`, `Population`, `LifeExpectancy`, `GNP`, `GNPOld`, `LocalName`, `GovernmentForm`, `HeadOfState`, `Capital`, `Code2`) VALUES
('ABW', 'Aruba', 'North America', 'Caribbean', 193.00, NULL, 103000, 78.4, 828.00, 793.00, 'Aruba', 'Nonmetropolitan Territory of The Netherlands', 'Beatrix', 129, 'AW'),
('AFG', 'Afghanistan', 'Asia', 'Southern and Central Asia', 652090.00, 127, 22720000, 45.9, 5976.00, NULL, 'Afganistan/Afqanestan', 'Islamic Emirate', 'Mohammad Omar', 1, 'AF'),
('AGO', 'Angola', 'Africa', 'Central Africa', 1246700.00, 127, 12878000, 38.3, 6648.00, 7984.00, 'Angola', 'Republic', 'José Eduardo dos Santos', 56, 'AO'),
('AIA', 'Anguilla', 'North America', 'Caribbean', 96.00, NULL, 8000, 76.1, 63.20, NULL, 'Anguilla', 'Dependent Territory of the UK', 'Elisabeth II', 62, 'AI'),
('ALB', 'Albania', 'Europe', 'Southern Europe', 28748.00, 127, 3401200, 71.6, 3205.00, 2500.00, 'Shqipëria', 'Republic', 'Rexhep Mejdani', 34, 'AL'),
('AND', 'Andorra', 'Europe', 'Southern Europe', 468.00, 127, 78000, 83.5, 1630.00, NULL, 'Andorra', 'Parliamentary Coprincipality', '', 55, 'AD'),
('ANT', 'Netherlands Antilles', 'North America', 'Caribbean', 800.00, NULL, 217000, 74.7, 1941.00, NULL, 'Nederlandse Antillen', 'Nonmetropolitan Territory of The Netherlands', 'Beatrix', 33, 'AN'),
('ARE', 'United Arab Emirates', 'Asia', 'Middle East', 83600.00, 127, 2441000, 74.1, 37966.00, 36846.00, 'Al-Imarat al-´Arabiya al-Muttahida', 'Emirate Federation', 'Zayid bin Sultan al-Nahayan', 65, 'AE'),
('ARG', 'Argentina', 'South America', 'South America', 2780400.00, 127, 37032000, 75.1, 340238.00, 323310.00, 'Argentina', 'Federal Republic', 'Fernando de la Rúa', 69, 'AR'),
('ARM', 'Armenia', 'Asia', 'Middle East', 29800.00, 127, 3520000, 66.4, 1813.00, 1627.00, 'Hajastan', 'Republic', 'Robert Kotšarjan', 126, 'AM'),
('ASM', 'American Samoa', 'Oceania', 'Polynesia', 199.00, NULL, 68000, 75.1, 334.00, NULL, 'Amerika Samoa', 'US Territory', 'George W. Bush', 54, 'AS'),
('ATA', 'Antarctica', 'Antarctica', 'Antarctica', 13120000.00, NULL, 0, NULL, 0.00, NULL, '–', 'Co-administrated', '', NULL, 'AQ'),
('ATF', 'French Southern territories', 'Antarctica', 'Antarctica', 7780.00, NULL, 0, NULL, 0.00, NULL, 'Terres australes françaises', 'Nonmetropolitan Territory of France', 'Jacques Chirac', NULL, 'TF'),
('ATG', 'Antigua and Barbuda', 'North America', 'Caribbean', 442.00, 127, 68000, 70.5, 612.00, 584.00, 'Antigua and Barbuda', 'Constitutional Monarchy', 'Elisabeth II', 63, 'AG'),
('AUS', 'Australia', 'Oceania', 'Australia and New Zealand', 7741220.00, 127, 18886000, 79.8, 351182.00, 392911.00, 'Australia', 'Constitutional Monarchy, Federation', 'Elisabeth II', 135, 'AU'),
('AUT', 'Austria', 'Europe', 'Western Europe', 83859.00, 127, 8091800, 77.7, 211860.00, 206025.00, 'Österreich', 'Federal Republic', 'Thomas Klestil', 1523, 'AT'),
('AZE', 'Azerbaijan', 'Asia', 'Middle East', 86600.00, 127, 7734000, 62.9, 4127.00, 4100.00, 'Azärbaycan', 'Federal Republic', 'Heydär Äliyev', 144, 'AZ'),
('BDI', 'Burundi', 'Africa', 'Eastern Africa', 27834.00, 127, 6695000, 46.2, 903.00, 982.00, 'Burundi/Uburundi', 'Republic', 'Pierre Buyoya', 552, 'BI'),
('BEL', 'Belgium', 'Europe', 'Western Europe', 30518.00, 127, 10239000, 77.8, 249704.00, 243948.00, 'België/Belgique', 'Constitutional Monarchy, Federation', 'Albert II', 179, 'BE'),
('BEN', 'Benin', 'Africa', 'Western Africa', 112622.00, 127, 6097000, 50.2, 2357.00, 2141.00, 'Bénin', 'Republic', 'Mathieu Kérékou', 187, 'BJ'),
('BFA', 'Burkina Faso', 'Africa', 'Western Africa', 274000.00, 127, 11937000, 46.7, 2425.00, 2201.00, 'Burkina Faso', 'Republic', 'Blaise Compaoré', 549, 'BF'),
('BGD', 'Bangladesh', 'Asia', 'Southern and Central Asia', 143998.00, 127, 129155000, 60.2, 32852.00, 31966.00, 'Bangladesh', 'Republic', 'Shahabuddin Ahmad', 150, 'BD'),
('BGR', 'Bulgaria', 'Europe', 'Eastern Europe', 110994.00, 127, 8190900, 70.9, 12178.00, 10169.00, 'Balgarija', 'Republic', 'Petar Stojanov', 539, 'BG'),
('BHR', 'Bahrain', 'Asia', 'Middle East', 694.00, 127, 617000, 73.0, 6366.00, 6097.00, 'Al-Bahrayn', 'Monarchy (Emirate)', 'Hamad ibn Isa al-Khalifa', 149, 'BH'),
('BHS', 'Bahamas', 'North America', 'Caribbean', 13878.00, 127, 307000, 71.1, 3527.00, 3347.00, 'The Bahamas', 'Constitutional Monarchy', 'Elisabeth II', 148, 'BS'),
('BIH', 'Bosnia and Herzegovina', 'Europe', 'Southern Europe', 51197.00, 127, 3972000, 71.5, 2841.00, NULL, 'Bosna i Hercegovina', 'Federal Republic', 'Ante Jelavic', 201, 'BA'),
('BLR', 'Belarus', 'Europe', 'Eastern Europe', 207600.00, 127, 10236000, 68.0, 13714.00, NULL, 'Belarus', 'Republic', 'Aljaksandr Lukašenka', 3520, 'BY'),
('BLZ', 'Belize', 'North America', 'Central America', 22696.00, 127, 241000, 70.9, 630.00, 616.00, 'Belize', 'Constitutional Monarchy', 'Elisabeth II', 185, 'BZ'),
('BMU', 'Bermuda', 'North America', 'North America', 53.00, NULL, 65000, 76.9, 2328.00, 2190.00, 'Bermuda', 'Dependent Territory of the UK', 'Elisabeth II', 191, 'BM'),
('BOL', 'Bolivia', 'South America', 'South America', 1098581.00, 127, 8329000, 63.7, 8571.00, 7967.00, 'Bolivia', 'Republic', 'Hugo Bánzer Suárez', 194, 'BO'),
('BRA', 'Brazil', 'South America', 'South America', 8547403.00, 127, 170115000, 62.9, 776739.00, 804108.00, 'Brasil', 'Federal Republic', 'Fernando Henrique Cardoso', 211, 'BR'),
('BRB', 'Barbados', 'North America', 'Caribbean', 430.00, 127, 270000, 73.0, 2223.00, 2186.00, 'Barbados', 'Constitutional Monarchy', 'Elisabeth II', 174, 'BB'),
('BRN', 'Brunei', 'Asia', 'Southeast Asia', 5765.00, 127, 328000, 73.6, 11705.00, 12460.00, 'Brunei Darussalam', 'Monarchy (Sultanate)', 'Haji Hassan al-Bolkiah', 538, 'BN'),
('BTN', 'Bhutan', 'Asia', 'Southern and Central Asia', 47000.00, 127, 2124000, 52.4, 372.00, 383.00, 'Druk-Yul', 'Monarchy', 'Jigme Singye Wangchuk', 192, 'BT'),
('BVT', 'Bouvet Island', 'Antarctica', 'Antarctica', 59.00, NULL, 0, NULL, 0.00, NULL, 'Bouvetøya', 'Dependent Territory of Norway', 'Harald V', NULL, 'BV'),
('BWA', 'Botswana', 'Africa', 'Southern Africa', 581730.00, 127, 1622000, 39.3, 4834.00, 4935.00, 'Botswana', 'Republic', 'Festus G. Mogae', 204, 'BW'),
('CAF', 'Central African Republic', 'Africa', 'Central Africa', 622984.00, 127, 3615000, 44.0, 1054.00, 993.00, 'Centrafrique/Bê-Afrîka', 'Republic', 'Ange-Félix Patassé', 1889, 'CF'),
('CAN', 'Canada', 'North America', 'North America', 9970610.00, 127, 31147000, 79.4, 598862.00, 625626.00, 'Canada', 'Constitutional Monarchy, Federation', 'Elisabeth II', 1822, 'CA'),
('CCK', 'Cocos (Keeling) Islands', 'Oceania', 'Australia and New Zealand', 14.00, NULL, 600, NULL, 0.00, NULL, 'Cocos (Keeling) Islands', 'Territory of Australia', 'Elisabeth II', 2317, 'CC'),
('CHE', 'Switzerland', 'Europe', 'Western Europe', 41284.00, 127, 7160400, 79.6, 264478.00, 256092.00, 'Schweiz/Suisse/Svizzera/Svizra', 'Federation', 'Adolf Ogi', 3248, 'CH'),
('CHL', 'Chile', 'South America', 'South America', 756626.00, 127, 15211000, 75.7, 72949.00, 75780.00, 'Chile', 'Republic', 'Ricardo Lagos Escobar', 554, 'CL'),
('CHN', 'China', 'Asia', 'Eastern Asia', 9572900.00, -128, 1277558000, 71.4, 982268.00, 917719.00, 'Zhongquo', 'People''sRepublic', 'Jiang Zemin', 1891, 'CN'),
('CIV', 'Côte d’Ivoire', 'Africa', 'Western Africa', 322463.00, 127, 14786000, 45.2, 11345.00, 10285.00, 'Côte d’Ivoire', 'Republic', 'Laurent Gbagbo', 2814, 'CI'),
('CMR', 'Cameroon', 'Africa', 'Central Africa', 475442.00, 127, 15085000, 54.8, 9174.00, 8596.00, 'Cameroun/Cameroon', 'Republic', 'Paul Biya', 1804, 'CM'),
('COD', 'Congo, The Democratic Republic of the', 'Africa', 'Central Africa', 2344858.00, 127, 51654000, 48.8, 6964.00, 2474.00, 'République Démocratique du Congo', 'Republic', 'Joseph Kabila', 2298, 'CD'),
('COG', 'Congo', 'Africa', 'Central Africa', 342000.00, 127, 2943000, 47.4, 2108.00, 2287.00, 'Congo', 'Republic', 'Denis Sassou-Nguesso', 2296, 'CG'),
('COK', 'Cook Islands', 'Oceania', 'Polynesia', 236.00, NULL, 20000, 71.1, 100.00, NULL, 'The Cook Islands', 'Nonmetropolitan Territory of New Zealand', 'Elisabeth II', 583, 'CK'),
('COL', 'Colombia', 'South America', 'South America', 1138914.00, 127, 42321000, 70.3, 102896.00, 105116.00, 'Colombia', 'Republic', 'Andrés Pastrana Arango', 2257, 'CO'),
('COM', 'Comoros', 'Africa', 'Eastern Africa', 1862.00, 127, 578000, 60.0, 4401.00, 4361.00, 'Komori/Comores', 'Republic', 'Azali Assoumani', 2295, 'KM'),
('CPV', 'Cape Verde', 'Africa', 'Western Africa', 4033.00, 127, 428000, 68.9, 435.00, 420.00, 'Cabo Verde', 'Republic', 'António Mascarenhas Monteiro', 1859, 'CV'),
('CRI', 'Costa Rica', 'North America', 'Central America', 51100.00, 127, 4023000, 75.8, 10226.00, 9757.00, 'Costa Rica', 'Republic', 'Miguel Ángel Rodríguez Echeverría', 584, 'CR'),
('CUB', 'Cuba', 'North America', 'Caribbean', 110861.00, 127, 11201000, 76.2, 17843.00, 18862.00, 'Cuba', 'Socialistic Republic', 'Fidel Castro Ruz', 2413, 'CU'),
('CXR', 'Christmas Island', 'Oceania', 'Australia and New Zealand', 135.00, NULL, 2500, NULL, 0.00, NULL, 'Christmas Island', 'Territory of Australia', 'Elisabeth II', 1791, 'CX'),
('CYM', 'Cayman Islands', 'North America', 'Caribbean', 264.00, NULL, 38000, 78.9, 1263.00, 1186.00, 'Cayman Islands', 'Dependent Territory of the UK', 'Elisabeth II', 553, 'KY'),
('CYP', 'Cyprus', 'Asia', 'Middle East', 9251.00, 127, 754700, 76.7, 9333.00, 8246.00, 'Kýpros/Kibris', 'Republic', 'Glafkos Klerides', 2430, 'CY'),
('CZE', 'Czech Republic', 'Europe', 'Eastern Europe', 78866.00, 127, 10278100, 74.5, 55017.00, 52037.00, '¸esko', 'Republic', 'Václav Havel', 3339, 'CZ'),
('DEU', 'Germany', 'Europe', 'Western Europe', 357022.00, 127, 82164700, 77.4, 2133367.00, 2102826.00, 'Deutschland', 'Federal Republic', 'Johannes Rau', 3068, 'DE'),
('DJI', 'Djibouti', 'Africa', 'Eastern Africa', 23200.00, 127, 638000, 50.8, 382.00, 373.00, 'Djibouti/Jibuti', 'Republic', 'Ismail Omar Guelleh', 585, 'DJ'),
('DMA', 'Dominica', 'North America', 'Caribbean', 751.00, 127, 71000, 73.4, 256.00, 243.00, 'Dominica', 'Republic', 'Vernon Shaw', 586, 'DM'),
('DNK', 'Denmark', 'Europe', 'Nordic Countries', 43094.00, 127, 5330000, 76.5, 174099.00, 169264.00, 'Danmark', 'Constitutional Monarchy', 'Margrethe II', 3315, 'DK'),
('DOM', 'Dominican Republic', 'North America', 'Caribbean', 48511.00, 127, 8495000, 73.2, 15846.00, 15076.00, 'República Dominicana', 'Republic', 'Hipólito Mejía Domínguez', 587, 'DO'),
('DZA', 'Algeria', 'Africa', 'Northern Africa', 2381741.00, 127, 31471000, 69.7, 49982.00, 46966.00, 'Al-Jaza’ir/Algérie', 'Republic', 'Abdelaziz Bouteflika', 35, 'DZ'),
('ECU', 'Ecuador', 'South America', 'South America', 283561.00, 127, 12646000, 71.1, 19770.00, 19769.00, 'Ecuador', 'Republic', 'Gustavo Noboa Bejarano', 594, 'EC'),
('EGY', 'Egypt', 'Africa', 'Northern Africa', 1001449.00, 127, 68470000, 63.3, 82710.00, 75617.00, 'Misr', 'Republic', 'Hosni Mubarak', 608, 'EG'),
('ERI', 'Eritrea', 'Africa', 'Eastern Africa', 117600.00, 127, 3850000, 55.8, 650.00, 755.00, 'Ertra', 'Republic', 'Isayas Afewerki [Isaias Afwerki]', 652, 'ER'),
('ESH', 'Western Sahara', 'Africa', 'Northern Africa', 266000.00, NULL, 293000, 49.8, 60.00, NULL, 'As-Sahrawiya', 'Occupied by Marocco', 'Mohammed Abdel Aziz', 2453, 'EH'),
('ESP', 'Spain', 'Europe', 'Southern Europe', 505992.00, 127, 39441700, 78.8, 553233.00, 532031.00, 'España', 'Constitutional Monarchy', 'Juan Carlos I', 653, 'ES'),
('EST', 'Estonia', 'Europe', 'Baltic Countries', 45227.00, 127, 1439200, 69.5, 5328.00, 3371.00, 'Eesti', 'Republic', 'Lennart Meri', 3791, 'EE'),
('ETH', 'Ethiopia', 'Africa', 'Eastern Africa', 1104300.00, -128, 62565000, 45.2, 6353.00, 6180.00, 'YeItyop´iya', 'Republic', 'Negasso Gidada', 756, 'ET'),
('FIN', 'Finland', 'Europe', 'Nordic Countries', 338145.00, 127, 5171300, 77.4, 121914.00, 119833.00, 'Suomi', 'Republic', 'Tarja Halonen', 3236, 'FI'),
('FJI', 'Fiji Islands', 'Oceania', 'Melanesia', 18274.00, 127, 817000, 67.9, 1536.00, 2149.00, 'Fiji Islands', 'Republic', 'Josefa Iloilo', 764, 'FJ'),
('FLK', 'Falkland Islands', 'South America', 'South America', 12173.00, NULL, 2000, NULL, 0.00, NULL, 'Falkland Islands', 'Dependent Territory of the UK', 'Elisabeth II', 763, 'FK'),
('FRA', 'France', 'Europe', 'Western Europe', 551500.00, 127, 59225700, 78.8, 1424285.00, 1392448.00, 'France', 'Republic', 'Jacques Chirac', 2974, 'FR'),
('FRO', 'Faroe Islands', 'Europe', 'Nordic Countries', 1399.00, NULL, 43000, 78.4, 0.00, NULL, 'Føroyar', 'Part of Denmark', 'Margrethe II', 901, 'FO'),
('FSM', 'Micronesia, Federated States of', 'Oceania', 'Micronesia', 702.00, 127, 119000, 68.6, 212.00, NULL, 'Micronesia', 'Federal Republic', 'Leo A. Falcam', 2689, 'FM'),
('GAB', 'Gabon', 'Africa', 'Central Africa', 267668.00, 127, 1226000, 50.1, 5493.00, 5279.00, 'Le Gabon', 'Republic', 'Omar Bongo', 902, 'GA'),
('GBR', 'United Kingdom', 'Europe', 'British Islands', 242900.00, 127, 59623400, 77.7, 1378330.00, 1296830.00, 'United Kingdom', 'Constitutional Monarchy', 'Elisabeth II', 456, 'GB'),
('GEO', 'Georgia', 'Asia', 'Middle East', 69700.00, 127, 4968000, 64.5, 6064.00, 5924.00, 'Sakartvelo', 'Republic', 'Eduard Ševardnadze', 905, 'GE'),
('GHA', 'Ghana', 'Africa', 'Western Africa', 238533.00, 127, 20212000, 57.4, 7137.00, 6884.00, 'Ghana', 'Republic', 'John Kufuor', 910, 'GH'),
('GIB', 'Gibraltar', 'Europe', 'Southern Europe', 6.00, NULL, 25000, 79.0, 258.00, NULL, 'Gibraltar', 'Dependent Territory of the UK', 'Elisabeth II', 915, 'GI'),
('GIN', 'Guinea', 'Africa', 'Western Africa', 245857.00, 127, 7430000, 45.6, 2352.00, 2383.00, 'Guinée', 'Republic', 'Lansana Conté', 926, 'GN'),
('GLP', 'Guadeloupe', 'North America', 'Caribbean', 1705.00, NULL, 456000, 77.0, 3501.00, NULL, 'Guadeloupe', 'Overseas Department of France', 'Jacques Chirac', 919, 'GP'),
('GMB', 'Gambia', 'Africa', 'Western Africa', 11295.00, 127, 1305000, 53.2, 320.00, 325.00, 'The Gambia', 'Republic', 'Yahya Jammeh', 904, 'GM'),
('GNB', 'Guinea-Bissau', 'Africa', 'Western Africa', 36125.00, 127, 1213000, 49.0, 293.00, 272.00, 'Guiné-Bissau', 'Republic', 'Kumba Ialá', 927, 'GW'),
('GNQ', 'Equatorial Guinea', 'Africa', 'Central Africa', 28051.00, 127, 453000, 53.6, 283.00, 542.00, 'Guinea Ecuatorial', 'Republic', 'Teodoro Obiang Nguema Mbasogo', 2972, 'GQ'),
('GRC', 'Greece', 'Europe', 'Southern Europe', 131626.00, 127, 10545700, 78.4, 120724.00, 119946.00, 'Elláda', 'Republic', 'Kostis Stefanopoulos', 2401, 'GR'),
('GRD', 'Grenada', 'North America', 'Caribbean', 344.00, 127, 94000, 64.5, 318.00, NULL, 'Grenada', 'Constitutional Monarchy', 'Elisabeth II', 916, 'GD'),
('GRL', 'Greenland', 'North America', 'North America', 2166090.00, NULL, 56000, 68.1, 0.00, NULL, 'Kalaallit Nunaat/Grønland', 'Part of Denmark', 'Margrethe II', 917, 'GL'),
('GTM', 'Guatemala', 'North America', 'Central America', 108889.00, 127, 11385000, 66.2, 19008.00, 17797.00, 'Guatemala', 'Republic', 'Alfonso Portillo Cabrera', 922, 'GT'),
('GUF', 'French Guiana', 'South America', 'South America', 90000.00, NULL, 181000, 76.1, 681.00, NULL, 'Guyane française', 'Overseas Department of France', 'Jacques Chirac', 3014, 'GF'),
('GUM', 'Guam', 'Oceania', 'Micronesia', 549.00, NULL, 168000, 77.8, 1197.00, 1136.00, 'Guam', 'US Territory', 'George W. Bush', 921, 'GU'),
('GUY', 'Guyana', 'South America', 'South America', 214969.00, 127, 861000, 64.0, 722.00, 743.00, 'Guyana', 'Republic', 'Bharrat Jagdeo', 928, 'GY'),
('HKG', 'Hong Kong', 'Asia', 'Eastern Asia', 1075.00, NULL, 6782000, 79.5, 166448.00, 173610.00, 'Xianggang/Hong Kong', 'Special Administrative Region of China', 'Jiang Zemin', 937, 'HK'),
('HMD', 'Heard Island and McDonald Islands', 'Antarctica', 'Antarctica', 359.00, NULL, 0, NULL, 0.00, NULL, 'Heard and McDonald Islands', 'Territory of Australia', 'Elisabeth II', NULL, 'HM'),
('HND', 'Honduras', 'North America', 'Central America', 112088.00, 127, 6485000, 69.9, 5333.00, 4697.00, 'Honduras', 'Republic', 'Carlos Roberto Flores Facussé', 933, 'HN'),
('HRV', 'Croatia', 'Europe', 'Southern Europe', 56538.00, 127, 4473000, 73.7, 20208.00, 19300.00, 'Hrvatska', 'Republic', 'Štipe Mesic', 2409, 'HR'),
('HTI', 'Haiti', 'North America', 'Caribbean', 27750.00, 127, 8222000, 49.2, 3459.00, 3107.00, 'Haïti/Dayti', 'Republic', 'Jean-Bertrand Aristide', 929, 'HT'),
('HUN', 'Hungary', 'Europe', 'Eastern Europe', 93030.00, 127, 10043200, 71.4, 48267.00, 45914.00, 'Magyarország', 'Republic', 'Ferenc Mádl', 3483, 'HU'),
('IDN', 'Indonesia', 'Asia', 'Southeast Asia', 1904569.00, 127, 212107000, 68.0, 84982.00, 215002.00, 'Indonesia', 'Republic', 'Abdurrahman Wahid', 939, 'ID'),
('IND', 'India', 'Asia', 'Southern and Central Asia', 3287263.00, 127, 1013662000, 62.5, 447114.00, 430572.00, 'Bharat/India', 'Federal Republic', 'Kocheril Raman Narayanan', 1109, 'IN'),
('IOT', 'British Indian Ocean Territory', 'Africa', 'Eastern Africa', 78.00, NULL, 0, NULL, 0.00, NULL, 'British Indian Ocean Territory', 'Dependent Territory of the UK', 'Elisabeth II', NULL, 'IO'),
('IRL', 'Ireland', 'Europe', 'British Islands', 70273.00, 127, 3775100, 76.8, 75921.00, 73132.00, 'Ireland/Éire', 'Republic', 'Mary McAleese', 1447, 'IE'),
('IRN', 'Iran', 'Asia', 'Southern and Central Asia', 1648195.00, 127, 67702000, 69.7, 195746.00, 160151.00, 'Iran', 'Islamic Republic', 'Ali Mohammad Khatami-Ardakani', 1380, 'IR'),
('IRQ', 'Iraq', 'Asia', 'Middle East', 438317.00, 127, 23115000, 66.5, 11500.00, NULL, 'Al-´Iraq', 'Republic', 'Saddam Hussein al-Takriti', 1365, 'IQ'),
('ISL', 'Iceland', 'Europe', 'Nordic Countries', 103000.00, 127, 279000, 79.4, 8255.00, 7474.00, 'Ísland', 'Republic', 'Ólafur Ragnar Grímsson', 1449, 'IS'),
('ISR', 'Israel', 'Asia', 'Middle East', 21056.00, 127, 6217000, 78.6, 97477.00, 98577.00, 'Yisra’el/Isra’il', 'Republic', 'Moshe Katzav', 1450, 'IL'),
('ITA', 'Italy', 'Europe', 'Southern Europe', 301316.00, 127, 57680000, 79.0, 1161755.00, 1145372.00, 'Italia', 'Republic', 'Carlo Azeglio Ciampi', 1464, 'IT'),
('JAM', 'Jamaica', 'North America', 'Caribbean', 10990.00, 127, 2583000, 75.2, 6871.00, 6722.00, 'Jamaica', 'Constitutional Monarchy', 'Elisabeth II', 1530, 'JM'),
('JOR', 'Jordan', 'Asia', 'Middle East', 88946.00, 127, 5083000, 77.4, 7526.00, 7051.00, 'Al-Urdunn', 'Constitutional Monarchy', 'Abdullah II', 1786, 'JO'),
('JPN', 'Japan', 'Asia', 'Eastern Asia', 377829.00, -128, 126714000, 80.7, 3787042.00, 4192638.00, 'Nihon/Nippon', 'Constitutional Monarchy', 'Akihito', 1532, 'JP'),
('KAZ', 'Kazakstan', 'Asia', 'Southern and Central Asia', 2724900.00, 127, 16223000, 63.2, 24375.00, 23383.00, 'Qazaqstan', 'Republic', 'Nursultan Nazarbajev', 1864, 'KZ'),
('KEN', 'Kenya', 'Africa', 'Eastern Africa', 580367.00, 127, 30080000, 48.0, 9217.00, 10241.00, 'Kenya', 'Republic', 'Daniel arap Moi', 1881, 'KE'),
('KGZ', 'Kyrgyzstan', 'Asia', 'Southern and Central Asia', 199900.00, 127, 4699000, 63.4, 1626.00, 1767.00, 'Kyrgyzstan', 'Republic', 'Askar Akajev', 2253, 'KG'),
('KHM', 'Cambodia', 'Asia', 'Southeast Asia', 181035.00, 127, 11168000, 56.5, 5121.00, 5670.00, 'Kâmpuchéa', 'Constitutional Monarchy', 'Norodom Sihanouk', 1800, 'KH'),
('KIR', 'Kiribati', 'Oceania', 'Micronesia', 726.00, 127, 83000, 59.8, 40.70, NULL, 'Kiribati', 'Republic', 'Teburoro Tito', 2256, 'KI'),
('KNA', 'Saint Kitts and Nevis', 'North America', 'Caribbean', 261.00, 127, 38000, 70.7, 299.00, NULL, 'Saint Kitts and Nevis', 'Constitutional Monarchy', 'Elisabeth II', 3064, 'KN'),
('KOR', 'South Korea', 'Asia', 'Eastern Asia', 99434.00, 127, 46844000, 74.4, 320749.00, 442544.00, 'Taehan Min’guk (Namhan)', 'Republic', 'Kim Dae-jung', 2331, 'KR'),
('KWT', 'Kuwait', 'Asia', 'Middle East', 17818.00, 127, 1972000, 76.1, 27037.00, 30373.00, 'Al-Kuwayt', 'Constitutional Monarchy (Emirate)', 'Jabir al-Ahmad al-Jabir al-Sabah', 2429, 'KW'),
('LAO', 'Laos', 'Asia', 'Southeast Asia', 236800.00, 127, 5433000, 53.1, 1292.00, 1746.00, 'Lao', 'Republic', 'Khamtay Siphandone', 2432, 'LA'),
('LBN', 'Lebanon', 'Asia', 'Middle East', 10400.00, 127, 3282000, 71.3, 17121.00, 15129.00, 'Lubnan', 'Republic', 'Émile Lahoud', 2438, 'LB'),
('LBR', 'Liberia', 'Africa', 'Western Africa', 111369.00, 127, 3154000, 51.0, 2012.00, NULL, 'Liberia', 'Republic', 'Charles Taylor', 2440, 'LR'),
('LBY', 'Libyan Arab Jamahiriya', 'Africa', 'Northern Africa', 1759540.00, 127, 5605000, 75.5, 44806.00, 40562.00, 'Libiya', 'Socialistic State', 'Muammar al-Qadhafi', 2441, 'LY'),
('LCA', 'Saint Lucia', 'North America', 'Caribbean', 622.00, 127, 154000, 72.3, 571.00, NULL, 'Saint Lucia', 'Constitutional Monarchy', 'Elisabeth II', 3065, 'LC'),
('LIE', 'Liechtenstein', 'Europe', 'Western Europe', 160.00, 127, 32300, 78.8, 1119.00, 1084.00, 'Liechtenstein', 'Constitutional Monarchy', 'Hans-Adam II', 2446, 'LI'),
('LKA', 'Sri Lanka', 'Asia', 'Southern and Central Asia', 65610.00, 127, 18827000, 71.8, 15706.00, 15091.00, 'Sri Lanka/Ilankai', 'Republic', 'Chandrika Kumaratunga', 3217, 'LK'),
('LSO', 'Lesotho', 'Africa', 'Southern Africa', 30355.00, 127, 2153000, 50.8, 1061.00, 1161.00, 'Lesotho', 'Constitutional Monarchy', 'Letsie III', 2437, 'LS'),
('LTU', 'Lithuania', 'Europe', 'Baltic Countries', 65301.00, 127, 3698500, 69.1, 10692.00, 9585.00, 'Lietuva', 'Republic', 'Valdas Adamkus', 2447, 'LT'),
('LUX', 'Luxembourg', 'Europe', 'Western Europe', 2586.00, 127, 435700, 77.1, 16321.00, 15519.00, 'Luxembourg/Lëtzebuerg', 'Constitutional Monarchy', 'Henri', 2452, 'LU'),
('LVA', 'Latvia', 'Europe', 'Baltic Countries', 64589.00, 127, 2424200, 68.4, 6398.00, 5639.00, 'Latvija', 'Republic', 'Vaira Vike-Freiberga', 2434, 'LV'),
('MAC', 'Macao', 'Asia', 'Eastern Asia', 18.00, NULL, 473000, 81.6, 5749.00, 5940.00, 'Macau/Aomen', 'Special Administrative Region of China', 'Jiang Zemin', 2454, 'MO'),
('MAR', 'Morocco', 'Africa', 'Northern Africa', 446550.00, 127, 28351000, 69.1, 36124.00, 33514.00, 'Al-Maghrib', 'Constitutional Monarchy', 'Mohammed VI', 2486, 'MA'),
('MCO', 'Monaco', 'Europe', 'Western Europe', 1.50, 127, 34000, 78.8, 776.00, NULL, 'Monaco', 'Constitutional Monarchy', 'Rainier III', 2695, 'MC'),
('MDA', 'Moldova', 'Europe', 'Eastern Europe', 33851.00, 127, 4380000, 64.5, 1579.00, 1872.00, 'Moldova', 'Republic', 'Vladimir Voronin', 2690, 'MD'),
('MDG', 'Madagascar', 'Africa', 'Eastern Africa', 587041.00, 127, 15942000, 55.0, 3750.00, 3545.00, 'Madagasikara/Madagascar', 'Federal Republic', 'Didier Ratsiraka', 2455, 'MG'),
('MDV', 'Maldives', 'Asia', 'Southern and Central Asia', 298.00, 127, 286000, 62.2, 199.00, NULL, 'Dhivehi Raajje/Maldives', 'Republic', 'Maumoon Abdul Gayoom', 2463, 'MV'),
('MEX', 'Mexico', 'North America', 'Central America', 1958201.00, 127, 98881000, 71.5, 414972.00, 401461.00, 'México', 'Federal Republic', 'Vicente Fox Quesada', 2515, 'MX'),
('MHL', 'Marshall Islands', 'Oceania', 'Micronesia', 181.00, 127, 64000, 65.5, 97.00, NULL, 'Marshall Islands/Majol', 'Republic', 'Kessai Note', 2507, 'MH'),
('MKD', 'Macedonia', 'Europe', 'Southern Europe', 25713.00, 127, 2024000, 73.8, 1694.00, 1915.00, 'Makedonija', 'Republic', 'Boris Trajkovski', 2460, 'MK'),
('MLI', 'Mali', 'Africa', 'Western Africa', 1240192.00, 127, 11234000, 46.7, 2642.00, 2453.00, 'Mali', 'Republic', 'Alpha Oumar Konaré', 2482, 'ML'),
('MLT', 'Malta', 'Europe', 'Southern Europe', 316.00, 127, 380200, 77.9, 3512.00, 3338.00, 'Malta', 'Republic', 'Guido de Marco', 2484, 'MT'),
('MMR', 'Myanmar', 'Asia', 'Southeast Asia', 676578.00, 127, 45611000, 54.9, 180375.00, 171028.00, 'Myanma Pye', 'Republic', 'kenraali Than Shwe', 2710, 'MM'),
('MNG', 'Mongolia', 'Asia', 'Eastern Asia', 1566500.00, 127, 2662000, 67.3, 1043.00, 933.00, 'Mongol Uls', 'Republic', 'Natsagiin Bagabandi', 2696, 'MN'),
('MNP', 'Northern Mariana Islands', 'Oceania', 'Micronesia', 464.00, NULL, 78000, 75.5, 0.00, NULL, 'Northern Mariana Islands', 'Commonwealth of the US', 'George W. Bush', 2913, 'MP'),
('MOZ', 'Mozambique', 'Africa', 'Eastern Africa', 801590.00, 127, 19680000, 37.5, 2891.00, 2711.00, 'Moçambique', 'Republic', 'Joaquím A. Chissano', 2698, 'MZ'),
('MRT', 'Mauritania', 'Africa', 'Western Africa', 1025520.00, 127, 2670000, 50.8, 998.00, 1081.00, 'Muritaniya/Mauritanie', 'Republic', 'Maaouiya Ould Sid´Ahmad Taya', 2509, 'MR'),
('MSR', 'Montserrat', 'North America', 'Caribbean', 102.00, NULL, 11000, 78.0, 109.00, NULL, 'Montserrat', 'Dependent Territory of the UK', 'Elisabeth II', 2697, 'MS'),
('MTQ', 'Martinique', 'North America', 'Caribbean', 1102.00, NULL, 395000, 78.3, 2731.00, 2559.00, 'Martinique', 'Overseas Department of France', 'Jacques Chirac', 2508, 'MQ'),
('MUS', 'Mauritius', 'Africa', 'Eastern Africa', 2040.00, 127, 1158000, 71.0, 4251.00, 4186.00, 'Mauritius', 'Republic', 'Cassam Uteem', 2511, 'MU'),
('MWI', 'Malawi', 'Africa', 'Eastern Africa', 118484.00, 127, 10925000, 37.6, 1687.00, 2527.00, 'Malawi', 'Republic', 'Bakili Muluzi', 2462, 'MW'),
('MYS', 'Malaysia', 'Asia', 'Southeast Asia', 329758.00, 127, 22244000, 70.8, 69213.00, 97884.00, 'Malaysia', 'Constitutional Monarchy, Federation', 'Salahuddin Abdul Aziz Shah Alhaj', 2464, 'MY'),
('MYT', 'Mayotte', 'Africa', 'Eastern Africa', 373.00, NULL, 149000, 59.5, 0.00, NULL, 'Mayotte', 'Territorial Collectivity of France', 'Jacques Chirac', 2514, 'YT'),
('NAM', 'Namibia', 'Africa', 'Southern Africa', 824292.00, 127, 1726000, 42.5, 3101.00, 3384.00, 'Namibia', 'Republic', 'Sam Nujoma', 2726, 'NA'),
('NCL', 'New Caledonia', 'Oceania', 'Melanesia', 18575.00, NULL, 214000, 72.8, 3563.00, NULL, 'Nouvelle-Calédonie', 'Nonmetropolitan Territory of France', 'Jacques Chirac', 3493, 'NC'),
('NER', 'Niger', 'Africa', 'Western Africa', 1267000.00, 127, 10730000, 41.3, 1706.00, 1580.00, 'Niger', 'Republic', 'Mamadou Tandja', 2738, 'NE'),
('NFK', 'Norfolk Island', 'Oceania', 'Australia and New Zealand', 36.00, NULL, 2000, NULL, 0.00, NULL, 'Norfolk Island', 'Territory of Australia', 'Elisabeth II', 2806, 'NF'),
('NGA', 'Nigeria', 'Africa', 'Western Africa', 923768.00, 127, 111506000, 51.6, 65707.00, 58623.00, 'Nigeria', 'Federal Republic', 'Olusegun Obasanjo', 2754, 'NG'),
('NIC', 'Nicaragua', 'North America', 'Central America', 130000.00, 127, 5074000, 68.7, 1988.00, 2023.00, 'Nicaragua', 'Republic', 'Arnoldo Alemán Lacayo', 2734, 'NI'),
('NIU', 'Niue', 'Oceania', 'Polynesia', 260.00, NULL, 2000, NULL, 0.00, NULL, 'Niue', 'Nonmetropolitan Territory of New Zealand', 'Elisabeth II', 2805, 'NU'),
('NLD', 'Netherlands', 'Europe', 'Western Europe', 41526.00, 127, 15864000, 78.3, 371362.00, 360478.00, 'Nederland', 'Constitutional Monarchy', 'Beatrix', 5, 'NL'),
('NOR', 'Norway', 'Europe', 'Nordic Countries', 323877.00, 127, 4478500, 78.7, 145895.00, 153370.00, 'Norge', 'Constitutional Monarchy', 'Harald V', 2807, 'NO'),
('NPL', 'Nepal', 'Asia', 'Southern and Central Asia', 147181.00, 127, 23930000, 57.8, 4768.00, 4837.00, 'Nepal', 'Constitutional Monarchy', 'Gyanendra Bir Bikram', 2729, 'NP'),
('NRU', 'Nauru', 'Oceania', 'Micronesia', 21.00, 127, 12000, 60.8, 197.00, NULL, 'Naoero/Nauru', 'Republic', 'Bernard Dowiyogo', 2728, 'NR'),
('NZL', 'New Zealand', 'Oceania', 'Australia and New Zealand', 270534.00, 127, 3862000, 77.8, 54669.00, 64960.00, 'New Zealand/Aotearoa', 'Constitutional Monarchy', 'Elisabeth II', 3499, 'NZ'),
('OMN', 'Oman', 'Asia', 'Middle East', 309500.00, 127, 2542000, 71.8, 16904.00, 16153.00, '´Uman', 'Monarchy (Sultanate)', 'Qabus ibn Sa´id', 2821, 'OM'),
('PAK', 'Pakistan', 'Asia', 'Southern and Central Asia', 796095.00, 127, 156483000, 61.1, 61289.00, 58549.00, 'Pakistan', 'Republic', 'Mohammad Rafiq Tarar', 2831, 'PK'),
('PAN', 'Panama', 'North America', 'Central America', 75517.00, 127, 2856000, 75.5, 9131.00, 8700.00, 'Panamá', 'Republic', 'Mireya Elisa Moscoso Rodríguez', 2882, 'PA'),
('PCN', 'Pitcairn', 'Oceania', 'Polynesia', 49.00, NULL, 50, NULL, 0.00, NULL, 'Pitcairn', 'Dependent Territory of the UK', 'Elisabeth II', 2912, 'PN'),
('PER', 'Peru', 'South America', 'South America', 1285216.00, 127, 25662000, 70.0, 64140.00, 65186.00, 'Perú/Piruw', 'Republic', 'Valentin Paniagua Corazao', 2890, 'PE'),
('PHL', 'Philippines', 'Asia', 'Southeast Asia', 300000.00, 127, 75967000, 67.5, 65107.00, 82239.00, 'Pilipinas', 'Republic', 'Gloria Macapagal-Arroyo', 766, 'PH'),
('PLW', 'Palau', 'Oceania', 'Micronesia', 459.00, 127, 19000, 68.6, 105.00, NULL, 'Belau/Palau', 'Republic', 'Kuniwo Nakamura', 2881, 'PW'),
('PNG', 'Papua New Guinea', 'Oceania', 'Melanesia', 462840.00, 127, 4807000, 63.1, 4988.00, 6328.00, 'Papua New Guinea/Papua Niugini', 'Constitutional Monarchy', 'Elisabeth II', 2884, 'PG'),
('POL', 'Poland', 'Europe', 'Eastern Europe', 323250.00, 127, 38653600, 73.2, 151697.00, 135636.00, 'Polska', 'Republic', 'Aleksander Kwasniewski', 2928, 'PL'),
('PRI', 'Puerto Rico', 'North America', 'Caribbean', 8875.00, NULL, 3869000, 75.6, 34100.00, 32100.00, 'Puerto Rico', 'Commonwealth of the US', 'George W. Bush', 2919, 'PR'),
('PRK', 'North Korea', 'Asia', 'Eastern Asia', 120538.00, 127, 24039000, 70.7, 5332.00, NULL, 'Choson Minjujuui In´min Konghwaguk (Bukhan)', 'Socialistic Republic', 'Kim Jong-il', 2318, 'KP'),
('PRT', 'Portugal', 'Europe', 'Southern Europe', 91982.00, 127, 9997600, 75.8, 105954.00, 102133.00, 'Portugal', 'Republic', 'Jorge Sampãio', 2914, 'PT'),
('PRY', 'Paraguay', 'South America', 'South America', 406752.00, 127, 5496000, 73.7, 8444.00, 9555.00, 'Paraguay', 'Republic', 'Luis Ángel González Macchi', 2885, 'PY'),
('PSE', 'Palestine', 'Asia', 'Middle East', 6257.00, NULL, 3101000, 71.4, 4173.00, NULL, 'Filastin', 'Autonomous Area', 'Yasser (Yasir) Arafat', 4074, 'PS'),
('PYF', 'French Polynesia', 'Oceania', 'Polynesia', 4000.00, NULL, 235000, 74.8, 818.00, 781.00, 'Polynésie française', 'Nonmetropolitan Territory of France', 'Jacques Chirac', 3016, 'PF'),
('QAT', 'Qatar', 'Asia', 'Middle East', 11000.00, 127, 599000, 72.4, 9472.00, 8920.00, 'Qatar', 'Monarchy', 'Hamad ibn Khalifa al-Thani', 2973, 'QA'),
('REU', 'Réunion', 'Africa', 'Eastern Africa', 2510.00, NULL, 699000, 72.7, 8287.00, 7988.00, 'Réunion', 'Overseas Department of France', 'Jacques Chirac', 3017, 'RE'),
('ROM', 'Romania', 'Europe', 'Eastern Europe', 238391.00, 127, 22455500, 69.9, 38158.00, 34843.00, 'România', 'Republic', 'Ion Iliescu', 3018, 'RO'),
('RUS', 'Russian Federation', 'Europe', 'Eastern Europe', 17075400.00, 127, 146934000, 67.2, 276608.00, 442989.00, 'Rossija', 'Federal Republic', 'Vladimir Putin', 3580, 'RU'),
('RWA', 'Rwanda', 'Africa', 'Eastern Africa', 26338.00, 127, 7733000, 39.3, 2036.00, 1863.00, 'Rwanda/Urwanda', 'Republic', 'Paul Kagame', 3047, 'RW'),
('SAU', 'Saudi Arabia', 'Asia', 'Middle East', 2149690.00, 127, 21607000, 67.8, 137635.00, 146171.00, 'Al-´Arabiya as-Sa´udiya', 'Monarchy', 'Fahd ibn Abdul-Aziz al-Sa´ud', 3173, 'SA'),
('SDN', 'Sudan', 'Africa', 'Northern Africa', 2505813.00, 127, 29490000, 56.6, 10162.00, NULL, 'As-Sudan', 'Islamic Republic', 'Omar Hassan Ahmad al-Bashir', 3225, 'SD'),
('SEN', 'Senegal', 'Africa', 'Western Africa', 196722.00, 127, 9481000, 62.2, 4787.00, 4542.00, 'Sénégal/Sounougal', 'Republic', 'Abdoulaye Wade', 3198, 'SN'),
('SGP', 'Singapore', 'Asia', 'Southeast Asia', 618.00, 127, 3567000, 80.1, 86503.00, 96318.00, 'Singapore/Singapura/Xinjiapo/Singapur', 'Republic', 'Sellapan Rama Nathan', 3208, 'SG'),
('SGS', 'South Georgia and the South Sandwich Islands', 'Antarctica', 'Antarctica', 3903.00, NULL, 0, NULL, 0.00, NULL, 'South Georgia and the South Sandwich Islands', 'Dependent Territory of the UK', 'Elisabeth II', NULL, 'GS'),
('SHN', 'Saint Helena', 'Africa', 'Western Africa', 314.00, NULL, 6000, 76.8, 0.00, NULL, 'Saint Helena', 'Dependent Territory of the UK', 'Elisabeth II', 3063, 'SH'),
('SJM', 'Svalbard and Jan Mayen', 'Europe', 'Nordic Countries', 62422.00, NULL, 3200, NULL, 0.00, NULL, 'Svalbard og Jan Mayen', 'Dependent Territory of Norway', 'Harald V', 938, 'SJ'),
('SLB', 'Solomon Islands', 'Oceania', 'Melanesia', 28896.00, 127, 444000, 71.3, 182.00, 220.00, 'Solomon Islands', 'Constitutional Monarchy', 'Elisabeth II', 3161, 'SB'),
('SLE', 'Sierra Leone', 'Africa', 'Western Africa', 71740.00, 127, 4854000, 45.3, 746.00, 858.00, 'Sierra Leone', 'Republic', 'Ahmed Tejan Kabbah', 3207, 'SL'),
('SLV', 'El Salvador', 'North America', 'Central America', 21041.00, 127, 6276000, 69.7, 11863.00, 11203.00, 'El Salvador', 'Republic', 'Francisco Guillermo Flores Pérez', 645, 'SV'),
('SMR', 'San Marino', 'Europe', 'Southern Europe', 61.00, 127, 27000, 81.1, 510.00, NULL, 'San Marino', 'Republic', NULL, 3171, 'SM'),
('SOM', 'Somalia', 'Africa', 'Eastern Africa', 637657.00, 127, 10097000, 46.2, 935.00, NULL, 'Soomaaliya', 'Republic', 'Abdiqassim Salad Hassan', 3214, 'SO'),
('SPM', 'Saint Pierre and Miquelon', 'North America', 'North America', 242.00, NULL, 7000, 77.6, 0.00, NULL, 'Saint-Pierre-et-Miquelon', 'Territorial Collectivity of France', 'Jacques Chirac', 3067, 'PM'),
('STP', 'Sao Tome and Principe', 'Africa', 'Central Africa', 964.00, 127, 147000, 65.3, 6.00, NULL, 'São Tomé e Príncipe', 'Republic', 'Miguel Trovoada', 3172, 'ST'),
('SUR', 'Suriname', 'South America', 'South America', 163265.00, 127, 417000, 71.4, 870.00, 706.00, 'Suriname', 'Republic', 'Ronald Venetiaan', 3243, 'SR'),
('SVK', 'Slovakia', 'Europe', 'Eastern Europe', 49012.00, 127, 5398700, 73.7, 20594.00, 19452.00, 'Slovensko', 'Republic', 'Rudolf Schuster', 3209, 'SK'),
('SVN', 'Slovenia', 'Europe', 'Southern Europe', 20256.00, 127, 1987800, 74.9, 19756.00, 18202.00, 'Slovenija', 'Republic', 'Milan Kucan', 3212, 'SI'),
('SWE', 'Sweden', 'Europe', 'Nordic Countries', 449964.00, 127, 8861400, 79.6, 226492.00, 227757.00, 'Sverige', 'Constitutional Monarchy', 'Carl XVI Gustaf', 3048, 'SE'),
('SWZ', 'Swaziland', 'Africa', 'Southern Africa', 17364.00, 127, 1008000, 40.4, 1206.00, 1312.00, 'kaNgwane', 'Monarchy', 'Mswati III', 3244, 'SZ'),
('SYC', 'Seychelles', 'Africa', 'Eastern Africa', 455.00, 127, 77000, 70.4, 536.00, 539.00, 'Sesel/Seychelles', 'Republic', 'France-Albert René', 3206, 'SC'),
('SYR', 'Syria', 'Asia', 'Middle East', 185180.00, 127, 16125000, 68.5, 65984.00, 64926.00, 'Suriya', 'Republic', 'Bashar al-Assad', 3250, 'SY'),
('TCA', 'Turks and Caicos Islands', 'North America', 'Caribbean', 430.00, NULL, 17000, 73.3, 96.00, NULL, 'The Turks and Caicos Islands', 'Dependent Territory of the UK', 'Elisabeth II', 3423, 'TC'),
('TCD', 'Chad', 'Africa', 'Central Africa', 1284000.00, 127, 7651000, 50.5, 1208.00, 1102.00, 'Tchad/Tshad', 'Republic', 'Idriss Déby', 3337, 'TD'),
('TGO', 'Togo', 'Africa', 'Western Africa', 56785.00, 127, 4629000, 54.7, 1449.00, 1400.00, 'Togo', 'Republic', 'Gnassingbé Eyadéma', 3332, 'TG'),
('THA', 'Thailand', 'Asia', 'Southeast Asia', 513115.00, 127, 61399000, 68.6, 116416.00, 153907.00, 'Prathet Thai', 'Constitutional Monarchy', 'Bhumibol Adulyadej', 3320, 'TH'),
('TJK', 'Tajikistan', 'Asia', 'Southern and Central Asia', 143100.00, 127, 6188000, 64.1, 1990.00, 1056.00, 'Toçikiston', 'Republic', 'Emomali Rahmonov', 3261, 'TJ'),
('TKL', 'Tokelau', 'Oceania', 'Polynesia', 12.00, NULL, 2000, NULL, 0.00, NULL, 'Tokelau', 'Nonmetropolitan Territory of New Zealand', 'Elisabeth II', 3333, 'TK'),
('TKM', 'Turkmenistan', 'Asia', 'Southern and Central Asia', 488100.00, 127, 4459000, 60.9, 4397.00, 2000.00, 'Türkmenostan', 'Republic', 'Saparmurad Nijazov', 3419, 'TM'),
('TMP', 'East Timor', 'Asia', 'Southeast Asia', 14874.00, NULL, 885000, 46.0, 0.00, NULL, 'Timor Timur', 'Administrated by the UN', 'José Alexandre Gusmão', 1522, 'TP'),
('TON', 'Tonga', 'Oceania', 'Polynesia', 650.00, 127, 99000, 67.9, 146.00, 170.00, 'Tonga', 'Monarchy', 'Taufa''ahau Tupou IV', 3334, 'TO'),
('TTO', 'Trinidad and Tobago', 'North America', 'Caribbean', 5130.00, 127, 1295000, 68.0, 6232.00, 5867.00, 'Trinidad and Tobago', 'Republic', 'Arthur N. R. Robinson', 3336, 'TT'),
('TUN', 'Tunisia', 'Africa', 'Northern Africa', 163610.00, 127, 9586000, 73.7, 20026.00, 18898.00, 'Tunis/Tunisie', 'Republic', 'Zine al-Abidine Ben Ali', 3349, 'TN'),
('TUR', 'Turkey', 'Asia', 'Middle East', 774815.00, 127, 66591000, 71.0, 210721.00, 189122.00, 'Türkiye', 'Republic', 'Ahmet Necdet Sezer', 3358, 'TR'),
('TUV', 'Tuvalu', 'Oceania', 'Polynesia', 26.00, 127, 12000, 66.3, 6.00, NULL, 'Tuvalu', 'Constitutional Monarchy', 'Elisabeth II', 3424, 'TV'),
('TWN', 'Taiwan', 'Asia', 'Eastern Asia', 36188.00, 127, 22256000, 76.4, 256254.00, 263451.00, 'T’ai-wan', 'Republic', 'Chen Shui-bian', 3263, 'TW'),
('TZA', 'Tanzania', 'Africa', 'Eastern Africa', 883749.00, 127, 33517000, 52.3, 8005.00, 7388.00, 'Tanzania', 'Republic', 'Benjamin William Mkapa', 3306, 'TZ'),
('UGA', 'Uganda', 'Africa', 'Eastern Africa', 241038.00, 127, 21778000, 42.9, 6313.00, 6887.00, 'Uganda', 'Republic', 'Yoweri Museveni', 3425, 'UG'),
('UKR', 'Ukraine', 'Europe', 'Eastern Europe', 603700.00, 127, 50456000, 66.0, 42168.00, 49677.00, 'Ukrajina', 'Republic', 'Leonid Kutšma', 3426, 'UA'),
('UMI', 'United States Minor Outlying Islands', 'Oceania', 'Micronesia/Caribbean', 16.00, NULL, 0, NULL, 0.00, NULL, 'United States Minor Outlying Islands', 'Dependent Territory of the US', 'George W. Bush', NULL, 'UM'),
('URY', 'Uruguay', 'South America', 'South America', 175016.00, 127, 3337000, 75.2, 20831.00, 19967.00, 'Uruguay', 'Republic', 'Jorge Batlle Ibáñez', 3492, 'UY'),
('USA', 'United States', 'North America', 'North America', 9363520.00, 127, 278357000, 77.1, 8510700.00, 8110900.00, 'United States', 'Federal Republic', 'George W. Bush', 3813, 'US'),
('UZB', 'Uzbekistan', 'Asia', 'Southern and Central Asia', 447400.00, 127, 24318000, 63.7, 14194.00, 21300.00, 'Uzbekiston', 'Republic', 'Islam Karimov', 3503, 'UZ'),
('VAT', 'Holy See (Vatican City State)', 'Europe', 'Southern Europe', 0.40, 127, 1000, NULL, 9.00, NULL, 'Santa Sede/Città del Vaticano', 'Independent Church State', 'Johannes Paavali II', 3538, 'VA'),
('VCT', 'Saint Vincent and the Grenadines', 'North America', 'Caribbean', 388.00, 127, 114000, 72.3, 285.00, NULL, 'Saint Vincent and the Grenadines', 'Constitutional Monarchy', 'Elisabeth II', 3066, 'VC'),
('VEN', 'Venezuela', 'South America', 'South America', 912050.00, 127, 24170000, 73.1, 95023.00, 88434.00, 'Venezuela', 'Federal Republic', 'Hugo Chávez Frías', 3539, 'VE'),
('VGB', 'Virgin Islands, British', 'North America', 'Caribbean', 151.00, NULL, 21000, 75.4, 612.00, 573.00, 'British Virgin Islands', 'Dependent Territory of the UK', 'Elisabeth II', 537, 'VG'),
('VIR', 'Virgin Islands, U.S.', 'North America', 'Caribbean', 347.00, NULL, 93000, 78.1, 0.00, NULL, 'Virgin Islands of the United States', 'US Territory', 'George W. Bush', 4067, 'VI'),
('VNM', 'Vietnam', 'Asia', 'Southeast Asia', 331689.00, 127, 79832000, 69.3, 21929.00, 22834.00, 'Viêt Nam', 'Socialistic Republic', 'Trân Duc Luong', 3770, 'VN'),
('VUT', 'Vanuatu', 'Oceania', 'Melanesia', 12189.00, 127, 190000, 60.6, 261.00, 246.00, 'Vanuatu', 'Republic', 'John Bani', 3537, 'VU'),
('WLF', 'Wallis and Futuna', 'Oceania', 'Polynesia', 200.00, NULL, 15000, NULL, 0.00, NULL, 'Wallis-et-Futuna', 'Nonmetropolitan Territory of France', 'Jacques Chirac', 3536, 'WF'),
('WSM', 'Samoa', 'Oceania', 'Polynesia', 2831.00, 127, 180000, 69.2, 141.00, 157.00, 'Samoa', 'Parlementary Monarchy', 'Malietoa Tanumafili II', 3169, 'WS'),
('YEM', 'Yemen', 'Asia', 'Middle East', 527968.00, 127, 18112000, 59.8, 6041.00, 5729.00, 'Al-Yaman', 'Republic', 'Ali Abdallah Salih', 1780, 'YE'),
('YUG', 'Yugoslavia', 'Europe', 'Southern Europe', 102173.00, 127, 10640000, 72.4, 17000.00, NULL, 'Jugoslavija', 'Federal Republic', 'Vojislav Koštunica', 1792, 'YU'),
('ZAF', 'South Africa', 'Africa', 'Southern Africa', 1221037.00, 127, 40377000, 51.1, 116729.00, 129092.00, 'South Africa', 'Republic', 'Thabo Mbeki', 716, 'ZA'),
('ZMB', 'Zambia', 'Africa', 'Eastern Africa', 752618.00, 127, 9169000, 37.2, 3377.00, 3922.00, 'Zambia', 'Republic', 'Frederick Chiluba', 3162, 'ZM'),
('ZWE', 'Zimbabwe', 'Africa', 'Eastern Africa', 390757.00, 127, 11669000, 37.8, 5951.00, 8670.00, 'Zimbabwe', 'Republic', 'Robert G. Mugabe', 4068, 'ZW');

-- --------------------------------------------------------

--
-- Table structure for table `CountryLanguage`
--

CREATE TABLE IF NOT EXISTS `CountryLanguage` (
  `CountryCode` varchar(3) COLLATE utf8_unicode_ci NOT NULL,
  `Language` varchar(30) COLLATE utf8_unicode_ci NOT NULL,
  `IsOfficial` enum('T','F') COLLATE utf8_unicode_ci NOT NULL,
  `Percentage` decimal(4,1) NOT NULL DEFAULT '0.0'
) ENGINE=MyISAM DEFAULT CHARSET=utf8 COLLATE=utf8_unicode_ci;

--
-- Dumping data for table `CountryLanguage`
--

INSERT INTO `CountryLanguage` (`CountryCode`, `Language`, `IsOfficial`, `Percentage`) VALUES
('ABW', 'Dutch', 'T', 5.3),
('ABW', 'English', 'F', 9.5),
('ABW', 'Papiamento', 'F', 76.7),
('ABW', 'Spanish', 'F', 7.4),
('AFG', 'Balochi', 'F', 0.9),
('AFG', 'Dari', 'T', 32.1),
('AFG', 'Pashto', 'T', 52.4),
('AFG', 'Turkmenian', 'F', 1.9),
('AFG', 'Uzbek', 'F', 8.8),
('AGO', 'Ambo', 'F', 2.4),
('AGO', 'Chokwe', 'F', 4.2),
('AGO', 'Kongo', 'F', 13.2),
('AGO', 'Luchazi', 'F', 2.4),
('AGO', 'Luimbe-nganguela', 'F', 5.4),
('AGO', 'Luvale', 'F', 3.6),
('AGO', 'Mbundu', 'F', 21.6),
('AGO', 'Nyaneka-nkhumbi', 'F', 5.4),
('AGO', 'Ovimbundu', 'F', 37.2),
('AIA', 'English', 'T', 0.0),
('ALB', 'Albaniana', 'T', 97.9),
('ALB', 'Greek', 'F', 1.8),
('ALB', 'Macedonian', 'F', 0.1),
('AND', 'Catalan', 'T', 32.3),
('AND', 'French', 'F', 6.2),
('AND', 'Portuguese', 'F', 10.8),
('AND', 'Spanish', 'F', 44.6),
('ANT', 'Dutch', 'T', 0.0),
('ANT', 'English', 'F', 7.8),
('ANT', 'Papiamento', 'T', 86.2),
('ARE', 'Arabic', 'T', 42.0),
('ARE', 'Hindi', 'F', 0.0),
('ARG', 'Indian Languages', 'F', 0.3),
('ARG', 'Italian', 'F', 1.7),
('ARG', 'Spanish', 'T', 96.8),
('ARM', 'Armenian', 'T', 93.4),
('ARM', 'Azerbaijani', 'F', 2.6),
('ASM', 'English', 'T', 3.1),
('ASM', 'Samoan', 'T', 90.6),
('ASM', 'Tongan', 'F', 3.1),
('ATG', 'Creole English', 'F', 95.7),
('ATG', 'English', 'T', 0.0),
('AUS', 'Arabic', 'F', 1.0),
('AUS', 'Canton Chinese', 'F', 1.1),
('AUS', 'English', 'T', 81.2),
('AUS', 'German', 'F', 0.6),
('AUS', 'Greek', 'F', 1.6),
('AUS', 'Italian', 'F', 2.2),
('AUS', 'Serbo-Croatian', 'F', 0.6),
('AUS', 'Vietnamese', 'F', 0.8),
('AUT', 'Czech', 'F', 0.2),
('AUT', 'German', 'T', 92.0),
('AUT', 'Hungarian', 'F', 0.4),
('AUT', 'Polish', 'F', 0.2),
('AUT', 'Romanian', 'F', 0.2),
('AUT', 'Serbo-Croatian', 'F', 2.2),
('AUT', 'Slovene', 'F', 0.4),
('AUT', 'Turkish', 'F', 1.5),
('AZE', 'Armenian', 'F', 2.0),
('AZE', 'Azerbaijani', 'T', 89.0),
('AZE', 'Lezgian', 'F', 2.3),
('AZE', 'Russian', 'F', 3.0),
('BDI', 'French', 'T', 0.0),
('BDI', 'Kirundi', 'T', 98.1),
('BDI', 'Swahili', 'F', 0.0),
('BEL', 'Arabic', 'F', 1.6),
('BEL', 'Dutch', 'T', 59.2),
('BEL', 'French', 'T', 32.6),
('BEL', 'German', 'T', 1.0),
('BEL', 'Italian', 'F', 2.4),
('BEL', 'Turkish', 'F', 0.9),
('BEN', 'Adja', 'F', 11.1),
('BEN', 'Aizo', 'F', 8.7),
('BEN', 'Bariba', 'F', 8.7),
('BEN', 'Fon', 'F', 39.8),
('BEN', 'Ful', 'F', 5.6),
('BEN', 'Joruba', 'F', 12.2),
('BEN', 'Somba', 'F', 6.7),
('BFA', 'Busansi', 'F', 3.5),
('BFA', 'Dagara', 'F', 3.1),
('BFA', 'Dyula', 'F', 2.6),
('BFA', 'Ful', 'F', 9.7),
('BFA', 'Gurma', 'F', 5.7),
('BFA', 'Mossi', 'F', 50.2),
('BGD', 'Bengali', 'T', 97.7),
('BGD', 'Chakma', 'F', 0.4),
('BGD', 'Garo', 'F', 0.1),
('BGD', 'Khasi', 'F', 0.1),
('BGD', 'Marma', 'F', 0.2),
('BGD', 'Santhali', 'F', 0.1),
('BGD', 'Tripuri', 'F', 0.1),
('BGR', 'Bulgariana', 'T', 83.2),
('BGR', 'Macedonian', 'F', 2.6),
('BGR', 'Romani', 'F', 3.7),
('BGR', 'Turkish', 'F', 9.4),
('BHR', 'Arabic', 'T', 67.7),
('BHR', 'English', 'F', 0.0),
('BHS', 'Creole English', 'F', 89.7),
('BHS', 'Creole French', 'F', 10.3),
('BIH', 'Serbo-Croatian', 'T', 99.2),
('BLR', 'Belorussian', 'T', 65.6),
('BLR', 'Polish', 'F', 0.6),
('BLR', 'Russian', 'T', 32.0),
('BLR', 'Ukrainian', 'F', 1.3),
('BLZ', 'English', 'T', 50.8),
('BLZ', 'Garifuna', 'F', 6.8),
('BLZ', 'Maya Languages', 'F', 9.6),
('BLZ', 'Spanish', 'F', 31.6),
('BMU', 'English', 'T', 100.0),
('BOL', 'Aimará', 'T', 3.2),
('BOL', 'Guaraní', 'F', 0.1),
('BOL', 'Ketšua', 'T', 8.1),
('BOL', 'Spanish', 'T', 87.7),
('BRA', 'German', 'F', 0.5),
('BRA', 'Indian Languages', 'F', 0.2),
('BRA', 'Italian', 'F', 0.4),
('BRA', 'Japanese', 'F', 0.4),
('BRA', 'Portuguese', 'T', 97.5),
('BRB', 'Bajan', 'F', 95.1),
('BRB', 'English', 'T', 0.0),
('BRN', 'Chinese', 'F', 9.3),
('BRN', 'English', 'F', 3.1),
('BRN', 'Malay', 'T', 45.5),
('BRN', 'Malay-English', 'F', 28.8),
('BTN', 'Asami', 'F', 15.2),
('BTN', 'Dzongkha', 'T', 50.0),
('BTN', 'Nepali', 'F', 34.8),
('BWA', 'Khoekhoe', 'F', 2.5),
('BWA', 'Ndebele', 'F', 1.3),
('BWA', 'San', 'F', 3.5),
('BWA', 'Shona', 'F', 12.3),
('BWA', 'Tswana', 'F', 75.5),
('CAF', 'Banda', 'F', 23.5),
('CAF', 'Gbaya', 'F', 23.8),
('CAF', 'Mandjia', 'F', 14.8),
('CAF', 'Mbum', 'F', 6.4),
('CAF', 'Ngbaka', 'F', 7.5),
('CAF', 'Sara', 'F', 6.4),
('CAN', 'Chinese', 'F', 2.5),
('CAN', 'Dutch', 'F', 0.5),
('CAN', 'English', 'T', 60.4),
('CAN', 'Eskimo Languages', 'F', 0.1),
('CAN', 'French', 'T', 23.4),
('CAN', 'German', 'F', 1.6),
('CAN', 'Italian', 'F', 1.7),
('CAN', 'Polish', 'F', 0.7),
('CAN', 'Portuguese', 'F', 0.7),
('CAN', 'Punjabi', 'F', 0.7),
('CAN', 'Spanish', 'F', 0.7),
('CAN', 'Ukrainian', 'F', 0.6),
('CCK', 'English', 'T', 0.0),
('CCK', 'Malay', 'F', 0.0),
('CHE', 'French', 'T', 19.2),
('CHE', 'German', 'T', 63.6),
('CHE', 'Italian', 'T', 7.7),
('CHE', 'Romansh', 'T', 0.6),
('CHL', 'Aimará', 'F', 0.5),
('CHL', 'Araucan', 'F', 9.6),
('CHL', 'Rapa nui', 'F', 0.2),
('CHL', 'Spanish', 'T', 89.7),
('CHN', 'Chinese', 'T', 92.0),
('CHN', 'Dong', 'F', 0.2),
('CHN', 'Hui', 'F', 0.8),
('CHN', 'Mantšu', 'F', 0.9),
('CHN', 'Miao', 'F', 0.7),
('CHN', 'Mongolian', 'F', 0.4),
('CHN', 'Puyi', 'F', 0.2),
('CHN', 'Tibetan', 'F', 0.4),
('CHN', 'Tujia', 'F', 0.5),
('CHN', 'Uighur', 'F', 0.6),
('CHN', 'Yi', 'F', 0.6),
('CHN', 'Zhuang', 'F', 1.4),
('CIV', 'Akan', 'F', 30.0),
('CIV', 'Gur', 'F', 11.7),
('CIV', 'Kru', 'F', 10.5),
('CIV', 'Malinke', 'F', 11.4),
('CIV', '[South]Mande', 'F', 7.7),
('CMR', 'Bamileke-bamum', 'F', 18.6),
('CMR', 'Duala', 'F', 10.9),
('CMR', 'Fang', 'F', 19.7),
('CMR', 'Ful', 'F', 9.6),
('CMR', 'Maka', 'F', 4.9),
('CMR', 'Mandara', 'F', 5.7),
('CMR', 'Masana', 'F', 3.9),
('CMR', 'Tikar', 'F', 7.4),
('COD', 'Boa', 'F', 2.3),
('COD', 'Chokwe', 'F', 1.8),
('COD', 'Kongo', 'F', 16.0),
('COD', 'Luba', 'F', 18.0),
('COD', 'Mongo', 'F', 13.5),
('COD', 'Ngala and Bangi', 'F', 5.8),
('COD', 'Rundi', 'F', 3.8),
('COD', 'Rwanda', 'F', 10.3),
('COD', 'Teke', 'F', 2.7),
('COD', 'Zande', 'F', 6.1),
('COG', 'Kongo', 'F', 51.5),
('COG', 'Mbete', 'F', 4.8),
('COG', 'Mboshi', 'F', 11.4),
('COG', 'Punu', 'F', 2.9),
('COG', 'Sango', 'F', 2.6),
('COG', 'Teke', 'F', 17.3),
('COK', 'English', 'F', 0.0),
('COK', 'Maori', 'T', 0.0),
('COL', 'Arawakan', 'F', 0.1),
('COL', 'Caribbean', 'F', 0.1),
('COL', 'Chibcha', 'F', 0.4),
('COL', 'Creole English', 'F', 0.1),
('COL', 'Spanish', 'T', 99.0),
('COM', 'Comorian', 'T', 75.0),
('COM', 'Comorian-Arabic', 'F', 1.6),
('COM', 'Comorian-French', 'F', 12.9),
('COM', 'Comorian-madagassi', 'F', 5.5),
('COM', 'Comorian-Swahili', 'F', 0.5),
('CPV', 'Crioulo', 'F', 100.0),
('CPV', 'Portuguese', 'T', 0.0),
('CRI', 'Chibcha', 'F', 0.3),
('CRI', 'Chinese', 'F', 0.2),
('CRI', 'Creole English', 'F', 2.0),
('CRI', 'Spanish', 'T', 97.5),
('CUB', 'Spanish', 'T', 100.0),
('CXR', 'Chinese', 'F', 0.0),
('CXR', 'English', 'T', 0.0),
('CYM', 'English', 'T', 0.0),
('CYP', 'Greek', 'T', 74.1),
('CYP', 'Turkish', 'T', 22.4),
('CZE', 'Czech', 'T', 81.2),
('CZE', 'German', 'F', 0.5),
('CZE', 'Hungarian', 'F', 0.2),
('CZE', 'Moravian', 'F', 12.9),
('CZE', 'Polish', 'F', 0.6),
('CZE', 'Romani', 'F', 0.3),
('CZE', 'Silesiana', 'F', 0.4),
('CZE', 'Slovak', 'F', 3.1),
('DEU', 'German', 'T', 91.3),
('DEU', 'Greek', 'F', 0.4),
('DEU', 'Italian', 'F', 0.7),
('DEU', 'Polish', 'F', 0.3),
('DEU', 'Southern Slavic Languages', 'F', 1.4),
('DEU', 'Turkish', 'F', 2.6),
('DJI', 'Afar', 'F', 34.8),
('DJI', 'Arabic', 'T', 10.6),
('DJI', 'Somali', 'F', 43.9),
('DMA', 'Creole English', 'F', 100.0),
('DMA', 'Creole French', 'F', 0.0),
('DNK', 'Arabic', 'F', 0.7),
('DNK', 'Danish', 'T', 93.5),
('DNK', 'English', 'F', 0.3),
('DNK', 'German', 'F', 0.5),
('DNK', 'Norwegian', 'F', 0.3),
('DNK', 'Swedish', 'F', 0.3),
('DNK', 'Turkish', 'F', 0.8),
('DOM', 'Creole French', 'F', 2.0),
('DOM', 'Spanish', 'T', 98.0),
('DZA', 'Arabic', 'T', 86.0),
('DZA', 'Berberi', 'F', 14.0),
('ECU', 'Ketšua', 'F', 7.0),
('ECU', 'Spanish', 'T', 93.0),
('EGY', 'Arabic', 'T', 98.8),
('EGY', 'Sinaberberi', 'F', 0.0),
('ERI', 'Afar', 'F', 4.3),
('ERI', 'Bilin', 'F', 3.0),
('ERI', 'Hadareb', 'F', 3.8),
('ERI', 'Saho', 'F', 3.0),
('ERI', 'Tigre', 'F', 31.7),
('ERI', 'Tigrinja', 'T', 49.1),
('ESH', 'Arabic', 'T', 100.0),
('ESP', 'Basque', 'F', 1.6),
('ESP', 'Catalan', 'F', 16.9),
('ESP', 'Galecian', 'F', 6.4),
('ESP', 'Spanish', 'T', 74.4),
('EST', 'Belorussian', 'F', 1.4),
('EST', 'Estonian', 'T', 65.3),
('EST', 'Finnish', 'F', 0.7),
('EST', 'Russian', 'F', 27.8),
('EST', 'Ukrainian', 'F', 2.8),
('ETH', 'Amhara', 'F', 30.0),
('ETH', 'Gurage', 'F', 4.7),
('ETH', 'Oromo', 'F', 31.0),
('ETH', 'Sidamo', 'F', 3.2),
('ETH', 'Somali', 'F', 4.1),
('ETH', 'Tigrinja', 'F', 7.2),
('ETH', 'Walaita', 'F', 2.8),
('FIN', 'Estonian', 'F', 0.2),
('FIN', 'Finnish', 'T', 92.7),
('FIN', 'Russian', 'F', 0.4),
('FIN', 'Saame', 'F', 0.0),
('FIN', 'Swedish', 'T', 5.7),
('FJI', 'Fijian', 'T', 50.8),
('FJI', 'Hindi', 'F', 43.7),
('FLK', 'English', 'T', 0.0),
('FRA', 'Arabic', 'F', 2.5),
('FRA', 'French', 'T', 93.6),
('FRA', 'Italian', 'F', 0.4),
('FRA', 'Portuguese', 'F', 1.2),
('FRA', 'Spanish', 'F', 0.4),
('FRA', 'Turkish', 'F', 0.4),
('FRO', 'Danish', 'T', 0.0),
('FRO', 'Faroese', 'T', 100.0),
('FSM', 'Kosrean', 'F', 7.3),
('FSM', 'Mortlock', 'F', 7.6),
('FSM', 'Pohnpei', 'F', 23.8),
('FSM', 'Trukese', 'F', 41.6),
('FSM', 'Wolea', 'F', 3.7),
('FSM', 'Yap', 'F', 5.8),
('GAB', 'Fang', 'F', 35.8),
('GAB', 'Mbete', 'F', 13.8),
('GAB', 'Mpongwe', 'F', 14.6),
('GAB', 'Punu-sira-nzebi', 'F', 17.1),
('GBR', 'English', 'T', 97.3),
('GBR', 'Gaeli', 'F', 0.1),
('GBR', 'Kymri', 'F', 0.9),
('GEO', 'Abhyasi', 'F', 1.7),
('GEO', 'Armenian', 'F', 6.8),
('GEO', 'Azerbaijani', 'F', 5.5),
('GEO', 'Georgiana', 'T', 71.7),
('GEO', 'Osseetti', 'F', 2.4),
('GEO', 'Russian', 'F', 8.8),
('GHA', 'Akan', 'F', 52.4),
('GHA', 'Ewe', 'F', 11.9),
('GHA', 'Ga-adangme', 'F', 7.8),
('GHA', 'Gurma', 'F', 3.3),
('GHA', 'Joruba', 'F', 1.3),
('GHA', 'Mossi', 'F', 15.8),
('GIB', 'Arabic', 'F', 7.4),
('GIB', 'English', 'T', 88.9),
('GIN', 'Ful', 'F', 38.6),
('GIN', 'Kissi', 'F', 6.0),
('GIN', 'Kpelle', 'F', 4.6),
('GIN', 'Loma', 'F', 2.3),
('GIN', 'Malinke', 'F', 23.2),
('GIN', 'Susu', 'F', 11.0),
('GIN', 'Yalunka', 'F', 2.9),
('GLP', 'Creole French', 'F', 95.0),
('GLP', 'French', 'T', 0.0),
('GMB', 'Diola', 'F', 9.2),
('GMB', 'Ful', 'F', 16.2),
('GMB', 'Malinke', 'F', 34.1),
('GMB', 'Soninke', 'F', 7.6),
('GMB', 'Wolof', 'F', 12.6),
('GNB', 'Balante', 'F', 14.6),
('GNB', 'Crioulo', 'F', 36.4),
('GNB', 'Ful', 'F', 16.6),
('GNB', 'Malinke', 'F', 6.9),
('GNB', 'Mandyako', 'F', 4.9),
('GNB', 'Portuguese', 'T', 8.1),
('GNQ', 'Bubi', 'F', 8.7),
('GNQ', 'Fang', 'F', 84.8),
('GRC', 'Greek', 'T', 98.5),
('GRC', 'Turkish', 'F', 0.9),
('GRD', 'Creole English', 'F', 100.0),
('GRL', 'Danish', 'T', 12.5),
('GRL', 'Greenlandic', 'T', 87.5),
('GTM', 'Cakchiquel', 'F', 8.9),
('GTM', 'Kekchí', 'F', 4.9),
('GTM', 'Mam', 'F', 2.7),
('GTM', 'Quiché', 'F', 10.1),
('GTM', 'Spanish', 'T', 64.7),
('GUF', 'Creole French', 'F', 94.3),
('GUF', 'Indian Languages', 'F', 1.9),
('GUM', 'Chamorro', 'T', 29.6),
('GUM', 'English', 'T', 37.5),
('GUM', 'Japanese', 'F', 2.0),
('GUM', 'Korean', 'F', 3.3),
('GUM', 'Philippene Languages', 'F', 19.7),
('GUY', 'Arawakan', 'F', 1.4),
('GUY', 'Caribbean', 'F', 2.2),
('GUY', 'Creole English', 'F', 96.4),
('HKG', 'Canton Chinese', 'F', 88.7),
('HKG', 'Chiu chau', 'F', 1.4),
('HKG', 'English', 'T', 2.2),
('HKG', 'Fukien', 'F', 1.9),
('HKG', 'Hakka', 'F', 1.6),
('HND', 'Creole English', 'F', 0.2),
('HND', 'Garifuna', 'F', 1.3),
('HND', 'Miskito', 'F', 0.2),
('HND', 'Spanish', 'T', 97.2),
('HRV', 'Serbo-Croatian', 'T', 95.9),
('HRV', 'Slovene', 'F', 0.0),
('HTI', 'French', 'T', 0.0),
('HTI', 'Haiti Creole', 'F', 100.0),
('HUN', 'German', 'F', 0.4),
('HUN', 'Hungarian', 'T', 98.5),
('HUN', 'Romani', 'F', 0.5),
('HUN', 'Romanian', 'F', 0.1),
('HUN', 'Serbo-Croatian', 'F', 0.2),
('HUN', 'Slovak', 'F', 0.1),
('IDN', 'Bali', 'F', 1.7),
('IDN', 'Banja', 'F', 1.8),
('IDN', 'Batakki', 'F', 2.2),
('IDN', 'Bugi', 'F', 2.2),
('IDN', 'Javanese', 'F', 39.4),
('IDN', 'Madura', 'F', 4.3),
('IDN', 'Malay', 'T', 12.1),
('IDN', 'Minangkabau', 'F', 2.4),
('IDN', 'Sunda', 'F', 15.8),
('IND', 'Asami', 'F', 1.5),
('IND', 'Bengali', 'F', 8.2),
('IND', 'Gujarati', 'F', 4.8),
('IND', 'Hindi', 'T', 39.9),
('IND', 'Kannada', 'F', 3.9),
('IND', 'Malajalam', 'F', 3.6),
('IND', 'Marathi', 'F', 7.4),
('IND', 'Orija', 'F', 3.3),
('IND', 'Punjabi', 'F', 2.8),
('IND', 'Tamil', 'F', 6.3),
('IND', 'Telugu', 'F', 7.8),
('IND', 'Urdu', 'F', 5.1),
('IRL', 'English', 'T', 98.4),
('IRL', 'Irish', 'T', 1.6),
('IRN', 'Arabic', 'F', 2.2),
('IRN', 'Azerbaijani', 'F', 16.8),
('IRN', 'Bakhtyari', 'F', 1.7),
('IRN', 'Balochi', 'F', 2.3),
('IRN', 'Gilaki', 'F', 5.3),
('IRN', 'Kurdish', 'F', 9.1),
('IRN', 'Luri', 'F', 4.3),
('IRN', 'Mazandarani', 'F', 3.6),
('IRN', 'Persian', 'T', 45.7),
('IRN', 'Turkmenian', 'F', 1.6),
('IRQ', 'Arabic', 'T', 77.2),
('IRQ', 'Assyrian', 'F', 0.8),
('IRQ', 'Azerbaijani', 'F', 1.7),
('IRQ', 'Kurdish', 'F', 19.0),
('IRQ', 'Persian', 'F', 0.8),
('ISL', 'English', 'F', 0.0),
('ISL', 'Icelandic', 'T', 95.7),
('ISR', 'Arabic', 'T', 18.0),
('ISR', 'Hebrew', 'T', 63.1),
('ISR', 'Russian', 'F', 8.9),
('ITA', 'Albaniana', 'F', 0.2),
('ITA', 'French', 'F', 0.5),
('ITA', 'Friuli', 'F', 1.2),
('ITA', 'German', 'F', 0.5),
('ITA', 'Italian', 'T', 94.1),
('ITA', 'Romani', 'F', 0.2),
('ITA', 'Sardinian', 'F', 2.7),
('ITA', 'Slovene', 'F', 0.2),
('JAM', 'Creole English', 'F', 94.2),
('JAM', 'Hindi', 'F', 1.9),
('JOR', 'Arabic', 'T', 97.9),
('JOR', 'Armenian', 'F', 1.0),
('JOR', 'Circassian', 'F', 1.0),
('JPN', 'Ainu', 'F', 0.0),
('JPN', 'Chinese', 'F', 0.2),
('JPN', 'English', 'F', 0.1),
('JPN', 'Japanese', 'T', 99.1),
('JPN', 'Korean', 'F', 0.5),
('JPN', 'Philippene Languages', 'F', 0.1),
('KAZ', 'German', 'F', 3.1),
('KAZ', 'Kazakh', 'T', 46.0),
('KAZ', 'Russian', 'F', 34.7),
('KAZ', 'Tatar', 'F', 2.0),
('KAZ', 'Ukrainian', 'F', 5.0),
('KAZ', 'Uzbek', 'F', 2.3),
('KEN', 'Gusii', 'F', 6.1),
('KEN', 'Kalenjin', 'F', 10.8),
('KEN', 'Kamba', 'F', 11.2),
('KEN', 'Kikuyu', 'F', 20.9),
('KEN', 'Luhya', 'F', 13.8),
('KEN', 'Luo', 'F', 12.8),
('KEN', 'Masai', 'F', 1.6),
('KEN', 'Meru', 'F', 5.5),
('KEN', 'Nyika', 'F', 4.8),
('KEN', 'Turkana', 'F', 1.4),
('KGZ', 'Kazakh', 'F', 0.8),
('KGZ', 'Kirgiz', 'T', 59.7),
('KGZ', 'Russian', 'T', 16.2),
('KGZ', 'Tadzhik', 'F', 0.8),
('KGZ', 'Tatar', 'F', 1.3),
('KGZ', 'Ukrainian', 'F', 1.7),
('KGZ', 'Uzbek', 'F', 14.1),
('KHM', 'Chinese', 'F', 3.1),
('KHM', 'Khmer', 'T', 88.6),
('KHM', 'Tšam', 'F', 2.4),
('KHM', 'Vietnamese', 'F', 5.5),
('KIR', 'Kiribati', 'T', 98.9),
('KIR', 'Tuvalu', 'F', 0.5),
('KNA', 'Creole English', 'F', 100.0),
('KNA', 'English', 'T', 0.0),
('KOR', 'Chinese', 'F', 0.1),
('KOR', 'Korean', 'T', 99.9),
('KWT', 'Arabic', 'T', 78.1),
('KWT', 'English', 'F', 0.0),
('LAO', 'Lao', 'T', 67.2),
('LAO', 'Lao-Soung', 'F', 5.2),
('LAO', 'Mon-khmer', 'F', 16.5),
('LAO', 'Thai', 'F', 7.8),
('LBN', 'Arabic', 'T', 93.0),
('LBN', 'Armenian', 'F', 5.9),
('LBN', 'French', 'F', 0.0),
('LBR', 'Bassa', 'F', 13.7),
('LBR', 'Gio', 'F', 7.9),
('LBR', 'Grebo', 'F', 8.9),
('LBR', 'Kpelle', 'F', 19.5),
('LBR', 'Kru', 'F', 7.2),
('LBR', 'Loma', 'F', 5.8),
('LBR', 'Malinke', 'F', 5.1),
('LBR', 'Mano', 'F', 7.2),
('LBY', 'Arabic', 'T', 96.0),
('LBY', 'Berberi', 'F', 1.0),
('LCA', 'Creole French', 'F', 80.0),
('LCA', 'English', 'T', 20.0),
('LIE', 'German', 'T', 89.0),
('LIE', 'Italian', 'F', 2.5),
('LIE', 'Turkish', 'F', 2.5),
('LKA', 'Mixed Languages', 'F', 19.6),
('LKA', 'Singali', 'T', 60.3),
('LKA', 'Tamil', 'T', 19.6),
('LSO', 'English', 'T', 0.0),
('LSO', 'Sotho', 'T', 85.0),
('LSO', 'Zulu', 'F', 15.0),
('LTU', 'Belorussian', 'F', 1.4),
('LTU', 'Lithuanian', 'T', 81.6),
('LTU', 'Polish', 'F', 7.0),
('LTU', 'Russian', 'F', 8.1),
('LTU', 'Ukrainian', 'F', 1.1),
('LUX', 'French', 'T', 4.2),
('LUX', 'German', 'T', 2.3),
('LUX', 'Italian', 'F', 4.6),
('LUX', 'Luxembourgish', 'T', 64.4),
('LUX', 'Portuguese', 'F', 13.0),
('LVA', 'Belorussian', 'F', 4.1),
('LVA', 'Latvian', 'T', 55.1),
('LVA', 'Lithuanian', 'F', 1.2),
('LVA', 'Polish', 'F', 2.1),
('LVA', 'Russian', 'F', 32.5),
('LVA', 'Ukrainian', 'F', 2.9),
('MAC', 'Canton Chinese', 'F', 85.6),
('MAC', 'English', 'F', 0.5),
('MAC', 'Mandarin Chinese', 'F', 1.2),
('MAC', 'Portuguese', 'T', 2.3),
('MAR', 'Arabic', 'T', 65.0),
('MAR', 'Berberi', 'F', 33.0),
('MCO', 'English', 'F', 6.5),
('MCO', 'French', 'T', 41.9),
('MCO', 'Italian', 'F', 16.1),
('MCO', 'Monegasque', 'F', 16.1),
('MDA', 'Bulgariana', 'F', 1.6),
('MDA', 'Gagauzi', 'F', 3.2),
('MDA', 'Romanian', 'T', 61.9),
('MDA', 'Russian', 'F', 23.2),
('MDA', 'Ukrainian', 'F', 8.6),
('MDG', 'French', 'T', 0.0),
('MDG', 'Malagasy', 'T', 98.9),
('MDV', 'Dhivehi', 'T', 100.0),
('MDV', 'English', 'F', 0.0),
('MEX', 'Mixtec', 'F', 0.6),
('MEX', 'Náhuatl', 'F', 1.8),
('MEX', 'Otomí', 'F', 0.4),
('MEX', 'Spanish', 'T', 92.1),
('MEX', 'Yucatec', 'F', 1.1),
('MEX', 'Zapotec', 'F', 0.6),
('MHL', 'English', 'T', 0.0),
('MHL', 'Marshallese', 'T', 96.8),
('MKD', 'Albaniana', 'F', 22.9),
('MKD', 'Macedonian', 'T', 66.5),
('MKD', 'Romani', 'F', 2.3),
('MKD', 'Serbo-Croatian', 'F', 2.0),
('MKD', 'Turkish', 'F', 4.0),
('MLI', 'Bambara', 'F', 31.8),
('MLI', 'Ful', 'F', 13.9),
('MLI', 'Senufo and Minianka', 'F', 12.0),
('MLI', 'Songhai', 'F', 6.9),
('MLI', 'Soninke', 'F', 8.7),
('MLI', 'Tamashek', 'F', 7.3),
('MLT', 'English', 'T', 2.1),
('MLT', 'Maltese', 'T', 95.8),
('MMR', 'Burmese', 'T', 69.0),
('MMR', 'Chin', 'F', 2.2),
('MMR', 'Kachin', 'F', 1.4),
('MMR', 'Karen', 'F', 6.2),
('MMR', 'Kayah', 'F', 0.4),
('MMR', 'Mon', 'F', 2.4),
('MMR', 'Rakhine', 'F', 4.5),
('MMR', 'Shan', 'F', 8.5),
('MNG', 'Bajad', 'F', 1.9),
('MNG', 'Buryat', 'F', 1.7),
('MNG', 'Dariganga', 'F', 1.4),
('MNG', 'Dorbet', 'F', 2.7),
('MNG', 'Kazakh', 'F', 5.9),
('MNG', 'Mongolian', 'T', 78.8),
('MNP', 'Carolinian', 'F', 4.8),
('MNP', 'Chamorro', 'F', 30.0),
('MNP', 'Chinese', 'F', 7.1),
('MNP', 'English', 'T', 4.8),
('MNP', 'Korean', 'F', 6.5),
('MNP', 'Philippene Languages', 'F', 34.1),
('MOZ', 'Chuabo', 'F', 5.7),
('MOZ', 'Lomwe', 'F', 7.8),
('MOZ', 'Makua', 'F', 27.8),
('MOZ', 'Marendje', 'F', 3.5),
('MOZ', 'Nyanja', 'F', 3.3),
('MOZ', 'Ronga', 'F', 3.7),
('MOZ', 'Sena', 'F', 9.4),
('MOZ', 'Shona', 'F', 6.5),
('MOZ', 'Tsonga', 'F', 12.4),
('MOZ', 'Tswa', 'F', 6.0),
('MRT', 'Ful', 'F', 1.2),
('MRT', 'Hassaniya', 'F', 81.7),
('MRT', 'Soninke', 'F', 2.7),
('MRT', 'Tukulor', 'F', 5.4),
('MRT', 'Wolof', 'F', 6.6),
('MRT', 'Zenaga', 'F', 1.2),
('MSR', 'English', 'T', 0.0),
('MTQ', 'Creole French', 'F', 96.6),
('MTQ', 'French', 'T', 0.0),
('MUS', 'Bhojpuri', 'F', 21.1),
('MUS', 'Creole French', 'F', 70.6),
('MUS', 'French', 'F', 3.4),
('MUS', 'Hindi', 'F', 1.2),
('MUS', 'Marathi', 'F', 0.7),
('MUS', 'Tamil', 'F', 0.8),
('MWI', 'Chichewa', 'T', 58.3),
('MWI', 'Lomwe', 'F', 18.4),
('MWI', 'Ngoni', 'F', 6.7),
('MWI', 'Yao', 'F', 13.2),
('MYS', 'Chinese', 'F', 9.0),
('MYS', 'Dusun', 'F', 1.1),
('MYS', 'English', 'F', 1.6),
('MYS', 'Iban', 'F', 2.8),
('MYS', 'Malay', 'T', 58.4),
('MYS', 'Tamil', 'F', 3.9),
('MYT', 'French', 'T', 20.3),
('MYT', 'Mahoré', 'F', 41.9),
('MYT', 'Malagasy', 'F', 16.1),
('NAM', 'Afrikaans', 'F', 9.5),
('NAM', 'Caprivi', 'F', 4.7),
('NAM', 'German', 'F', 0.9),
('NAM', 'Herero', 'F', 8.0),
('NAM', 'Kavango', 'F', 9.7),
('NAM', 'Nama', 'F', 12.4),
('NAM', 'Ovambo', 'F', 50.7),
('NAM', 'San', 'F', 1.9),
('NCL', 'French', 'T', 34.3),
('NCL', 'Malenasian Languages', 'F', 45.4),
('NCL', 'Polynesian Languages', 'F', 11.6),
('NER', 'Ful', 'F', 9.7),
('NER', 'Hausa', 'F', 53.1),
('NER', 'Kanuri', 'F', 4.4),
('NER', 'Songhai-zerma', 'F', 21.2),
('NER', 'Tamashek', 'F', 10.4),
('NFK', 'English', 'T', 0.0),
('NGA', 'Bura', 'F', 1.6),
('NGA', 'Edo', 'F', 3.3),
('NGA', 'Ful', 'F', 11.3),
('NGA', 'Hausa', 'F', 21.1),
('NGA', 'Ibibio', 'F', 5.6),
('NGA', 'Ibo', 'F', 18.1),
('NGA', 'Ijo', 'F', 1.8),
('NGA', 'Joruba', 'F', 21.4),
('NGA', 'Kanuri', 'F', 4.1),
('NGA', 'Tiv', 'F', 2.3),
('NIC', 'Creole English', 'F', 0.5),
('NIC', 'Miskito', 'F', 1.6),
('NIC', 'Spanish', 'T', 97.6),
('NIC', 'Sumo', 'F', 0.2),
('NIU', 'English', 'T', 0.0),
('NIU', 'Niue', 'F', 0.0),
('NLD', 'Arabic', 'F', 0.9),
('NLD', 'Dutch', 'T', 95.6),
('NLD', 'Fries', 'F', 3.7),
('NLD', 'Turkish', 'F', 0.8),
('NOR', 'Danish', 'F', 0.4),
('NOR', 'English', 'F', 0.5),
('NOR', 'Norwegian', 'T', 96.6),
('NOR', 'Saame', 'F', 0.0),
('NOR', 'Swedish', 'F', 0.3),
('NPL', 'Bhojpuri', 'F', 7.5),
('NPL', 'Hindi', 'F', 3.0),
('NPL', 'Maithili', 'F', 11.9),
('NPL', 'Nepali', 'T', 50.4),
('NPL', 'Newari', 'F', 3.7),
('NPL', 'Tamang', 'F', 4.9),
('NPL', 'Tharu', 'F', 5.4),
('NRU', 'Chinese', 'F', 8.5),
('NRU', 'English', 'T', 7.5),
('NRU', 'Kiribati', 'F', 17.9),
('NRU', 'Nauru', 'T', 57.5),
('NRU', 'Tuvalu', 'F', 8.5),
('NZL', 'English', 'T', 87.0),
('NZL', 'Maori', 'F', 4.3),
('OMN', 'Arabic', 'T', 76.7),
('OMN', 'Balochi', 'F', 0.0),
('PAK', 'Balochi', 'F', 3.0),
('PAK', 'Brahui', 'F', 1.2),
('PAK', 'Hindko', 'F', 2.4),
('PAK', 'Pashto', 'F', 13.1),
('PAK', 'Punjabi', 'F', 48.2),
('PAK', 'Saraiki', 'F', 9.8),
('PAK', 'Sindhi', 'F', 11.8),
('PAK', 'Urdu', 'T', 7.6),
('PAN', 'Arabic', 'F', 0.6),
('PAN', 'Creole English', 'F', 14.0),
('PAN', 'Cuna', 'F', 2.0),
('PAN', 'Embera', 'F', 0.6),
('PAN', 'Guaymí', 'F', 5.3),
('PAN', 'Spanish', 'T', 76.8),
('PCN', 'Pitcairnese', 'F', 0.0),
('PER', 'Aimará', 'T', 2.3),
('PER', 'Ketšua', 'T', 16.4),
('PER', 'Spanish', 'T', 79.8),
('PHL', 'Bicol', 'F', 5.7),
('PHL', 'Cebuano', 'F', 23.3),
('PHL', 'Hiligaynon', 'F', 9.1),
('PHL', 'Ilocano', 'F', 9.3),
('PHL', 'Maguindanao', 'F', 1.4),
('PHL', 'Maranao', 'F', 1.3),
('PHL', 'Pampango', 'F', 3.0),
('PHL', 'Pangasinan', 'F', 1.8),
('PHL', 'Pilipino', 'T', 29.3),
('PHL', 'Waray-waray', 'F', 3.8),
('PLW', 'Chinese', 'F', 1.6),
('PLW', 'English', 'T', 3.2),
('PLW', 'Palau', 'T', 82.2),
('PLW', 'Philippene Languages', 'F', 9.2),
('PNG', 'Malenasian Languages', 'F', 20.0),
('PNG', 'Papuan Languages', 'F', 78.1),
('POL', 'Belorussian', 'F', 0.5),
('POL', 'German', 'F', 1.3),
('POL', 'Polish', 'T', 97.6),
('POL', 'Ukrainian', 'F', 0.6),
('PRI', 'English', 'F', 47.4),
('PRI', 'Spanish', 'T', 51.3),
('PRK', 'Chinese', 'F', 0.1),
('PRK', 'Korean', 'T', 99.9),
('PRT', 'Portuguese', 'T', 99.0),
('PRY', 'German', 'F', 0.9),
('PRY', 'Guaraní', 'T', 40.1),
('PRY', 'Portuguese', 'F', 3.2),
('PRY', 'Spanish', 'T', 55.1),
('PSE', 'Arabic', 'F', 95.9),
('PSE', 'Hebrew', 'F', 4.1),
('PYF', 'Chinese', 'F', 2.9),
('PYF', 'French', 'T', 40.8),
('PYF', 'Tahitian', 'F', 46.4),
('QAT', 'Arabic', 'T', 40.7),
('QAT', 'Urdu', 'F', 0.0),
('REU', 'Chinese', 'F', 2.8),
('REU', 'Comorian', 'F', 2.8),
('REU', 'Creole French', 'F', 91.5),
('REU', 'Malagasy', 'F', 1.4),
('REU', 'Tamil', 'F', 0.0),
('ROM', 'German', 'F', 0.4),
('ROM', 'Hungarian', 'F', 7.2),
('ROM', 'Romani', 'T', 0.7),
('ROM', 'Romanian', 'T', 90.7),
('ROM', 'Serbo-Croatian', 'F', 0.1),
('ROM', 'Ukrainian', 'F', 0.3),
('RUS', 'Avarian', 'F', 0.4),
('RUS', 'Bashkir', 'F', 0.7),
('RUS', 'Belorussian', 'F', 0.3),
('RUS', 'Chechen', 'F', 0.6),
('RUS', 'Chuvash', 'F', 0.9),
('RUS', 'Kazakh', 'F', 0.4),
('RUS', 'Mari', 'F', 0.4),
('RUS', 'Mordva', 'F', 0.5),
('RUS', 'Russian', 'T', 86.6),
('RUS', 'Tatar', 'F', 3.2),
('RUS', 'Udmur', 'F', 0.3),
('RUS', 'Ukrainian', 'F', 1.3),
('RWA', 'French', 'T', 0.0),
('RWA', 'Rwanda', 'T', 100.0),
('SAU', 'Arabic', 'T', 95.0),
('SDN', 'Arabic', 'T', 49.4),
('SDN', 'Bari', 'F', 2.5),
('SDN', 'Beja', 'F', 6.4),
('SDN', 'Chilluk', 'F', 1.7),
('SDN', 'Dinka', 'F', 11.5),
('SDN', 'Fur', 'F', 2.1),
('SDN', 'Lotuko', 'F', 1.5),
('SDN', 'Nubian Languages', 'F', 8.1),
('SDN', 'Nuer', 'F', 4.9),
('SDN', 'Zande', 'F', 2.7),
('SEN', 'Diola', 'F', 5.0),
('SEN', 'Ful', 'F', 21.7),
('SEN', 'Malinke', 'F', 3.8),
('SEN', 'Serer', 'F', 12.5),
('SEN', 'Soninke', 'F', 1.3),
('SEN', 'Wolof', 'T', 48.1),
('SGP', 'Chinese', 'T', 77.1),
('SGP', 'Malay', 'T', 14.1),
('SGP', 'Tamil', 'T', 7.4),
('SHN', 'English', 'T', 0.0),
('SJM', 'Norwegian', 'T', 0.0),
('SJM', 'Russian', 'F', 0.0),
('SLB', 'Malenasian Languages', 'F', 85.6),
('SLB', 'Papuan Languages', 'F', 8.6),
('SLB', 'Polynesian Languages', 'F', 3.8),
('SLE', 'Bullom-sherbro', 'F', 3.8),
('SLE', 'Ful', 'F', 3.8),
('SLE', 'Kono-vai', 'F', 5.1),
('SLE', 'Kuranko', 'F', 3.4),
('SLE', 'Limba', 'F', 8.3),
('SLE', 'Mende', 'F', 34.8),
('SLE', 'Temne', 'F', 31.8),
('SLE', 'Yalunka', 'F', 3.4),
('SLV', 'Nahua', 'F', 0.0),
('SLV', 'Spanish', 'T', 100.0),
('SMR', 'Italian', 'T', 100.0),
('SOM', 'Arabic', 'T', 0.0),
('SOM', 'Somali', 'T', 98.3),
('SPM', 'French', 'T', 0.0),
('STP', 'Crioulo', 'F', 86.3),
('STP', 'French', 'F', 0.7),
('SUR', 'Hindi', 'F', 0.0),
('SUR', 'Sranantonga', 'F', 81.0),
('SVK', 'Czech and Moravian', 'F', 1.1),
('SVK', 'Hungarian', 'F', 10.5),
('SVK', 'Romani', 'F', 1.7),
('SVK', 'Slovak', 'T', 85.6),
('SVK', 'Ukrainian and Russian', 'F', 0.6),
('SVN', 'Hungarian', 'F', 0.5),
('SVN', 'Serbo-Croatian', 'F', 7.9),
('SVN', 'Slovene', 'T', 87.9),
('SWE', 'Arabic', 'F', 0.8),
('SWE', 'Finnish', 'F', 2.4),
('SWE', 'Norwegian', 'F', 0.5),
('SWE', 'Southern Slavic Languages', 'F', 1.3),
('SWE', 'Spanish', 'F', 0.6),
('SWE', 'Swedish', 'T', 89.5),
('SWZ', 'Swazi', 'T', 89.9),
('SWZ', 'Zulu', 'F', 2.0),
('SYC', 'English', 'T', 3.8),
('SYC', 'French', 'T', 1.3),
('SYC', 'Seselwa', 'F', 91.3),
('SYR', 'Arabic', 'T', 90.0),
('SYR', 'Kurdish', 'F', 9.0),
('TCA', 'English', 'T', 0.0),
('TCD', 'Arabic', 'T', 12.3),
('TCD', 'Gorane', 'F', 6.2),
('TCD', 'Hadjarai', 'F', 6.7),
('TCD', 'Kanem-bornu', 'F', 9.0),
('TCD', 'Mayo-kebbi', 'F', 11.5),
('TCD', 'Ouaddai', 'F', 8.7),
('TCD', 'Sara', 'F', 27.7),
('TCD', 'Tandjile', 'F', 6.5),
('TGO', 'Ane', 'F', 5.7),
('TGO', 'Ewe', 'T', 23.2),
('TGO', 'Gurma', 'F', 3.4),
('TGO', 'Kabyé', 'T', 13.8),
('TGO', 'Kotokoli', 'F', 5.7),
('TGO', 'Moba', 'F', 5.4),
('TGO', 'Naudemba', 'F', 4.1),
('TGO', 'Watyi', 'F', 10.3),
('THA', 'Chinese', 'F', 12.1),
('THA', 'Khmer', 'F', 1.3),
('THA', 'Kuy', 'F', 1.1),
('THA', 'Lao', 'F', 26.9),
('THA', 'Malay', 'F', 3.6),
('THA', 'Thai', 'T', 52.6),
('TJK', 'Russian', 'F', 9.7),
('TJK', 'Tadzhik', 'T', 62.2),
('TJK', 'Uzbek', 'F', 23.2),
('TKL', 'English', 'T', 0.0),
('TKL', 'Tokelau', 'F', 0.0),
('TKM', 'Kazakh', 'F', 2.0),
('TKM', 'Russian', 'F', 6.7),
('TKM', 'Turkmenian', 'T', 76.7),
('TKM', 'Uzbek', 'F', 9.2),
('TMP', 'Portuguese', 'T', 0.0),
('TMP', 'Sunda', 'F', 0.0),
('TON', 'English', 'T', 0.0),
('TON', 'Tongan', 'T', 98.3),
('TTO', 'Creole English', 'F', 2.9),
('TTO', 'English', 'F', 93.5),
('TTO', 'Hindi', 'F', 3.4),
('TUN', 'Arabic', 'T', 69.9),
('TUN', 'Arabic-French', 'F', 26.3),
('TUN', 'Arabic-French-English', 'F', 3.2),
('TUR', 'Arabic', 'F', 1.4),
('TUR', 'Kurdish', 'F', 10.6),
('TUR', 'Turkish', 'T', 87.6),
('TUV', 'English', 'T', 0.0),
('TUV', 'Kiribati', 'F', 7.5),
('TUV', 'Tuvalu', 'T', 92.5),
('TWN', 'Ami', 'F', 0.6),
('TWN', 'Atayal', 'F', 0.4),
('TWN', 'Hakka', 'F', 11.0),
('TWN', 'Mandarin Chinese', 'T', 20.1),
('TWN', 'Min', 'F', 66.7),
('TWN', 'Paiwan', 'F', 0.3),
('TZA', 'Chaga and Pare', 'F', 4.9),
('TZA', 'Gogo', 'F', 3.9),
('TZA', 'Ha', 'F', 3.5),
('TZA', 'Haya', 'F', 5.9),
('TZA', 'Hehet', 'F', 6.9),
('TZA', 'Luguru', 'F', 4.9),
('TZA', 'Makonde', 'F', 5.9),
('TZA', 'Nyakusa', 'F', 5.4),
('TZA', 'Nyamwesi', 'F', 21.1),
('TZA', 'Shambala', 'F', 4.3),
('TZA', 'Swahili', 'T', 8.8),
('UGA', 'Acholi', 'F', 4.4),
('UGA', 'Ganda', 'F', 18.1),
('UGA', 'Gisu', 'F', 4.5),
('UGA', 'Kiga', 'F', 8.3),
('UGA', 'Lango', 'F', 5.9),
('UGA', 'Lugbara', 'F', 4.7),
('UGA', 'Nkole', 'F', 10.7),
('UGA', 'Rwanda', 'F', 3.2),
('UGA', 'Soga', 'F', 8.2),
('UGA', 'Teso', 'F', 6.0),
('UKR', 'Belorussian', 'F', 0.3),
('UKR', 'Bulgariana', 'F', 0.3),
('UKR', 'Hungarian', 'F', 0.3),
('UKR', 'Polish', 'F', 0.1),
('UKR', 'Romanian', 'F', 0.7),
('UKR', 'Russian', 'F', 32.9),
('UKR', 'Ukrainian', 'T', 64.7),
('UMI', 'English', 'T', 0.0),
('URY', 'Spanish', 'T', 95.7),
('USA', 'Chinese', 'F', 0.6),
('USA', 'English', 'T', 86.2),
('USA', 'French', 'F', 0.7),
('USA', 'German', 'F', 0.7),
('USA', 'Italian', 'F', 0.6),
('USA', 'Japanese', 'F', 0.2),
('USA', 'Korean', 'F', 0.3),
('USA', 'Polish', 'F', 0.3),
('USA', 'Portuguese', 'F', 0.2),
('USA', 'Spanish', 'F', 7.5),
('USA', 'Tagalog', 'F', 0.4),
('USA', 'Vietnamese', 'F', 0.2),
('UZB', 'Karakalpak', 'F', 2.0),
('UZB', 'Kazakh', 'F', 3.8),
('UZB', 'Russian', 'F', 10.9),
('UZB', 'Tadzhik', 'F', 4.4),
('UZB', 'Tatar', 'F', 1.8),
('UZB', 'Uzbek', 'T', 72.6),
('VAT', 'Italian', 'T', 0.0),
('VCT', 'Creole English', 'F', 99.1),
('VCT', 'English', 'T', 0.0),
('VEN', 'Goajiro', 'F', 0.4),
('VEN', 'Spanish', 'T', 96.9),
('VEN', 'Warrau', 'F', 0.1),
('VGB', 'English', 'T', 0.0),
('VIR', 'English', 'T', 81.7),
('VIR', 'French', 'F', 2.5),
('VIR', 'Spanish', 'F', 13.3),
('VNM', 'Chinese', 'F', 1.4),
('VNM', 'Khmer', 'F', 1.4),
('VNM', 'Man', 'F', 0.7),
('VNM', 'Miao', 'F', 0.9),
('VNM', 'Muong', 'F', 1.5),
('VNM', 'Nung', 'F', 1.1),
('VNM', 'Thai', 'F', 1.6),
('VNM', 'Tho', 'F', 1.8),
('VNM', 'Vietnamese', 'T', 86.8),
('VUT', 'Bislama', 'T', 56.6),
('VUT', 'English', 'T', 28.3),
('VUT', 'French', 'T', 14.2),
('WLF', 'Futuna', 'F', 0.0),
('WLF', 'Wallis', 'F', 0.0),
('WSM', 'English', 'T', 0.6),
('WSM', 'Samoan', 'T', 47.5),
('WSM', 'Samoan-English', 'F', 52.0),
('YEM', 'Arabic', 'T', 99.6),
('YEM', 'Soqutri', 'F', 0.0),
('YUG', 'Albaniana', 'F', 16.5),
('YUG', 'Hungarian', 'F', 3.4),
('YUG', 'Macedonian', 'F', 0.5),
('YUG', 'Romani', 'F', 1.4),
('YUG', 'Serbo-Croatian', 'T', 75.2),
('YUG', 'Slovak', 'F', 0.7),
('ZAF', 'Afrikaans', 'T', 14.3),
('ZAF', 'English', 'T', 8.5),
('ZAF', 'Ndebele', 'F', 1.5),
('ZAF', 'Northsotho', 'F', 9.1),
('ZAF', 'Southsotho', 'F', 7.6),
('ZAF', 'Swazi', 'F', 2.5),
('ZAF', 'Tsonga', 'F', 4.3),
('ZAF', 'Tswana', 'F', 8.1),
('ZAF', 'Venda', 'F', 2.2),
('ZAF', 'Xhosa', 'T', 17.7),
('ZAF', 'Zulu', 'T', 22.7),
('ZMB', 'Bemba', 'F', 29.7),
('ZMB', 'Chewa', 'F', 5.7),
('ZMB', 'Lozi', 'F', 6.4),
('ZMB', 'Nsenga', 'F', 4.3),
('ZMB', 'Nyanja', 'F', 7.8),
('ZMB', 'Tongan', 'F', 11.0),
('ZWE', 'English', 'T', 2.2),
('ZWE', 'Ndebele', 'F', 16.2),
('ZWE', 'Nyanja', 'F', 2.2),
('ZWE', 'Shona', 'F', 72.1);

-- --------------------------------------------------------

--
-- Table structure for table `documentos`
--

CREATE TABLE IF NOT EXISTS `documentos` (
  `id` int(10) unsigned NOT NULL AUTO_INCREMENT,
  `pedido_id` int(10) unsigned NOT NULL,
  `url_archivo` varchar(255) COLLATE utf8_unicode_ci NOT NULL,
  `created_at` timestamp NOT NULL DEFAULT '0000-00-00 00:00:00',
  `updated_at` timestamp NOT NULL DEFAULT '0000-00-00 00:00:00',
  `deleted_at` timestamp NULL DEFAULT NULL,
  PRIMARY KEY (`id`),
  KEY `documentos_pedido_id_foreign` (`pedido_id`)
) ENGINE=MyISAM  DEFAULT CHARSET=utf8 COLLATE=utf8_unicode_ci AUTO_INCREMENT=266 ;

--
-- Dumping data for table `documentos`
--

INSERT INTO `documentos` (`id`, `pedido_id`, `url_archivo`, `created_at`, `updated_at`, `deleted_at`) VALUES
(19, 31, 'public/archivos/31/otros/S10530611A-BL.pdf', '2014-09-30 07:51:16', '2014-09-30 07:51:16', NULL),
(20, 32, 'public/archivos/32/otros/S10530611B.PDF', '2014-09-30 08:29:23', '2014-09-30 08:29:23', NULL),
(18, 30, 'public/archivos/30/otros/SISTEMAS OPERATIVOS - 9 hilos.pdf', '2014-09-30 06:09:36', '2014-09-30 06:09:36', NULL),
(17, 29, 'public/archivos/29/otros/CONVOCATORIA_CURSOS DE INGLÉS -CONEXION GLOBAL 2014-II.pdf', '2014-09-28 03:02:12', '2014-09-28 03:02:12', NULL),
(16, 28, 'public/archivos/28/otros/Almuerzos y Refrigerios 2014 - II - FINAL.pdf', '2014-09-28 02:37:11', '2014-09-28 02:37:11', NULL),
(15, 28, 'public/archivos/28/otros/Reglamento de opciones de Grado Ing. de Sistemas.pdf', '2014-09-28 02:28:13', '2014-09-28 02:28:13', NULL),
(14, 26, 'public/archivos/26/otros/2999.pdf', '2014-09-28 01:34:48', '2014-09-28 01:34:48', NULL),
(13, 26, 'public/archivos/26/otros/Berlin_sp.pdf', '2014-09-28 01:34:17', '2014-09-28 01:34:17', NULL),
(12, 26, 'public/archivos/26/otros/Resumen.pdf', '2014-09-28 01:23:19', '2014-09-28 01:23:19', NULL),
(62, 59, 'public/archivos/59/otros/CONTRACT ALPISTE SASKCAN S50140005.PDF', '2014-10-13 11:52:01', '2014-10-13 11:52:01', NULL),
(61, 58, 'public/archivos/58/otros/PL 843 - PROFORMA INVOICE.pdf', '2014-10-13 11:43:51', '2014-10-13 11:43:51', NULL),
(60, 58, 'public/archivos/58/otros/IV_DRFI_422216_240914_1033-PREVIO.pdf', '2014-10-13 11:43:50', '2014-10-13 11:43:50', NULL),
(59, 45, 'public/archivos/45/otros/PL 842 - PROFORMA INVOICE.pdf', '2014-10-13 11:33:47', '2014-10-13 11:33:47', NULL),
(52, 33, 'public/archivos/33/otros/CONTRATO  PS INTERNATIONAL  FIRMADO.pdf', '2014-10-13 11:21:54', '2014-10-13 11:21:54', NULL),
(53, 56, 'public/archivos/56/otros/IV_DRFI_423967_061014_1025.pdf', '2014-10-13 11:24:54', '2014-10-13 11:24:54', NULL),
(54, 56, 'public/archivos/56/otros/CONTRATO SASKCAN S10540063-FIRMADO.pdf', '2014-10-13 11:24:55', '2014-10-13 11:24:55', NULL),
(55, 57, 'public/archivos/57/otros/CONTRATO SAS-S10540034.PDF', '2014-10-13 11:30:53', '2014-10-13 11:30:53', NULL),
(56, 57, 'public/archivos/57/otros/DOCUMENTOS DE EMBARQUE S10540034.PDF', '2014-10-13 11:31:14', '2014-10-13 11:31:14', NULL),
(57, 57, 'public/archivos/57/otros/IV-419946 - CONTRACT S10540034.pdf', '2014-10-13 11:31:16', '2014-10-13 11:31:16', NULL),
(58, 45, 'public/archivos/45/otros/STICKER MAIZ PIRA CONTRATO PL842.pdf', '2014-10-13 11:33:46', '2014-10-13 11:33:46', NULL),
(51, 33, 'public/archivos/33/otros/IV-420058 FITOSANITARIO.pdf', '2014-10-13 11:21:49', '2014-10-13 11:21:49', NULL),
(50, 55, 'public/archivos/55/otros/SG-370-WGL-14 SIGNED.pdf', '2014-10-13 11:01:09', '2014-10-13 11:01:09', NULL),
(49, 54, 'public/archivos/54/otros/PI_FCPME140922.pdf', '2014-10-13 10:24:02', '2014-10-13 10:24:02', NULL),
(47, 50, 'public/archivos/50/otros/DRAFT BL oct 1 portugal.pdf', '2014-10-06 13:28:07', '2014-10-06 13:28:07', NULL),
(46, 50, 'public/archivos/50/otros/FACTURA CI0244 PORTUGAL OCT012014.pdf', '2014-10-06 13:28:07', '2014-10-06 13:28:07', NULL),
(45, 44, 'public/archivos/44/otros/SEGUNDO NEGOCIO ATUNES MEGACEITES.pdf', '2014-10-06 09:09:48', '2014-10-06 09:09:48', NULL),
(44, 43, 'public/archivos/43/otros/FACTURA PROFORMA _MEGACEITES_JULIO 2014_2FCLS (1).pdf', '2014-10-06 09:04:41', '2014-10-06 09:04:41', NULL),
(43, 42, 'public/archivos/42/otros/Proforma FCPME140905 (Firmada).pdf', '2014-10-06 08:48:34', '2014-10-06 08:48:34', NULL),
(63, 60, 'public/archivos/60/otros/CONTRACT ALPISTE SASKCAN S50140007.PDF', '2014-10-13 11:53:35', '2014-10-13 11:53:35', NULL),
(64, 60, 'public/archivos/60/otros/50% Advance contract S50140007.pdf', '2014-10-13 11:53:35', '2014-10-13 11:53:35', NULL),
(65, 45, 'public/archivos/45/otros/PL 842 - INVOICE.PDF', '2014-10-13 23:46:15', '2014-10-13 23:46:15', NULL),
(66, 45, 'public/archivos/45/otros/BL CONTRATO PL842.pdf', '2014-10-13 23:46:16', '2014-10-13 23:46:16', NULL),
(67, 64, 'public/archivos/64/otros/HBL303773.pdf', '2014-10-14 09:15:49', '2014-10-14 09:15:49', NULL),
(68, 64, 'public/archivos/64/otros/FACTURA 1035.pdf', '2014-10-14 09:15:50', '2014-10-14 09:15:50', NULL),
(69, 65, 'public/archivos/65/otros/FACTURA 1035.pdf', '2014-10-14 09:41:00', '2014-10-14 09:41:00', NULL),
(70, 65, 'public/archivos/65/otros/HBL303773.pdf', '2014-10-14 09:41:01', '2014-10-14 09:41:01', NULL),
(71, 66, 'public/archivos/66/otros/ProForma 001045 (Firmada) UVA PREMIUM.pdf', '2014-10-14 09:43:02', '2014-10-14 09:43:02', NULL),
(72, 67, 'public/archivos/67/otros/Contrato 2014-76 Amended.pdf', '2014-10-15 21:39:35', '2014-10-15 21:39:35', NULL),
(73, 54, 'public/archivos/54/otros/HBL 14090049.pdf', '2014-10-27 22:07:11', '2014-10-27 22:07:11', NULL),
(74, 44, 'public/archivos/44/otros/DOCUMENTOS DE EXPORTACION MEGACEITES SEGUN FACTURA 002-002-000000293.pdf', '2014-10-28 00:19:18', '2014-10-28 00:19:18', NULL),
(75, 70, 'public/archivos/70/otros/psiscan20141028104539.pdf', '2014-10-29 22:32:12', '2014-10-29 22:32:12', NULL),
(76, 71, 'public/archivos/71/otros/Fact. S70040012 (Firmada).pdf', '2014-10-29 23:03:15', '2014-10-29 23:03:15', NULL),
(77, 72, 'public/archivos/72/otros/BL SUDU241590497L2D ELENADA ADA 1 CARBON.pdf', '2014-10-31 15:56:30', '2014-10-31 15:56:30', NULL),
(78, 73, 'public/archivos/73/otros/FACTURA CI0323 expo carbon nueva 22-10-2014.pdf', '2014-10-31 15:58:50', '2014-10-31 15:58:50', NULL),
(79, 74, 'public/archivos/74/otros/FACTURA CI0315 BEIROT S OCT082014 - SANTA MARTA.pdf', '2014-10-31 16:00:19', '2014-10-31 16:00:19', NULL),
(80, 75, 'public/archivos/75/otros/FACTURA CI0244 TENERIFE ESPAÑA OCT012014.pdf', '2014-10-31 21:14:24', '2014-10-31 21:14:24', NULL),
(81, 76, 'public/archivos/76/otros/LOMO.pdf', '2014-11-02 09:25:09', '2014-11-02 09:25:09', NULL),
(82, 76, 'public/archivos/76/otros/COSTEO LOMO SEPTIEMBRE.pdf', '2014-11-02 09:25:10', '2014-11-02 09:25:10', NULL),
(83, 76, 'public/archivos/76/otros/DZI361871_081014_0348 PREVIO.pdf', '2014-11-02 09:25:15', '2014-11-02 09:25:15', NULL),
(84, 77, 'public/archivos/77/otros/BWI19182_Documents.xml (2).pdf', '2014-11-02 09:27:11', '2014-11-02 09:27:11', NULL),
(85, 78, 'public/archivos/78/otros/BWI19183_Documents.xml (1).pdf', '2014-11-02 09:28:22', '2014-11-02 09:28:22', NULL),
(86, 79, 'public/archivos/79/otros/30-10-2014 Proforma Invoice No.YZM201408036.pdf', '2014-11-02 09:35:09', '2014-11-02 09:35:09', NULL),
(87, 76, 'public/archivos/76/otros/Scanned_141031_114017.pdf', '2014-11-03 22:18:26', '2014-11-03 22:18:26', NULL),
(88, 80, 'public/archivos/80/otros/FACTURA PROFORMA_INVERCOMER_JULIO 2014_1FCL.pdf', '2014-11-03 23:40:32', '2014-11-03 23:40:32', NULL),
(89, 81, 'public/archivos/81/otros/215565 CONTRATO NUEVO PEDIDO LENTEJAS.pdf', '2014-11-04 00:03:37', '2014-11-04 00:03:37', NULL),
(90, 82, 'public/archivos/82/otros/FACTURA EXP. N° 307 - MEGACEITES.pdf', '2014-11-10 00:40:31', '2014-11-10 00:40:31', NULL),
(91, 83, 'public/archivos/83/otros/FACT 1050.pdf', '2014-11-10 11:30:00', '2014-11-10 11:30:00', NULL),
(92, 84, 'public/archivos/84/otros/col-001-FOB- FACTURA EXPOMADERAS-PLYWOOD.pdf', '2014-11-11 01:36:54', '2014-11-11 01:36:54', NULL),
(93, 73, 'public/archivos/73/otros/BL SUDU249990662YYU.pdf', '2014-11-12 02:44:52', '2014-11-12 02:44:52', NULL),
(94, 82, 'public/archivos/82/otros/BL 2x20FT Atun para CTG OCT 2.pdf', '2014-11-12 03:01:08', '2014-11-12 03:01:08', NULL),
(95, 85, 'public/archivos/85/otros/PROFORMA HBL 1x20FT Atun para CTG - NOV 21.pdf', '2014-11-18 12:46:56', '2014-11-18 12:46:56', NULL),
(96, 67, 'public/archivos/67/otros/11-24-2014 INV 037314.PDF', '2014-11-24 20:34:32', '2014-11-24 20:34:32', NULL),
(97, 59, 'public/archivos/59/otros/11-24-2014 INV 037314.PDF', '2014-11-24 20:39:53', '2014-11-24 20:39:53', NULL),
(98, 81, 'public/archivos/81/otros/PREVIO.pdf', '2014-12-01 14:17:55', '2014-12-01 14:17:55', NULL),
(99, 84, 'public/archivos/84/otros/BL  3PS1411012 EXPO MADERAS.pdf', '2014-12-04 02:25:12', '2014-12-04 02:25:12', NULL),
(100, 84, 'public/archivos/84/otros/PACKING LIST EXPO MADERAS.pdf', '2014-12-04 02:25:12', '2014-12-04 02:25:12', NULL),
(101, 84, 'public/archivos/84/otros/FACTURA COMERCIAL EXPO MADERAS.pdf', '2014-12-04 02:25:12', '2014-12-04 02:25:12', NULL),
(102, 84, 'public/archivos/84/otros/CERTIFICADO DE CALIDAD EXPO MADERAS.pdf', '2014-12-04 02:25:13', '2014-12-04 02:25:13', NULL),
(103, 78, 'public/archivos/78/otros/BWI19183_Documents.xml.pdf', '2014-12-09 15:19:24', '2014-12-09 15:19:24', NULL),
(104, 86, 'public/archivos/86/otros/FACT 1063 INDUSTRIAL.pdf', '2014-12-17 10:37:23', '2014-12-17 10:37:23', NULL),
(105, 87, 'public/archivos/87/otros/FACT 057.pdf', '2014-12-17 10:47:03', '2014-12-17 10:47:03', NULL),
(106, 88, 'public/archivos/88/otros/PL 843 - INVOICE - MEGACEITES.pdf', '2014-12-17 11:01:05', '2014-12-17 11:01:05', NULL),
(107, 88, 'public/archivos/88/otros/BL4970.pdf', '2014-12-17 11:01:05', '2014-12-17 11:01:05', NULL),
(108, 88, 'public/archivos/88/otros/IV_DRFI_422216_240914_1033-PREVIO (1).pdf', '2014-12-17 11:01:07', '2014-12-17 11:01:07', NULL),
(109, 89, 'public/archivos/89/otros/DRAFT HBL.pdf', '2014-12-17 11:10:04', '2014-12-17 11:10:04', NULL),
(110, 89, 'public/archivos/89/otros/FACTURA PROFORMA MEGACEITES_DIC 2014_2FCLS_PEDIDO 22.pdf', '2014-12-17 11:10:07', '2014-12-17 11:10:07', NULL),
(111, 90, 'public/archivos/90/otros/PI_FCPME141211A.pdf', '2014-12-17 11:15:06', '2014-12-17 11:15:06', NULL),
(112, 91, 'public/archivos/91/otros/PI_FCPME141211B.pdf', '2014-12-17 11:16:15', '2014-12-17 11:16:15', NULL),
(113, 92, 'public/archivos/92/otros/PI_FCPME141211C.pdf', '2014-12-17 11:17:19', '2014-12-17 11:17:19', NULL),
(114, 93, 'public/archivos/93/otros/FACT CI 0374 TURQUIA DIC2 2014 istambul.pdf', '2014-12-24 05:38:19', '2014-12-24 05:38:19', NULL),
(115, 93, 'public/archivos/93/otros/BL ,ZIMUBQA0090314-ISTAMBUL.pdf', '2014-12-24 05:38:20', '2014-12-24 05:38:20', NULL),
(116, 94, 'public/archivos/94/otros/PACKING LIST CI 0372 IZMIR.pdf', '2014-12-24 05:45:51', '2014-12-24 05:45:51', NULL),
(117, 94, 'public/archivos/94/otros/FACT CI 0372 TURQUIA DIC2 2014 IZMIR.pdf', '2014-12-24 05:45:52', '2014-12-24 05:45:52', NULL),
(118, 94, 'public/archivos/94/otros/BL ZIMUBQA0090313 -IZMIR.pdf', '2014-12-24 05:45:54', '2014-12-24 05:45:54', NULL),
(119, 95, 'public/archivos/95/otros/SET DE DOCUMENTOS EXPO ALPISTE.PDF', '2014-12-24 06:57:32', '2014-12-24 06:57:32', NULL),
(120, 97, 'public/archivos/97/otros/SET DE DOCUMENTOS EXPO ALPISTE.PDF', '2014-12-25 03:24:11', '2014-12-25 03:24:11', NULL),
(121, 96, 'public/archivos/96/otros/FACT CI 0379 ZOOM ZOOM MOTOR.pdf', '2014-12-27 01:33:13', '2014-12-27 01:33:13', NULL),
(122, 98, 'public/archivos/98/otros/FACTURA PROFORMA MEGACEITES_DIC 2014_1 FCL_PEDIDO 23.pdf', '2014-12-28 03:46:22', '2014-12-28 03:46:22', NULL),
(123, 99, 'public/archivos/99/otros/Fact. S10540133 Firmada.pdf', '2015-01-02 20:08:30', '2015-01-02 20:08:30', NULL),
(124, 99, 'public/archivos/99/otros/12-23-2014 IV_DRFI_430802_181214_1359 PERMISO FACT S10540133.pdf', '2015-01-02 20:08:30', '2015-01-02 20:08:30', NULL),
(125, 100, 'public/archivos/100/otros/BL QUINTA IMPO BARRANQUILLA 1X30FCL.pdf', '2015-01-05 11:40:53', '2015-01-05 11:40:53', NULL),
(126, 101, 'public/archivos/101/otros/1-05-2015 PL.pdf', '2015-01-06 00:19:52', '2015-01-06 00:19:52', NULL),
(127, 101, 'public/archivos/101/otros/1-05-2015 CI.pdf', '2015-01-06 00:19:53', '2015-01-06 00:19:53', NULL),
(128, 96, 'public/archivos/96/otros/bl zoom zoom.pdf', '2015-01-06 04:00:46', '2015-01-06 04:00:46', NULL),
(129, 100, 'public/archivos/100/otros/CERTIFICADO SANITARIO N° 001157.pdf', '2015-01-08 12:44:16', '2015-01-08 12:44:16', NULL),
(130, 100, 'public/archivos/100/otros/CERTIFICADO DE CALIDAD USAFISH.pdf', '2015-01-08 12:44:16', '2015-01-08 12:44:16', NULL),
(131, 100, 'public/archivos/100/otros/FACTURA EXP 337 MEGACEITES.pdf', '2015-01-08 12:44:17', '2015-01-08 12:44:17', NULL),
(132, 103, 'public/archivos/103/otros/12-23-2014 IV_DRFI_430849_181214_1358 PERMISO CONTRATO S10540134.pdf', '2015-01-13 09:34:40', '2015-01-13 09:34:40', NULL),
(133, 70, 'public/archivos/70/otros/BL DESPACHO CONTRATO 215564.pdf', '2015-01-19 07:41:41', '2015-01-19 07:41:41', NULL),
(134, 104, 'public/archivos/104/otros/FACTURA CI0325 BARRANQUILLA BEIRUT.pdf', '2015-01-23 06:42:33', '2015-01-23 06:42:33', NULL),
(135, 105, 'public/archivos/105/otros/bl SUDU2515917877LA.pdf', '2015-01-23 06:51:10', '2015-01-23 06:51:10', NULL),
(136, 104, 'public/archivos/104/otros/PACKING LIST CI0325 beirut.pdf', '2015-01-23 07:16:34', '2015-01-23 07:16:34', NULL),
(137, 107, 'public/archivos/107/otros/JAN 26 PI_FCPME150126C.pdf', '2015-01-29 12:56:53', '2015-01-29 12:56:53', NULL),
(138, 108, 'public/archivos/108/otros/PI_FCPME150126B.pdf', '2015-01-29 12:58:20', '2015-01-29 12:58:20', NULL),
(139, 108, 'public/archivos/108/otros/PRIOR 1783-15 INVOICE 150126B SALE FEB 2.pdf', '2015-01-29 12:58:22', '2015-01-29 12:58:22', NULL),
(140, 104, 'public/archivos/104/otros/SUDU251591681P93.pdfPELICANOS 4BOGZQ0095.pdf', '2015-01-30 00:52:11', '2015-01-30 00:52:11', NULL),
(141, 105, 'public/archivos/105/otros/FACT CI 0414 BEIRUT LIBANO.pdf', '2015-02-07 05:33:37', '2015-02-07 05:33:37', NULL),
(142, 110, 'public/archivos/110/otros/FACTURA CI0419 SANTA MARTA BEIRUT.pdf', '2015-02-07 05:34:18', '2015-02-07 05:34:18', NULL),
(143, 112, 'public/archivos/112/otros/FACTURA CI0420- Bquilla-grecia.pdf', '2015-02-11 00:17:49', '2015-02-11 00:17:49', NULL),
(144, 111, 'public/archivos/111/otros/PELICANOS SUDU251592042UKE.pdf', '2015-02-13 07:39:27', '2015-02-13 07:39:27', NULL),
(145, 107, 'public/archivos/107/otros/BL FCPME150126C.pdf', '2015-02-14 00:17:19', '2015-02-14 00:17:19', NULL),
(146, 105, 'public/archivos/105/otros/PACKING LIST CI0414  beirut.pdf', '2015-02-14 02:34:06', '2015-02-14 02:34:06', NULL),
(147, 116, 'public/archivos/116/otros/Fact. S10540136 Firmada BAQ.pdf', '2015-02-17 19:36:41', '2015-02-17 19:36:41', NULL),
(148, 116, 'public/archivos/116/otros/PRIOR 35326-14 S10540136 150TM BAQ.pdf', '2015-02-17 19:36:42', '2015-02-17 19:36:42', NULL),
(149, 111, 'public/archivos/111/otros/FACTURA CI0419 SANTA MARTA BEIRUT FACTURA PESO REAL.pdf', '2015-02-19 00:33:38', '2015-02-19 00:33:38', NULL),
(150, 117, 'public/archivos/117/otros/PELICANOS SUDU251592042UKE.pdf', '2015-02-19 00:44:16', '2015-02-19 00:44:16', NULL),
(151, 117, 'public/archivos/117/otros/FACTURA CI0419 SANTA MARTA BEIRUT.pdf', '2015-02-19 00:44:17', '2015-02-19 00:44:17', NULL),
(152, 118, 'public/archivos/118/otros/PI_FCPME150209B EMBARQ 02 03.pdf', '2015-02-19 00:55:29', '2015-02-19 00:55:29', NULL),
(153, 119, 'public/archivos/119/otros/PI_FCPME150209B EMBARQ 02 03.pdf', '2015-02-19 00:57:09', '2015-02-19 00:57:09', NULL),
(154, 119, 'public/archivos/119/otros/PRIOR 1786-15 INV.pdf', '2015-02-19 00:57:10', '2015-02-19 00:57:10', NULL),
(155, 120, 'public/archivos/120/otros/PI_FCPME150216B  10 03.pdf', '2015-02-19 00:58:54', '2015-02-19 00:58:54', NULL),
(156, 121, 'public/archivos/121/otros/PI_FCPME150319B 19 03.pdf', '2015-02-19 00:59:49', '2015-02-19 00:59:49', NULL),
(157, 122, 'public/archivos/122/otros/PI_FCPME150329B 29 03.pdf', '2015-02-19 01:00:36', '2015-02-19 01:00:36', NULL),
(158, 123, 'public/archivos/123/otros/PI_FCPME150209C 02 03.pdf', '2015-02-19 01:03:04', '2015-02-19 01:03:04', NULL),
(159, 124, 'public/archivos/124/otros/PI_FCPME150216C  10 03.pdf', '2015-02-19 01:03:52', '2015-02-19 01:03:52', NULL),
(160, 125, 'public/archivos/125/otros/PI_FCPME150319C 19 03.pdf', '2015-02-19 01:04:36', '2015-02-19 01:04:36', NULL),
(161, 126, 'public/archivos/126/otros/PI_FCPME150329C 29 03.pdf', '2015-02-19 01:05:13', '2015-02-19 01:05:13', NULL),
(162, 114, 'public/archivos/114/otros/PACKING LIST CI0423 BEIRUT.pdf', '2015-02-19 01:08:54', '2015-02-19 01:08:54', NULL),
(163, 114, 'public/archivos/114/otros/FACTURA CI0423 Sta marta  PESO REAL.pdf', '2015-02-19 01:08:55', '2015-02-19 01:08:55', NULL),
(164, 127, 'public/archivos/127/otros/FACTURA CI0420- Bquilla-grecia.pdf', '2015-02-19 01:26:06', '2015-02-19 01:26:06', NULL),
(165, 127, 'public/archivos/127/otros/PACKING LIST CI0420 GRECIA.pdf', '2015-02-19 01:26:06', '2015-02-19 01:26:06', NULL),
(166, 127, 'public/archivos/127/otros/ZIMUBQA0090495.pdf', '2015-02-19 01:26:07', '2015-02-19 01:26:07', NULL),
(167, 114, 'public/archivos/114/otros/BL SUDU251592138D7U.pdf', '2015-02-27 01:38:05', '2015-02-27 01:38:05', NULL),
(168, 128, 'public/archivos/128/otros/FACTURA CI0422 barranquilla   antwerp (revised 2-MAR-2015.pdf', '2015-03-04 23:43:36', '2015-03-04 23:43:36', NULL),
(169, 128, 'public/archivos/128/otros/SUDU251592401ZS9.pdf', '2015-03-06 05:51:34', '2015-03-06 05:51:34', NULL),
(170, 128, 'public/archivos/128/otros/PACKING LIST CI0422 ANTEWERP.pdf', '2015-03-06 05:52:15', '2015-03-06 05:52:15', NULL),
(171, 96, 'public/archivos/96/otros/PACKING LIST CI 0379.pdf', '2015-03-17 00:22:27', '2015-03-17 00:22:27', NULL),
(172, 130, 'public/archivos/130/otros/S10540228A.PDF', '2015-03-17 06:22:47', '2015-03-17 06:22:47', NULL),
(173, 131, 'public/archivos/131/otros/S10540228B.PDF', '2015-03-17 06:24:16', '2015-03-17 06:24:16', NULL),
(174, 132, 'public/archivos/132/otros/S10540229A.PDF', '2015-03-17 06:26:34', '2015-03-17 06:26:34', NULL),
(175, 133, 'public/archivos/133/otros/S10540229B.PDF', '2015-03-17 06:27:20', '2015-03-17 06:27:20', NULL),
(176, 134, 'public/archivos/134/otros/S10540186B CARTAGENA.pdf', '2015-03-17 06:30:58', '2015-03-17 06:30:58', NULL),
(177, 134, 'public/archivos/134/otros/PREVIO S10540186B CARTAGENA.pdf', '2015-03-17 06:31:00', '2015-03-17 06:31:00', NULL),
(178, 135, 'public/archivos/135/otros/S10540186A BARRANQUILLA.PDF', '2015-03-17 06:31:43', '2015-03-17 06:31:43', NULL),
(179, 115, 'public/archivos/115/otros/Fact. S10540135 Firmada CARTAGENA.pdf', '2015-03-18 00:36:21', '2015-03-18 00:36:21', NULL),
(180, 115, 'public/archivos/115/otros/PRIOR 35325-14 S10540135 CAR.pdf', '2015-03-18 00:36:22', '2015-03-18 00:36:22', NULL),
(181, 116, 'public/archivos/116/otros/SET DOCUMENTOS COMPLETOS S10540136.PDF', '2015-03-18 00:38:15', '2015-03-18 00:38:15', NULL),
(182, 116, 'public/archivos/116/otros/PREVIO S10540136.pdf', '2015-03-18 00:49:54', '2015-03-18 00:49:54', NULL),
(183, 136, 'public/archivos/136/otros/S10540185A CARTAGENA.PDF', '2015-03-18 02:08:25', '2015-03-18 02:08:25', NULL),
(184, 136, 'public/archivos/136/otros/PREVIO S10540185A CARTAGENA (2).pdf', '2015-03-18 02:08:26', '2015-03-18 02:08:26', NULL),
(185, 137, 'public/archivos/137/otros/S10540185B BARRANQUILLA.pdf', '2015-03-18 02:09:57', '2015-03-18 02:09:57', NULL),
(186, 138, 'public/archivos/138/otros/S10540186B CARTAGENA.pdf', '2015-03-18 02:16:41', '2015-03-18 02:16:41', NULL),
(187, 138, 'public/archivos/138/otros/PREVIO S10540186B CARTAGENA.PDF', '2015-03-18 02:16:42', '2015-03-18 02:16:42', NULL),
(188, 130, 'public/archivos/130/otros/PREVIO S10540228A.PDF', '2015-03-20 05:22:59', '2015-03-20 05:22:59', NULL),
(189, 131, 'public/archivos/131/otros/PREVIO S10540228B.PDF', '2015-03-20 05:23:30', '2015-03-20 05:23:30', NULL),
(190, 132, 'public/archivos/132/otros/PREVIO S10540229A.PDF', '2015-03-20 05:23:59', '2015-03-20 05:23:59', NULL),
(191, 133, 'public/archivos/133/otros/PREVIO S10540229B.PDF', '2015-03-20 05:24:35', '2015-03-20 05:24:35', NULL),
(192, 136, 'public/archivos/136/otros/SET DE DOCUMENTOS - S10540185A.PDF', '2015-03-20 22:33:10', '2015-03-20 22:33:10', NULL),
(193, 139, 'public/archivos/139/otros/01-25-2015 S10540233 #3 INVERCOMER.PDF', '2015-03-22 01:17:01', '2015-03-22 01:17:01', NULL),
(194, 140, 'public/archivos/140/otros/CONTRACT S10540295.PDF', '2015-03-22 01:22:43', '2015-03-22 01:22:43', NULL),
(195, 141, 'public/archivos/141/otros/BWI20404FACT DE CHULETA PARA FORWARD.xml.pdf', '2015-03-22 01:31:27', '2015-03-22 01:31:27', NULL),
(196, 142, 'public/archivos/142/otros/BWI20399_Documents.xml.pdf', '2015-03-22 01:33:50', '2015-03-22 01:33:50', NULL),
(197, 143, 'public/archivos/143/otros/02-18-2015 18022015‐1 PROFORMA FRIJOL.pdf', '2015-03-22 02:03:28', '2015-03-22 02:03:28', NULL),
(198, 109, 'public/archivos/109/otros/CORRECCION FACTURA.PDF', '2015-03-25 05:16:54', '2015-03-25 05:16:54', NULL),
(199, 123, 'public/archivos/123/otros/PREVIO SV- 001781-15.pdf', '2015-03-25 05:53:33', '2015-03-25 05:53:33', NULL),
(200, 144, 'public/archivos/144/otros/04-02-2015 PI_FCPME150402B.pdf', '2015-03-25 06:44:10', '2015-03-25 06:44:10', NULL),
(201, 145, 'public/archivos/145/otros/04-02-2015 PI_FCPME150402C.pdf', '2015-03-25 06:45:40', '2015-03-25 06:45:40', NULL),
(202, 146, 'public/archivos/146/otros/04-09-2015 PI_FCPME150409B.pdf', '2015-03-25 06:46:19', '2015-03-25 06:46:19', NULL),
(203, 147, 'public/archivos/147/otros/04-09-2015 PI_FCPME150409C.pdf', '2015-03-25 06:47:35', '2015-03-25 06:47:35', NULL),
(204, 148, 'public/archivos/148/otros/PACKING LIST CI0436 BQUIILLA - ISRAEL.pdf', '2015-03-30 22:37:58', '2015-03-30 22:37:58', NULL),
(205, 148, 'public/archivos/148/otros/CI 0436 ISRAEL- HAIFA.pdf', '2015-03-30 22:37:58', '2015-03-30 22:37:58', NULL),
(206, 125, 'public/archivos/125/otros/PREVIO CONTRATO 150319C.pdf', '2015-04-01 00:56:31', '2015-04-01 00:56:31', NULL),
(207, 126, 'public/archivos/126/otros/PREVIO 150329C.pdf', '2015-04-01 00:58:01', '2015-04-01 00:58:01', NULL),
(208, 121, 'public/archivos/121/otros/PREVIO CONTRATO 150319C.pdf', '2015-04-01 01:19:09', '2015-04-01 01:19:09', NULL),
(209, 144, 'public/archivos/144/otros/PREVIO- SV 011848-15.pdf', '2015-04-04 23:44:13', '2015-04-04 23:44:13', NULL),
(210, 145, 'public/archivos/145/otros/PREVIO- SV 011849-15.pdf', '2015-04-04 23:44:52', '2015-04-04 23:44:52', NULL),
(211, 146, 'public/archivos/146/otros/PREVIO- SV- 011850-15.pdf', '2015-04-04 23:45:19', '2015-04-04 23:45:19', NULL),
(212, 147, 'public/archivos/147/otros/PREVIO  SV -PI_FCPME150409C.pdf', '2015-04-04 23:45:47', '2015-04-04 23:45:47', NULL),
(213, 148, 'public/archivos/148/otros/COPIA BL MFT-BLANG.rpt-20150404-122628.pdf', '2015-04-07 01:24:56', '2015-04-07 01:24:56', NULL),
(214, 149, 'public/archivos/149/otros/PREVIO PI_FCPME150319B 19 03.pdf', '2015-04-07 06:20:42', '2015-04-07 06:20:42', NULL),
(215, 149, 'public/archivos/149/otros/PI_FCPME150319B 19 03.pdf', '2015-04-07 06:22:29', '2015-04-07 06:22:29', NULL),
(216, 150, 'public/archivos/150/otros/02-01-2015 1022015-PROFORMA FRIJOL.pdf', '2015-04-08 01:10:55', '2015-04-08 01:10:55', NULL),
(217, 150, 'public/archivos/150/otros/4010513463 - HBL.PDF', '2015-04-08 01:13:45', '2015-04-08 01:13:45', NULL),
(218, 151, 'public/archivos/151/otros/FACTURA PROFORMA USAFISH S.A._MEGACEITES_2 fcls_NO 39A_BARRANQUILLA.pdf', '2015-04-09 05:37:48', '2015-04-09 05:37:48', NULL),
(219, 101, 'public/archivos/101/otros/BL DETERGENTE....pdf', '2015-04-10 04:09:59', '2015-04-10 04:09:59', NULL),
(220, 101, 'public/archivos/101/otros/FACTURA COMERCIAL.pdf', '2015-04-10 04:10:32', '2015-04-10 04:10:32', NULL),
(221, 152, 'public/archivos/152/otros/FACTURA PROFORMA USAFISH S.A._MEGACEITES_1 fcl_NO 39B_CARTAGENA.pdf', '2015-04-11 22:33:22', '2015-04-11 22:33:22', NULL),
(222, 152, 'public/archivos/152/otros/HBL.pdf', '2015-04-11 22:33:22', '2015-04-11 22:33:22', NULL),
(223, 151, 'public/archivos/151/otros/HBL.pdf', '2015-04-11 22:36:16', '2015-04-11 22:36:16', NULL),
(224, 101, 'public/archivos/101/otros/SET DOCUMENTOS DETERGENTES INVERCOMER.pdf', '2015-04-14 00:32:48', '2015-04-14 00:32:48', NULL),
(225, 139, 'public/archivos/139/otros/Contrato Lenteja firmado.pdf', '2015-04-15 04:09:32', '2015-04-15 04:09:32', NULL),
(226, 150, 'public/archivos/150/otros/PREVIO FRIJOL IV_DRFI_434606_160215_1131[1].pdf', '2015-04-15 04:41:27', '2015-04-15 04:41:27', NULL),
(227, 140, 'public/archivos/140/otros/sv previo.pdf', '2015-04-15 05:27:48', '2015-04-15 05:27:48', NULL),
(228, 153, 'public/archivos/153/otros/CONTRATO NUEVO S10540346 BARRANQUILLA.PDF', '2015-04-15 05:44:33', '2015-04-15 05:44:33', NULL),
(229, 139, 'public/archivos/139/otros/PREVIO LENTEJA CONTRATO S10540233 INVERCOMER.pdf', '2015-04-18 22:51:16', '2015-04-18 22:51:16', NULL),
(230, 156, 'public/archivos/156/otros/PI_FCPIN150417_USD1110.pdf', '2015-04-20 22:15:55', '2015-04-20 22:15:55', NULL),
(231, 119, 'public/archivos/119/otros/HBL QGDBAQ0099.pdf', '2015-04-20 22:26:15', '2015-04-20 22:26:15', NULL),
(232, 123, 'public/archivos/123/otros/HBL QGDCTG0017.pdf', '2015-04-20 22:27:07', '2015-04-20 22:27:07', NULL),
(233, 120, 'public/archivos/120/otros/HBL QGDBAQ0100.pdf', '2015-04-20 22:27:50', '2015-04-20 22:27:50', NULL),
(234, 124, 'public/archivos/124/otros/HBL QGDCTG0018.pdf', '2015-04-20 22:28:23', '2015-04-20 22:28:23', NULL),
(235, 125, 'public/archivos/125/otros/HBL QGDCTG0019.pdf', '2015-04-20 22:28:49', '2015-04-20 22:28:49', NULL),
(236, 126, 'public/archivos/126/otros/HBL QGDCTG0020.pdf', '2015-04-20 22:29:17', '2015-04-20 22:29:17', NULL),
(237, 139, 'public/archivos/139/otros/FACTURA Y BL S10540233 #3.PDF', '2015-04-24 06:26:29', '2015-04-24 06:26:29', NULL),
(238, 139, 'public/archivos/139/otros/FACTURA Y BL S10540233 #3.PDF', '2015-04-24 23:11:43', '2015-04-24 23:11:43', NULL),
(239, 156, 'public/archivos/156/otros/PREVIO SV-015223-15.pdf', '2015-04-27 22:57:58', '2015-04-27 22:57:58', NULL),
(240, 149, 'public/archivos/149/otros/HBL QGDBAQ0103.pdf', '2015-04-27 23:47:43', '2015-04-27 23:47:43', NULL),
(241, 122, 'public/archivos/122/otros/HBL QGDBAQ0102.pdf', '2015-04-27 23:48:06', '2015-04-27 23:48:06', NULL),
(242, 154, 'public/archivos/154/otros/FACT NSJ MEGACEITES930.pdf', '2015-05-02 22:24:32', '2015-05-02 22:24:32', NULL),
(243, 154, 'public/archivos/154/otros/FITOSANITARIO 930.pdf', '2015-05-02 22:24:36', '2015-05-02 22:24:36', NULL),
(244, 154, 'public/archivos/154/otros/BL 930.pdf', '2015-05-02 22:24:40', '2015-05-02 22:24:40', NULL),
(245, 155, 'public/archivos/155/otros/FACT NSJ INVERCOMER931.pdf', '2015-05-02 22:25:28', '2015-05-02 22:25:28', NULL),
(246, 155, 'public/archivos/155/otros/BL 931.pdf', '2015-05-02 22:25:34', '2015-05-02 22:25:34', NULL),
(247, 155, 'public/archivos/155/otros/FITOSANITARIO 931.pdf', '2015-05-02 22:25:35', '2015-05-02 22:25:35', NULL),
(248, 157, 'public/archivos/157/otros/FACT CI 0449  BEIRUT LIBANO.pdf', '2015-05-11 23:18:05', '2015-05-11 23:18:05', NULL),
(249, 157, 'public/archivos/157/otros/PACKING LIST CI0414  beirut.pdf', '2015-05-11 23:18:06', '2015-05-11 23:18:06', NULL),
(250, 158, 'public/archivos/158/otros/FACTURA PROFORMA USAFISH S.A._INVERCOMER_1 fcl_NO 29.pdf', '2015-05-19 23:40:00', '2015-05-19 23:40:00', NULL),
(251, 159, 'public/archivos/159/otros/SIGNED CONTRACT BASA.pdf', '2015-05-19 23:55:36', '2015-05-19 23:55:36', NULL),
(252, 157, 'public/archivos/157/otros/BLE2-106.pdf', '2015-05-20 00:03:06', '2015-05-20 00:03:06', NULL),
(253, 160, 'public/archivos/160/otros/1878-15 Mayo Proforma Megaceite.pdf', '2015-05-20 00:07:31', '2015-05-20 00:07:31', NULL),
(254, 161, 'public/archivos/161/otros/1877-15 Mayo Proforma Invercomer.pdf', '2015-05-20 00:13:44', '2015-05-20 00:13:44', NULL),
(255, 163, 'public/archivos/163/otros/BLE2-665.pdf', '2015-05-21 06:16:49', '2015-05-21 06:16:49', NULL),
(256, 163, 'public/archivos/163/otros/FACTURA CI 0447 EXPO ALEMANIA.pdf', '2015-05-21 06:16:49', '2015-05-21 06:16:49', NULL),
(257, 162, 'public/archivos/162/otros/BLE2-665.pdf', '2015-05-21 06:17:41', '2015-05-21 06:17:41', NULL),
(258, 162, 'public/archivos/162/otros/PACKING LIST CI0447ANTEWERP.pdf', '2015-05-21 06:17:42', '2015-05-21 06:17:42', NULL),
(259, 162, 'public/archivos/162/otros/FACTURA CI 0447 EXPO ALEMANIA.pdf', '2015-05-21 06:17:43', '2015-05-21 06:17:43', NULL),
(260, 146, 'public/archivos/146/otros/03-15.xlsx', '2015-06-01 18:57:29', '2015-06-01 18:57:29', NULL),
(261, 165, 'public/archivos/165/otros/CuentaCobroPelicanosApps_v2.pdf', '2015-06-02 16:31:11', '2015-06-02 16:31:11', NULL),
(262, 165, 'public/archivos/165/otros/CuentaCobroPelicanosApps.docx', '2015-06-02 16:33:42', '2015-06-02 16:33:42', NULL),
(263, 165, 'public/archivos/165/otros/EK201436549836.pdf', '2015-06-02 16:37:38', '2015-06-02 16:37:38', NULL),
(264, 164, 'public/archivos/164/otros/CuentaCobroPelicanosApps_v2.pdf', '2015-06-04 21:03:07', '2015-06-04 21:03:07', NULL),
(265, 166, 'public/archivos/166/otros/PropuestaEncuestasVotantesPoliticos.docx', '2015-06-14 20:46:30', '2015-06-14 20:46:30', NULL);

-- --------------------------------------------------------

--
-- Table structure for table `guias`
--

CREATE TABLE IF NOT EXISTS `guias` (
  `id` int(10) unsigned NOT NULL AUTO_INCREMENT,
  `pedido_id` int(10) unsigned NOT NULL,
  `numero_guia` varchar(255) COLLATE utf8_unicode_ci DEFAULT NULL,
  `empresa_envio` varchar(255) COLLATE utf8_unicode_ci DEFAULT NULL,
  `url_archivo` varchar(255) COLLATE utf8_unicode_ci DEFAULT NULL,
  `created_at` timestamp NOT NULL DEFAULT '0000-00-00 00:00:00',
  `updated_at` timestamp NOT NULL DEFAULT '0000-00-00 00:00:00',
  `deleted_at` timestamp NULL DEFAULT NULL,
  PRIMARY KEY (`id`),
  KEY `guias_pedido_id_foreign` (`pedido_id`)
) ENGINE=MyISAM  DEFAULT CHARSET=utf8 COLLATE=utf8_unicode_ci AUTO_INCREMENT=77 ;

--
-- Dumping data for table `guias`
--

INSERT INTO `guias` (`id`, `pedido_id`, `numero_guia`, `empresa_envio`, `url_archivo`, `created_at`, `updated_at`, `deleted_at`) VALUES
(28, 29, '148765', 'fedex', 'public/archivos/29/148765.pdf', '2014-09-28 03:02:01', '2014-09-28 03:02:01', NULL),
(27, 28, 'jamam', 'qam,a,', 'public/archivos/28/jamam.pdf', '2014-09-28 02:36:34', '2014-09-28 02:36:34', NULL),
(26, 28, '1234', 'fedex', 'public/archivos/28/1234.pdf', '2014-09-28 02:29:53', '2014-09-28 02:29:53', NULL),
(25, 27, '1111jojn', 'cacoo', 'public/archivos/27/1111jojn.pdf', '2014-09-28 00:43:52', '2014-09-28 00:43:52', NULL),
(24, 26, '963741', 'fedex', 'public/archivos/26/963741.pdf', '2014-09-28 00:23:18', '2014-09-28 00:23:18', NULL),
(76, 131, '773604182710', 'FEDEX', '', '2015-05-20 00:15:58', '2015-05-20 00:15:58', NULL),
(75, 130, '773604182710', 'FEDEX', '', '2015-05-16 01:09:20', '2015-05-16 01:09:20', NULL),
(74, 136, '773213005469', 'FEDEX', '', '2015-03-26 08:50:31', '2015-03-26 08:50:31', NULL),
(73, 119, '2062394412', 'DHL', '', '2015-03-21 23:59:46', '2015-03-21 23:59:46', NULL),
(72, 116, '7730 8051 6255', 'FEDEX', 'public/archivos/116/7730 8051 6255.pdf', '2015-03-16 23:42:58', '2015-03-16 23:42:58', NULL),
(71, 108, '8331313664.', 'DHL', '', '2015-02-26 01:23:21', '2015-02-26 01:23:21', NULL),
(69, 95, '772351136468', 'FEDEX', '', '2014-12-24 06:57:26', '2014-12-24 06:57:26', NULL),
(70, 56, '772351136468', 'FEDEX', '', '2014-12-24 07:16:19', '2014-12-24 07:16:19', NULL),
(65, 54, '1569765606', 'DHL', '', '2014-10-24 10:03:19', '2014-10-24 10:03:19', NULL),
(66, 44, '8446132052', 'DHL', '', '2014-10-28 01:34:40', '2014-10-28 01:34:40', NULL),
(67, 76, '771713412083', 'FEDEX', '', '2014-11-04 01:09:21', '2014-11-04 01:09:21', NULL),
(68, 59, '772006115035', 'FEDEX', '', '2014-12-01 13:46:12', '2014-12-01 13:46:12', NULL),
(58, 42, '2728838280', 'DHL', 'public/archivos/42/2728838280.pdf', '2014-10-13 11:06:34', '2014-10-13 11:06:34', NULL);

-- --------------------------------------------------------

--
-- Table structure for table `migrations`
--

CREATE TABLE IF NOT EXISTS `migrations` (
  `migration` varchar(255) COLLATE utf8_unicode_ci NOT NULL,
  `batch` int(11) NOT NULL
) ENGINE=InnoDB DEFAULT CHARSET=utf8 COLLATE=utf8_unicode_ci;

--
-- Dumping data for table `migrations`
--

INSERT INTO `migrations` (`migration`, `batch`) VALUES
('2014_08_04_225110_bd_completa', 1),
('2014_12_20_203114_create_session_table', 1);

-- --------------------------------------------------------

--
-- Table structure for table `navieras`
--

CREATE TABLE IF NOT EXISTS `navieras` (
  `id` int(10) unsigned NOT NULL AUTO_INCREMENT,
  `nombre` varchar(255) COLLATE utf8_unicode_ci NOT NULL,
  `nombre_contacto` varchar(255) COLLATE utf8_unicode_ci NOT NULL,
  `email` varchar(255) COLLATE utf8_unicode_ci NOT NULL,
  `telefono` varchar(255) COLLATE utf8_unicode_ci NOT NULL,
  `direccion` varchar(255) COLLATE utf8_unicode_ci NOT NULL,
  `url_seguimiento` varchar(500) COLLATE utf8_unicode_ci NOT NULL,
  `created_at` timestamp NOT NULL DEFAULT '0000-00-00 00:00:00',
  `updated_at` timestamp NOT NULL DEFAULT '0000-00-00 00:00:00',
  `deleted_at` timestamp NULL DEFAULT NULL,
  PRIMARY KEY (`id`)
) ENGINE=MyISAM  DEFAULT CHARSET=utf8 COLLATE=utf8_unicode_ci AUTO_INCREMENT=18 ;

--
-- Dumping data for table `navieras`
--

INSERT INTO `navieras` (`id`, `nombre`, `nombre_contacto`, `email`, `telefono`, `direccion`, `url_seguimiento`, `created_at`, `updated_at`, `deleted_at`) VALUES
(1, 'Hamburg Süd', 'Peter Albeiro Franco', '', '309479479', 'Av. transición calle 4-#12 - Mexico D.C', 'http://www.ecom.hamburgsud.com/ecom/en/ecommerce_portal/track_trace/track__trace/ep_tracktrace_results.xhtml?searchReference=', '2014-08-20 22:30:26', '2014-09-03 23:28:54', NULL),
(2, 'ZIM', 'Jesus Manrrique Sosa', '', '300458249', 'Elm Street H-23, London', 'http://www.zim.com/pages/findcontainer.aspx?searchtype=3&searchvalue1=', '2014-08-27 12:30:39', '2014-09-03 23:23:32', NULL),
(3, 'CMA CGM Group', 'Steven Paccini', '', '+3901059671 ', 'Via Silvio Pellico 1 16128 Genova - Italy', 'http://www.cma-cgm.com/ebusiness/tracking/search?SearchBy=Container&Reference=', '2014-09-03 12:04:41', '2014-09-03 13:01:34', NULL),
(4, 'Maersk Line', 'Pedro Rivas Orozco', '', '+57 1 4065000', 'Cra 33, #45-12, Bogota', 'http://my.maerskline.com/appmanager/maerskline/public?_nfpb=true&_windowLabel=portlet_trackSimple_1&portlet_trackSimple_1_actionOverride=%2Fportlets%2Ftracking3%2Ftrack%2FTrackingOverview%2FgetContainerInfo&portlet_trackSimple_1uid=0&portlet_trackSimple_1shipmentNo=BEYP2XP8GXP6B&portlet_trackSimple_1containerNo=', '2014-09-03 23:45:47', '2014-09-04 02:27:37', NULL),
(5, 'HAPAG LLOYD', 'Neyra Hernandez', '', '', '', 'http://www.hapag-lloyd.com/en/tracing/by_container.html?container=', '2014-09-09 14:55:01', '2014-09-09 14:55:01', NULL),
(6, 'prueba', 'nose', 'dasd@dasd.com', '232', 'asdas', 'adsdasd.com', '2014-09-20 05:22:21', '2014-09-20 05:22:29', '2014-09-20 05:22:29'),
(7, 'MEDITERRANEAN (MSC)', 'Mediterranean', 'mediterranean@example.com', '111111', '', 'http://www.mscgva.ch/tracking/index.html?', '2014-09-27 23:58:19', '2014-09-28 00:03:40', NULL),
(8, 'APL', 'APL', 'apl@example.com', '', '', 'http://homeport.apl.com/gentrack/trackingMain.do?trackInput01=', '2014-09-28 00:01:39', '2014-12-24 13:04:38', '2014-12-24 13:04:38'),
(9, 'EVERGREEN', 'Evergreen', 'evergreen@example.com', '11111', '', 'http://www.shippingline.org/track/?type=container&line=evergreen&container=', '2014-09-28 00:04:58', '2014-09-28 00:07:47', NULL),
(10, 'SEABOARD MARINE', 'Seaboard Marine', 'sm@example.com', '11111', '', 'http://www.shippingline.org/track/?type=container&line=seaboard&track=Track+container&container=', '2014-09-28 00:11:39', '2014-09-28 00:11:39', NULL),
(11, 'MOL SHIPPING', 'Tokyo, Nagoya', '', '', '1-1 Toranomon 2-chome, Minato-ku, Tokyo 105-8688, Japan', 'http://web.molpower.com/NaviGator/tracking/home/guest?Typ=EQP&Flg=Y&Dtls=', '2014-11-02 09:12:42', '2014-11-02 09:12:42', NULL),
(12, 'COSCON', 'Mr. Dong Hao', 'donghao@coscon.com', '86-21-35124888-2914', 'No.378, Dong Da Ming Road, Shanghai 200080', 'http://ebusiness.coscon.com/NewEBWeb/public/cargoTracking/cargoTracking.xhtml?CARGO_TRACKING_NUMBER_TYPE=CONTAINER&REDIRECT=1&uid=&CARGO_TRACKING_NUMBER=', '2014-11-11 05:48:50', '2014-11-11 05:48:50', NULL),
(13, 'APL', 'APL', 'APL@example.com', '', '', 'http://homeport.apl.com/gentrack/trackingMain.do?trackInput01=', '2014-12-24 13:05:34', '2014-12-24 13:05:34', NULL),
(14, 'MARFRET', '111', 'OOO', '00', '000', 'WW', '2015-03-30 22:33:47', '2015-03-30 22:42:54', '2015-03-30 22:42:54'),
(15, 'MARFRET', 'Marfret', '', '', '', 'http://www.shippingline.org/track/?type=container&line=marfret&container=', '2015-04-01 08:03:12', '2015-04-01 08:03:38', NULL),
(16, 'SHENKER', 'Shenker', '', '', '', 'https://ebusiness.dbschenker.com/SMPNG/pages/pubtrack/trackPublic.seam?trackReqForm=', '2015-04-02 06:17:53', '2015-04-02 06:17:53', NULL),
(17, 'CHINA SHIPPING CONTAINER LINES', '000', '', '', '', 'http://www.cscl.com.cn/english/', '2015-04-10 04:17:47', '2015-04-10 04:24:56', '2015-04-10 04:24:56');

-- --------------------------------------------------------

--
-- Table structure for table `pedidos`
--

CREATE TABLE IF NOT EXISTS `pedidos` (
  `id` int(10) unsigned NOT NULL AUTO_INCREMENT,
  `producto_id` int(10) unsigned NOT NULL,
  `naviera_id` int(10) unsigned DEFAULT NULL,
  `compania_id` int(10) unsigned NOT NULL,
  `estado` enum('ACTIVO','INACTIVO') COLLATE utf8_unicode_ci NOT NULL,
  `numero_reserva` varchar(255) COLLATE utf8_unicode_ci NOT NULL,
  `buque` varchar(255) COLLATE utf8_unicode_ci NOT NULL,
  `num_contrato` varchar(255) COLLATE utf8_unicode_ci NOT NULL,
  `numero_viaje` varchar(255) COLLATE utf8_unicode_ci NOT NULL,
  `fecha_carga` date DEFAULT NULL,
  `fecha_abordaje` date NOT NULL,
  `fecha_entrega` date NOT NULL,
  `tipo` enum('IMPORTE','EXPORTE') COLLATE utf8_unicode_ci NOT NULL,
  `fob` varchar(100) COLLATE utf8_unicode_ci NOT NULL DEFAULT '0',
  `tfob` varchar(100) COLLATE utf8_unicode_ci NOT NULL DEFAULT '0',
  `seguro` varchar(100) COLLATE utf8_unicode_ci NOT NULL DEFAULT '0',
  `p_arancel` varchar(100) COLLATE utf8_unicode_ci NOT NULL DEFAULT '0',
  `arancel` varchar(100) COLLATE utf8_unicode_ci NOT NULL DEFAULT '0',
  `iva` varchar(100) COLLATE utf8_unicode_ci NOT NULL DEFAULT '0',
  `flete` varchar(100) COLLATE utf8_unicode_ci NOT NULL DEFAULT '0',
  `cif` varchar(100) COLLATE utf8_unicode_ci NOT NULL DEFAULT '0',
  `cantidad_producto` varchar(100) COLLATE utf8_unicode_ci NOT NULL DEFAULT '0',
  `medidas` varchar(100) COLLATE utf8_unicode_ci NOT NULL DEFAULT '0',
  `p_iva` varchar(100) COLLATE utf8_unicode_ci NOT NULL DEFAULT '0',
  `b_iva` varchar(100) COLLATE utf8_unicode_ci NOT NULL DEFAULT '0',
  `gastos` varchar(100) COLLATE utf8_unicode_ci NOT NULL DEFAULT '0',
  `thc` varchar(100) COLLATE utf8_unicode_ci NOT NULL DEFAULT '0',
  `gthc` varchar(50) COLLATE utf8_unicode_ci DEFAULT '0',
  `v_dolar` varchar(100) COLLATE utf8_unicode_ci NOT NULL DEFAULT '0',
  `costo_producto` varchar(100) COLLATE utf8_unicode_ci NOT NULL DEFAULT '0',
  `created_at` timestamp NOT NULL DEFAULT '0000-00-00 00:00:00',
  `updated_at` timestamp NOT NULL DEFAULT '0000-00-00 00:00:00',
  `deleted_at` timestamp NULL DEFAULT NULL,
  `p_destino` varchar(255) COLLATE utf8_unicode_ci DEFAULT NULL,
  PRIMARY KEY (`id`),
  KEY `pedidos_producto_id_foreign` (`producto_id`),
  KEY `pedidos_naviera_id_foreign` (`naviera_id`),
  KEY `pedidos_compania_id_foreign` (`compania_id`)
) ENGINE=MyISAM  DEFAULT CHARSET=utf8 COLLATE=utf8_unicode_ci AUTO_INCREMENT=167 ;

--
-- Dumping data for table `pedidos`
--

INSERT INTO `pedidos` (`id`, `producto_id`, `naviera_id`, `compania_id`, `estado`, `numero_reserva`, `buque`, `num_contrato`, `numero_viaje`, `fecha_carga`, `fecha_abordaje`, `fecha_entrega`, `tipo`, `fob`, `tfob`, `seguro`, `p_arancel`, `arancel`, `iva`, `flete`, `cif`, `cantidad_producto`, `medidas`, `p_iva`, `b_iva`, `gastos`, `thc`, `gthc`, `v_dolar`, `costo_producto`, `created_at`, `updated_at`, `deleted_at`, `p_destino`) VALUES
(163, 25, 1, 39, 'ACTIVO', '5BOGNC0591', 'SAN ALESSIO', '', '040S ', '2015-05-18', '0000-00-00', '0000-00-00', 'EXPORTE', '0', '0', '0', '0', '0', '0', '0', '0', '0', '0', '0', '0', '0', '0', '0', '0', '0', '0000-00-00 00:00:00', '2015-05-21 06:18:15', '2015-05-21 06:18:15', NULL),
(162, 25, 1, 39, 'ACTIVO', '5BOGNC0591', 'SAN ALESSIO', '', ' 040S', '2015-05-18', '0000-00-00', '0000-00-00', 'EXPORTE', '0', '0', '0', '0', '0', '0', '0', '0', '0', '0', '0', '0', '0', '0', '0', '0', '0', '0000-00-00 00:00:00', '2015-05-21 06:10:54', NULL, NULL),
(158, 23, 0, 32, 'ACTIVO', '', '', 'PEDIDO N°29', '', '0000-00-00', '0000-00-00', '0000-00-00', 'IMPORTE', '0', '0', '0', '0', '0', '0', '0', '0', '0', '0', '0', '0', '0', '0', '0', '0', '0', '0000-00-00 00:00:00', '2015-05-19 23:39:50', NULL, NULL),
(157, 25, 1, 30, 'ACTIVO', '5BOGNC0640', 'FOUMA ', '', '992S', '2015-05-11', '0000-00-00', '0000-00-00', 'EXPORTE', '0', '0', '0', '0', '0', '0', '0', '0', '0', '0', '0', '0', '0', '0', '0', '0', '0', '0000-00-00 00:00:00', '2015-05-11 23:17:58', NULL, NULL),
(156, 42, 3, 32, 'ACTIVO', '', '', 'FCPIN150417', '', '0000-00-00', '0000-00-00', '0000-00-00', 'IMPORTE', '0', '0', '0', '0', '0', '0', '0', '0', '0', '0', '0', '0', '0', '0', '0', '0', '0', '0000-00-00 00:00:00', '2015-05-13 22:26:59', NULL, NULL),
(155, 45, 3, 32, 'ACTIVO', '', '', 'CG 931', '', '0000-00-00', '0000-00-00', '0000-00-00', 'EXPORTE', '0', '0', '0', '0', '0', '0', '0', '0', '0', '0', '0', '0', '0', '0', '0', '0', '0', '0000-00-00 00:00:00', '2015-04-18 00:36:20', NULL, NULL),
(154, 45, 3, 17, 'INACTIVO', '', '', 'CG930', '', '0000-00-00', '0000-00-00', '0000-00-00', 'IMPORTE', '0', '0', '0', '0', '0', '0', '0', '0', '0', '0', '0', '0', '0', '0', '0', '0', '0', '0000-00-00 00:00:00', '2015-05-19 22:17:11', NULL, NULL),
(151, 43, 13, 17, 'INACTIVO', '', '', '0000039-A', '', '0000-00-00', '0000-00-00', '0000-00-00', 'IMPORTE', '0', '0', '0', '0', '0', '0', '0', '0', '0', '0', '0', '0', '0', '0', '0', '0', '0', '0000-00-00 00:00:00', '2015-05-11 23:32:57', NULL, NULL),
(152, 43, 13, 17, 'INACTIVO', '', 'CHOPIN', '0000039B', '', '0000-00-00', '0000-00-00', '0000-00-00', 'IMPORTE', '0', '0', '0', '0', '0', '0', '0', '0', '0', '0', '0', '0', '0', '0', '0', '0', '0', '0000-00-00 00:00:00', '2015-04-28 22:57:54', NULL, NULL),
(153, 44, 1, 17, 'ACTIVO', '', '', 'S10540346', '', '0000-00-00', '0000-00-00', '0000-00-00', 'IMPORTE', '0', '0', '0', '0', '0', '0', '0', '0', '0', '0', '0', '0', '0', '0', '0', '0', '0', '0000-00-00 00:00:00', '2015-04-15 05:44:31', NULL, NULL),
(149, 21, 1, 17, 'INACTIVO', '', '', 'PI_FCPME150319B', '', '0000-00-00', '0000-00-00', '0000-00-00', 'IMPORTE', '0', '0', '0', '0', '0', '0', '0', '0', '0', '0', '0', '0', '0', '0', '0', '0', '0', '0000-00-00 00:00:00', '2015-05-11 23:30:47', NULL, NULL),
(150, 45, 16, 17, 'INACTIVO', '', 'AUSTRAL ', '01022015-COL', '1504', '0000-00-00', '0000-00-00', '0000-00-00', 'IMPORTE', '0', '0', '0', '0', '0', '0', '0', '0', '0', '0', '0', '0', '0', '0', '0', '0', '0', '0000-00-00 00:00:00', '2015-05-11 23:38:38', NULL, NULL),
(148, 25, 15, 40, 'ACTIVO', 'COCTGGCO1500419 ', 'MV. CHASER ', '', 'V-184N', '2015-03-30', '2015-03-31', '0000-00-00', 'EXPORTE', '0', '0', '0', '0', '0', '0', '0', '0', '0', '0', '0', '0', '0', '0', '0', '0', '0', '0000-00-00 00:00:00', '2015-04-02 00:01:36', NULL, NULL),
(146, 42, 1, 17, 'ACTIVO', '', '', 'PI_FCPME150409B', '', '0000-00-00', '0000-00-00', '0000-00-00', 'IMPORTE', '0', '0', '0', '0', '0', '0', '0', '0', '0', 'KILOGRAMOS', '0', '0', '0', '0', '0', '0', '0', '0000-00-00 00:00:00', '2015-06-01 18:56:46', NULL, NULL),
(147, 42, 0, 17, 'ACTIVO', '', '', 'PI_FCPME150409C', '', '0000-00-00', '0000-00-00', '0000-00-00', 'IMPORTE', '0', '0', '0', '0', '0', '0', '0', '0', '0', '0', '0', '0', '0', '0', '0', '0', '0', '0000-00-00 00:00:00', '2015-04-04 23:45:43', NULL, NULL),
(145, 42, 3, 17, 'ACTIVO', '', '', 'PI_FCPME150402C', '', '0000-00-00', '0000-00-00', '0000-00-00', 'IMPORTE', '0', '0', '0', '0', '0', '0', '0', '0', '0', '0', '0', '0', '0', '0', '0', '0', '0', '0000-00-00 00:00:00', '2015-04-30 00:17:36', NULL, NULL),
(144, 42, 3, 17, 'ACTIVO', '', '', 'PI_FCPME150402B', '', '0000-00-00', '0000-00-00', '0000-00-00', 'IMPORTE', '0', '0', '0', '0', '0', '0', '0', '0', '0', '0', '0', '0', '0', '0', '0', '0', '0', '0000-00-00 00:00:00', '2015-04-30 00:50:49', NULL, NULL),
(143, 45, 0, 32, 'ACTIVO', '', '', '18022015‐1', '', '0000-00-00', '0000-00-00', '0000-00-00', 'IMPORTE', '0', '0', '0', '0', '0', '0', '0', '0', '0', '0', '0', '0', '0', '0', '0', '0', '0', '0000-00-00 00:00:00', '2015-04-19 01:55:23', '2015-04-19 01:55:23', NULL),
(142, 33, 0, 32, 'INACTIVO', '', '', 'BWI20399', '', '0000-00-00', '0000-00-00', '0000-00-00', '', '0', '0', '0', '0', '0', '0', '0', '0', '0', '0', '0', '0', '0', '0', '0', '0', '0', '0000-00-00 00:00:00', '2015-05-16 23:25:10', NULL, NULL),
(141, 33, 0, 32, 'INACTIVO', '', '', 'BWI20404', '', '0000-00-00', '0000-00-00', '0000-00-00', '', '0', '0', '0', '0', '0', '0', '0', '0', '0', '0', '0', '0', '0', '0', '0', '0', '0', '0000-00-00 00:00:00', '2015-04-19 01:57:18', NULL, NULL),
(139, 44, 5, 32, 'INACTIVO', '', 'SANTA RICARDA', 'S10540233', '08E 16', '0000-00-00', '0000-00-00', '0000-00-00', 'IMPORTE', '0', '0', '0', '0', '0', '0', '0', '0', '0', '0', '0', '0', '0', '0', '0', '0', '0', '0000-00-00 00:00:00', '2015-05-22 02:11:42', NULL, NULL),
(140, 44, 0, 32, 'ACTIVO', '', '', 'S10540295', '', '0000-00-00', '0000-00-00', '0000-00-00', 'EXPORTE', '0', '0', '0', '0', '0', '0', '0', '0', '0', '0', '0', '0', '0', '0', '0', '0', '0', '0000-00-00 00:00:00', '2015-04-15 05:27:40', NULL, NULL),
(138, 17, 0, 17, 'ACTIVO', '', '', 'S10540186B', '', '2030-11-01', '2030-11-01', '2030-11-01', 'IMPORTE', '0', '0', '0', '0', '0', '0', '0', '0', '0', '0', '0', '0', '0', '0', '0', '0', '0', '0000-00-00 00:00:00', '2015-03-18 02:16:39', NULL, NULL),
(136, 26, 5, 17, 'INACTIVO', '', '', 'S10540185A', '', '0000-00-00', '0000-00-00', '0000-00-00', 'IMPORTE', '0', '0', '0', '0', '0', '0', '0', '0', '0', '0', '0', '0', '0', '0', '0', '0', '0', '0000-00-00 00:00:00', '2015-04-21 00:22:37', NULL, NULL),
(137, 26, 0, 17, 'ACTIVO', '', '', 'S10540185B', '', '0000-00-00', '0000-00-00', '0000-00-00', 'IMPORTE', '0', '0', '0', '0', '0', '0', '0', '0', '0', '0', '0', '0', '0', '0', '0', '0', '0', '0000-00-00 00:00:00', '2015-03-18 02:23:52', NULL, NULL),
(135, 44, 0, 17, 'ACTIVO', '', '', 'S10540186A', '', '0000-00-00', '0000-00-00', '0000-00-00', '', '0', '0', '0', '0', '0', '0', '0', '0', '0', '0', '0', '0', '0', '0', '0', '0', '0', '0000-00-00 00:00:00', '2015-03-17 06:31:42', NULL, NULL),
(134, 44, 0, 17, 'ACTIVO', '', '', 'S10540186B', '', '0000-00-00', '0000-00-00', '0000-00-00', '', '0', '0', '0', '0', '0', '0', '0', '0', '0', '0', '0', '0', '0', '0', '0', '0', '0', '0000-00-00 00:00:00', '2015-03-18 02:15:04', '2015-03-18 02:15:04', NULL),
(132, 44, 1, 17, 'ACTIVO', '5YVRMP0317', 'SEASPAN HAMBURG', 'S10540229A', '508E', '0000-00-00', '0000-00-00', '0000-00-00', 'IMPORTE', '0', '0', '0', '0', '0', '0', '0', '0', '0', '0', '0', '0', '0', '0', '0', '0', '0', '0000-00-00 00:00:00', '2015-04-30 22:11:31', NULL, NULL),
(133, 44, 5, 17, 'ACTIVO', '', '', 'S10540229B', '', '0000-00-00', '0000-00-00', '0000-00-00', 'IMPORTE', '0', '0', '0', '0', '0', '0', '0', '0', '0', '0', '0', '0', '0', '0', '0', '0', '0', '0000-00-00 00:00:00', '2015-05-17 00:27:56', NULL, NULL),
(125, 21, 1, 17, 'INACTIVO', '', '', '150319C', '', '2015-03-19', '0000-00-00', '0000-00-00', 'IMPORTE', '0', '0', '0', '0', '0', '0', '0', '0', '0', '0', '0', '0', '0', '0', '0', '0', '0', '0000-00-00 00:00:00', '2015-04-28 22:54:53', NULL, NULL),
(126, 21, 1, 17, 'INACTIVO', '', '', '150329C', '', '2015-03-29', '0000-00-00', '0000-00-00', 'IMPORTE', '0', '0', '0', '0', '0', '0', '0', '0', '0', '0', '0', '0', '0', '0', '0', '0', '0', '0000-00-00 00:00:00', '2015-04-28 22:55:07', NULL, NULL),
(127, 25, 2, 38, 'INACTIVO', 'BQA4446', 'CFS  PAGOLA', '', '69E', '2015-02-10', '0000-00-00', '0000-00-00', 'EXPORTE', '0', '0', '0', '0', '0', '0', '0', '0', '0', '0', '0', '0', '0', '0', '0', '0', '0', '0000-00-00 00:00:00', '2015-04-28 22:58:34', NULL, NULL),
(128, 25, 1, 39, 'INACTIVO', '5BOGNC0217', 'FOUMA ', '', ' 037S', '2015-03-03', '2015-03-04', '0000-00-00', 'EXPORTE', '0', '0', '0', '0', '0', '0', '0', '0', '0', '0', '0', '0', '0', '0', '0', '0', '0', '0000-00-00 00:00:00', '2015-04-21 01:07:12', NULL, NULL),
(129, 25, 2, 38, 'ACTIVO', 'BQA4531', 'PAGOLA', '', ' V 075', '2015-03-20', '2015-03-21', '0000-00-00', 'EXPORTE', '0', '0', '0', '0', '0', '0', '0', '0', '0', '0', '0', '0', '0', '0', '0', '0', '0', '0000-00-00 00:00:00', '2015-03-26 06:30:52', '2015-03-26 06:30:52', NULL),
(130, 44, 1, 17, 'ACTIVO', '', 'SEASPAN HAMBURG', 'S10540228A ', ' 07E17', '0000-00-00', '0000-00-00', '0000-00-00', 'IMPORTE', '0', '0', '0', '0', '0', '0', '0', '0', '0', '0', '0', '0', '0', '0', '0', '0', '0', '0000-00-00 00:00:00', '2015-05-01 05:28:22', NULL, NULL),
(131, 44, 5, 17, 'ACTIVO', '', '', 'S10540228B ', '', '0000-00-00', '0000-00-00', '0000-00-00', 'IMPORTE', '0', '0', '0', '0', '0', '0', '0', '0', '0', '0', '0', '0', '0', '0', '0', '0', '0', '0000-00-00 00:00:00', '2015-05-01 05:50:08', NULL, NULL),
(124, 21, 1, 17, 'INACTIVO', '', '', '150216C', '', '2015-03-10', '0000-00-00', '0000-00-00', 'IMPORTE', '0', '0', '0', '0', '0', '0', '0', '0', '0', '0', '0', '0', '0', '0', '0', '0', '0', '0000-00-00 00:00:00', '2015-04-30 01:19:59', NULL, NULL),
(122, 42, 1, 17, 'INACTIVO', '', '', '150329B', '', '2015-03-29', '0000-00-00', '0000-00-00', 'IMPORTE', '0', '0', '0', '0', '0', '0', '0', '0', '0', '0', '0', '0', '0', '0', '0', '0', '0', '0000-00-00 00:00:00', '2015-05-11 23:30:39', NULL, NULL),
(123, 42, 1, 17, 'INACTIVO', '', '', '150209C', '', '2015-03-02', '0000-00-00', '0000-00-00', 'IMPORTE', '0', '0', '0', '0', '0', '0', '0', '0', '0', '0', '0', '0', '0', '0', '0', '0', '0', '0000-00-00 00:00:00', '2015-04-30 01:20:11', NULL, NULL),
(121, 21, 1, 17, 'ACTIVO', '', '', '150319B', '', '2015-03-19', '0000-00-00', '0000-00-00', 'IMPORTE', '0', '0', '0', '0', '0', '0', '0', '0', '0', '0', '0', '0', '0', '0', '0', '0', '0', '0000-00-00 00:00:00', '2015-04-07 06:19:09', '2015-04-07 06:19:09', NULL),
(120, 21, 1, 17, 'INACTIVO', '', '', '150216B', '', '2015-03-10', '0000-00-00', '0000-00-00', 'IMPORTE', '0', '0', '0', '0', '0', '0', '0', '0', '0', '0', '0', '0', '0', '0', '0', '0', '0', '0000-00-00 00:00:00', '2015-04-30 01:19:37', NULL, NULL),
(119, 42, 1, 17, 'INACTIVO', '', '', '150209B', '', '2015-03-02', '0000-00-00', '0000-00-00', 'IMPORTE', '0', '0', '0', '0', '0', '0', '0', '0', '0', '0', '0', '0', '0', '0', '0', '0', '0', '0000-00-00 00:00:00', '2015-05-01 04:34:31', NULL, NULL),
(117, 25, 1, 30, 'INACTIVO', '5BOGZQ0104', 'X-PRESS TAJUMULCO', '', '176', '2015-02-05', '0000-00-00', '0000-00-00', 'EXPORTE', '0', '0', '0', '0', '0', '0', '0', '0', '0', '0', '0', '0', '0', '0', '0', '0', '0', '0000-00-00 00:00:00', '2015-04-21 01:06:31', NULL, NULL),
(118, 21, 1, 17, 'ACTIVO', '', '', '150209B', '', '2015-03-02', '0000-00-00', '0000-00-00', 'IMPORTE', '0', '0', '0', '0', '0', '0', '0', '0', '0', '0', '0', '0', '0', '0', '0', '0', '0', '0000-00-00 00:00:00', '2015-02-19 00:55:55', '2015-02-19 00:55:55', NULL),
(116, 44, 1, 17, 'INACTIVO', '4YVRMP2142', 'RIO DE JANEIRO EXPRESS', 'S10540136', '501E', '0000-00-00', '2015-02-14', '2015-03-19', 'IMPORTE', '0', '0', '0', '0', '0', '0', '0', '0', '0', '0', '0', '0', '0', '0', '0', '0', '0', '0000-00-00 00:00:00', '2015-04-07 01:30:10', NULL, NULL),
(114, 25, 1, 30, 'INACTIVO', '5BOGZQ0175', 'HEINRICH SIBUM', '', '177S', '2015-02-12', '0000-00-00', '0000-00-00', 'EXPORTE', '0', '0', '0', '0', '0', '0', '0', '0', '0', '0', '0', '0', '0', '0', '0', '0', '0', '0000-00-00 00:00:00', '2015-04-07 22:28:11', NULL, NULL),
(115, 44, 5, 17, 'INACTIVO', '17916909', 'HS COLON', 'S10540135', '06E07', '0000-00-00', '2015-02-07', '2015-02-02', 'IMPORTE', '0', '0', '0', '0', '0', '0', '0', '0', '0', '0', '0', '0', '0', '0', '0', '0', '0', '0000-00-00 00:00:00', '2015-03-26 02:23:45', NULL, NULL),
(113, 42, 3, 17, 'INACTIVO', 'EVSTSTAO14120039', 'ALCAZARP', 'PI_FCPME150104B', 'B33E', '0000-00-00', '2015-01-12', '0000-00-00', 'IMPORTE', '0', '0', '0', '0', '0', '0', '0', '0', '0', '0', '0', '0', '0', '0', '0', '0', '0', '0000-00-00 00:00:00', '2015-03-25 05:01:14', NULL, NULL),
(111, 25, 1, 30, 'ACTIVO', '', 'X-PRESS TAJUMULCO ', '', '176', '2015-02-05', '0000-00-00', '0000-00-00', 'EXPORTE', '0', '0', '0', '0', '0', '0', '0', '0', '0', '0', '0', '0', '0', '0', '0', '0', '0', '0000-00-00 00:00:00', '2015-02-19 00:36:35', '2015-02-19 00:36:35', NULL),
(112, 25, 2, 28, 'ACTIVO', 'BQA4446', 'CFS PAGOLA ', '', '69 E', '2015-02-09', '0000-00-00', '0000-00-00', 'EXPORTE', '0', '0', '0', '0', '0', '0', '0', '0', '0', '0', '0', '0', '0', '0', '0', '0', '0', '0000-00-00 00:00:00', '2015-02-11 00:19:15', '2015-02-11 00:19:15', NULL),
(110, 25, 1, 30, 'ACTIVO', '', 'X-PRESS TAJUMULCO ', '', '176', '2015-02-05', '0000-00-00', '0000-00-00', 'EXPORTE', '0', '0', '0', '0', '0', '0', '0', '0', '0', '0', '0', '0', '0', '0', '0', '0', '0', '0000-00-00 00:00:00', '2015-02-07 05:36:46', '2015-02-07 05:36:46', NULL),
(109, 17, 1, 17, 'INACTIVO', '5YVRMP0043', 'HS COLON', 'S10540134B', '452E', '0000-00-00', '2015-02-07', '0000-00-00', 'IMPORTE', '0', '0', '0', '0', '0', '0', '0', '0', '0', '0', '0', '0', '0', '0', '0', '0', '0', '0000-00-00 00:00:00', '2015-04-07 01:31:15', NULL, NULL),
(108, 42, 1, 17, 'INACTIVO', '', 'CSCL ASIA', 'PI_FCPME150126B BAQ PRIOR 1783-15', '1506W', '0000-00-00', '2015-01-26', '0000-00-00', 'IMPORTE', '0', '0', '0', '0', '0', '0', '0', '0', '0', '0', '0', '0', '0', '0', '0', '0', '0', '0000-00-00 00:00:00', '2015-03-25 05:33:19', NULL, NULL),
(107, 42, 3, 17, 'INACTIVO', 'QDST102247 ', '', 'JAN 26 PI_FCPME150126C CARTAGENA', '', '0000-00-00', '0000-00-00', '0000-00-00', 'IMPORTE', '0', '0', '0', '0', '0', '0', '0', '0', '0', '0', '0', '0', '0', '0', '0', '0', '0', '0000-00-00 00:00:00', '2015-03-16 22:19:22', NULL, NULL),
(102, 42, 3, 17, 'INACTIVO', '', 'EIFFEL', 'FCPME141211A', 'PPB29E', '0000-00-00', '0000-00-00', '2015-02-01', 'EXPORTE', '0', '0', '0', '0', '0', '0', '0', '0', '0', '0', '0', '0', '0', '0', '0', '0', '0', '0000-00-00 00:00:00', '2015-03-09 22:20:52', NULL, NULL),
(105, 25, 1, 30, 'INACTIVO', '', 'FOUMA', '', '035 S', '0000-00-00', '2015-01-21', '0000-00-00', 'EXPORTE', '0', '0', '0', '0', '0', '0', '0', '0', '0', '0', '0', '0', '0', '0', '0', '0', '0', '0000-00-00 00:00:00', '2015-04-07 22:27:49', NULL, NULL),
(106, 42, 3, 17, 'INACTIVO', '', 'ALCAZARP', 'FCPME141211B', '33E', '0000-00-00', '2015-01-12', '0000-00-00', 'IMPORTE', '0', '0', '0', '0', '0', '0', '0', '0', '0', '0', '0', '0', '0', '0', '0', '0', '0', '0000-00-00 00:00:00', '2015-03-09 22:23:26', NULL, NULL),
(104, 25, 1, 30, 'INACTIVO', '', 'ALGOL ', '', '130 S', '0000-00-00', '2015-01-21', '0000-00-00', 'EXPORTE', '0', '0', '0', '0', '0', '0', '0', '0', '0', '0', '0', '0', '0', '0', '0', '0', '0', '0000-00-00 00:00:00', '2015-03-17 00:23:16', NULL, NULL),
(103, 17, 1, 17, 'INACTIVO', 'SUDU240041467006 - 4YVRMP2141', 'SANTA RIDCARDA', 'S10540134A', '449E', '2015-01-12', '2015-01-12', '2015-02-10', 'IMPORTE', '0', '0', '0', '0', '0', '0', '0', '0', '0', '0', '0', '0', '0', '0', '0', '0', '0', '0000-00-00 00:00:00', '2015-03-16 22:18:16', NULL, NULL),
(101, 37, 3, 32, 'INACTIVO', '', 'RHL FIDELITAS', 'YZM201410011', 'PPB53 E', '0000-00-00', '0000-00-00', '0000-00-00', 'IMPORTE', '0', '0', '0', '0', '0', '0', '0', '0', '0', '0', '0', '0', '0', '0', '0', '0', '0', '0000-00-00 00:00:00', '2015-05-16 23:24:45', NULL, NULL),
(100, 43, 13, 17, 'INACTIVO', '', 'CMA-CGM AMERICA', '0023', 'V. WV614N ', '2015-01-02', '0000-00-00', '2015-01-13', 'IMPORTE', '0', '0', '0', '0', '0', '0', '0', '0', '0', '0', '0', '0', '0', '0', '0', '0', '0', '0000-00-00 00:00:00', '2015-04-20 23:58:28', NULL, NULL),
(99, 17, 5, 17, 'INACTIVO', '', 'SEASPAN HAMBURG ', 'S10540133', '06E02', '2014-12-31', '2015-01-04', '2015-01-22', 'IMPORTE', '0', '0', '0', '0', '0', '0', '0', '0', '0', '0', '0', '0', '0', '0', '0', '0', '0', '0000-00-00 00:00:00', '2015-03-09 22:58:54', NULL, NULL),
(97, 27, 5, 17, 'ACTIVO', '', 'SANTA RAFAELA', 'S50140007', '06E49', '0000-00-00', '0000-00-00', '0000-00-00', 'IMPORTE', '0', '0', '0', '0', '0', '0', '0', '0', '0', '0', '0', '0', '0', '0', '0', '0', '0', '0000-00-00 00:00:00', '2014-12-25 03:35:46', '2014-12-25 03:35:46', NULL),
(98, 43, 13, 17, 'INACTIVO', '', 'HANSA ASIA', '0023', 'WV612N', '0000-00-00', '2014-12-27', '0000-00-00', 'IMPORTE', '0', '0', '0', '0', '0', '0', '0', '0', '0', '0', '0', '0', '0', '0', '0', '0', '0', '0000-00-00 00:00:00', '2015-01-08 12:42:43', NULL, NULL),
(94, 25, 2, 36, 'INACTIVO', 'BQA4263', 'CFS PAGOLA', 'CI0372', '61E', '2014-12-17', '2014-12-21', '0000-00-00', 'EXPORTE', '0', '0', '0', '0', '0', '0', '0', '0', '0', '0', '0', '0', '0', '0', '0', '0', '0', '0000-00-00 00:00:00', '2015-03-17 00:16:50', NULL, NULL),
(95, 27, 5, 17, 'INACTIVO', '', 'SANTA RAFAELA', 'S50140007', '06E49', '0000-00-00', '2014-12-08', '0000-00-00', 'IMPORTE', '0', '0', '0', '0', '0', '0', '0', '0', '0', '0', '0', '0', '0', '0', '0', '0', '0', '0000-00-00 00:00:00', '2015-04-07 01:27:45', NULL, NULL),
(96, 25, 1, 37, 'INACTIVO', '', 'X- PRESS TAJAMULCO', '', '169S', '0000-00-00', '0000-00-00', '0000-00-00', 'EXPORTE', '0', '0', '0', '0', '0', '0', '0', '0', '0', '0', '0', '0', '0', '0', '0', '0', '0', '0000-00-00 00:00:00', '2015-03-17 00:22:51', NULL, NULL),
(93, 25, 2, 35, 'INACTIVO', '', 'CFS PAGOLA', 'INVCI0374', '61E', '2014-12-17', '0000-00-00', '0000-00-00', 'EXPORTE', '0', '0', '0', '0', '0', '0', '0', '0', '0', '0', '0', '0', '0', '0', '0', '0', '0', '0000-00-00 00:00:00', '2015-03-17 00:16:30', NULL, NULL),
(92, 42, 3, 17, 'INACTIVO', '', '', 'PI_FCPME141211C', '', '0000-00-00', '0000-00-00', '0000-00-00', '', '0', '0', '0', '0', '0', '0', '0', '0', '0', '0', '0', '0', '0', '0', '0', '0', '0', '0000-00-00 00:00:00', '2015-01-28 23:29:15', NULL, NULL),
(91, 42, 3, 17, 'INACTIVO', '', '', 'PI_FCPME141211B', '', '0000-00-00', '0000-00-00', '0000-00-00', 'IMPORTE', '0', '0', '0', '0', '0', '0', '0', '0', '0', '0', '0', '0', '0', '0', '0', '0', '0', '0000-00-00 00:00:00', '2015-01-28 23:28:54', NULL, NULL),
(89, 23, 8, 17, 'INACTIVO', '141200172GYE', 'CHOPIN', 'PEDIDO 22', 'V/WV610N', '2014-12-16', '2014-12-16', '2014-12-22', 'IMPORTE', '0', '0', '0', '0', '0', '0', '0', '0', '0', '0', '0', '0', '0', '0', '0', '0', '0', '0000-00-00 00:00:00', '2015-04-20 23:59:08', NULL, NULL),
(90, 42, 3, 17, 'INACTIVO', '', 'CMA CGM EIFFEL', 'PI_FCPME141211A', 'PPB29E', '0000-00-00', '0000-00-00', '0000-00-00', 'IMPORTE', '0', '0', '0', '0', '0', '0', '0', '0', '0', '0', '0', '0', '0', '0', '0', '0', '0', '0000-00-00 00:00:00', '2015-01-08 12:59:42', NULL, NULL),
(88, 24, 3, 17, 'INACTIVO', 'AR1342868', 'NORTHERN DEDICATION', 'PL 843', 'GBA42N', '2014-11-27', '0000-00-00', '2014-11-27', 'IMPORTE', '0', '0', '0', '0', '0', '0', '0', '0', '0', '0', '0', '0', '0', '0', '0', '0', '0', '0000-00-00 00:00:00', '2015-04-07 01:33:27', NULL, NULL),
(87, 41, 5, 17, 'INACTIVO', '', 'LIVERPOOL EXPRESS', '057', '4146N', '0000-00-00', '0000-00-00', '0000-00-00', 'IMPORTE', '0', '0', '0', '0', '0', '0', '0', '0', '0', '0', '0', '0', '0', '0', '0', '0', '0', '0000-00-00 00:00:00', '2015-04-21 00:21:49', NULL, NULL),
(85, 23, 8, 32, 'INACTIVO', '', 'CELINA STAR', '', 'V. WV602N', '0000-00-00', '2014-11-21', '0000-00-00', 'IMPORTE', '0', '0', '0', '0', '0', '0', '0', '0', '0', '0', '0', '0', '0', '0', '0', '0', '0', '0000-00-00 00:00:00', '2014-12-24 08:26:56', NULL, NULL),
(86, 28, 13, 17, 'INACTIVO', '', 'Cristina Star ', '1063', 'V. 005', '0000-00-00', '0000-00-00', '0000-00-00', 'IMPORTE', '0', '0', '0', '0', '0', '0', '0', '0', '0', '0', '0', '0', '0', '0', '0', '0', '0', '0000-00-00 00:00:00', '2015-04-21 00:21:57', NULL, NULL),
(82, 23, 8, 17, 'INACTIVO', '', 'CAP TALBOT', '307', 'WV600N', '0000-00-00', '2014-11-13', '0000-00-00', 'IMPORTE', '0', '0', '0', '0', '0', '0', '0', '0', '0', '0', '0', '0', '0', '0', '0', '0', '0', '0000-00-00 00:00:00', '2014-12-17 11:03:44', NULL, NULL),
(83, 28, 8, 29, 'INACTIVO', '901066487', '', '3831', '', '0000-00-00', '0000-00-00', '0000-00-00', 'IMPORTE', '0', '0', '0', '0', '0', '0', '0', '0', '0', '0', '0', '0', '0', '0', '0', '0', '0', '0000-00-00 00:00:00', '2014-12-17 10:36:14', NULL, NULL),
(84, 40, 3, 33, 'INACTIVO', '', '', 'COL 001', '', '0000-00-00', '0000-00-00', '0000-00-00', 'IMPORTE', '0', '0', '0', '0', '0', '0', '0', '0', '0', '0', '0', '0', '0', '0', '0', '0', '0', '0000-00-00 00:00:00', '2015-03-26 06:31:17', NULL, NULL),
(80, 23, 8, 32, 'ACTIVO', '', '', '14-07-2014', '', '0000-00-00', '0000-00-00', '0000-00-00', '', '0', '0', '0', '0', '0', '0', '0', '0', '0', '0', '0', '0', '0', '0', '0', '0', '0', '0000-00-00 00:00:00', '2014-11-13 07:06:16', '2014-11-13 07:06:16', NULL),
(81, 20, 5, 32, 'INACTIVO', 'HLCUMTR141122791', 'SANTA RAFAELA', '215565', '06E49', '0000-00-00', '2014-11-30', '0000-00-00', 'IMPORTE', '0', '0', '0', '0', '0', '0', '0', '0', '0', '0', '0', '0', '0', '0', '0', '0', '0', '0000-00-00 00:00:00', '2015-01-13 08:45:17', NULL, NULL),
(78, 34, 1, 32, 'INACTIVO', '', 'CAP DOMINGO', 'BWI19183', '110S', '0000-00-00', '0000-00-00', '0000-00-00', 'IMPORTE', '0', '0', '0', '0', '0', '0', '0', '0', '0', '0', '0', '0', '0', '0', '0', '0', '0', '0000-00-00 00:00:00', '2015-04-07 01:29:00', NULL, NULL),
(79, 37, 3, 32, 'ACTIVO', '', '', 'YZM201410011', '', '0000-00-00', '0000-00-00', '0000-00-00', '', '0', '0', '0', '0', '0', '0', '0', '0', '0', '0', '0', '0', '0', '0', '0', '0', '0', '0000-00-00 00:00:00', '2015-04-10 04:09:00', '2015-04-10 04:09:00', NULL),
(77, 34, 1, 32, 'INACTIVO', '', '', 'BWI19182', '', '0000-00-00', '0000-00-00', '0000-00-00', '', '0', '0', '0', '0', '0', '0', '0', '0', '0', '0', '0', '0', '0', '0', '0', '0', '0', '0000-00-00 00:00:00', '2015-04-19 01:57:53', NULL, NULL),
(76, 33, 1, 32, 'INACTIVO', '4YYAG0784', 'ANTOFAGASTA', 'BWI 19233 - 67935 - D.O1001587', '483S', '0000-00-00', '0000-00-00', '0000-00-00', 'IMPORTE', '0', '0', '0', '0', '0', '0', '0', '0', '0', '0', '0', '0', '0', '0', '0', '0', '0', '0000-00-00 00:00:00', '2015-04-10 04:35:41', NULL, NULL),
(75, 25, 2, 31, 'INACTIVO', 'BQA4030/1', 'CFS PAGOLA', 'CI 0244', '51 E', '0000-00-00', '2014-10-07', '0000-00-00', 'EXPORTE', '0', '0', '0', '0', '0', '0', '0', '0', '0', '0', '0', '0', '0', '0', '0', '0', '0', '0000-00-00 00:00:00', '2014-12-17 11:18:13', NULL, NULL),
(73, 25, 1, 30, 'INACTIVO', '4BOGNC1611', 'CFSPAGOLA', 'CI0323', '057N', '0000-00-00', '0000-00-00', '0000-00-00', 'EXPORTE', '0', '0', '0', '0', '0', '0', '0', '0', '0', '0', '0', '0', '0', '0', '0', '0', '0', '0000-00-00 00:00:00', '2015-02-23 08:42:21', NULL, NULL),
(74, 25, 1, 30, 'ACTIVO', '', '', 'CI0315', '', '0000-00-00', '0000-00-00', '0000-00-00', '', '0', '0', '0', '0', '0', '0', '0', '0', '0', '0', '0', '0', '0', '0', '0', '0', '0', '0000-00-00 00:00:00', '2014-11-18 12:27:04', '2014-11-18 12:27:04', NULL),
(72, 25, 1, 30, 'INACTIVO', '4BOGNC1558', 'CFSPAGOLA', 'CI 0316', '055 N', '0000-00-00', '2014-10-19', '0000-00-00', 'EXPORTE', '0', '0', '0', '0', '0', '0', '0', '0', '0', '0', '0', '0', '0', '0', '0', '0', '0', '0000-00-00 00:00:00', '2014-12-17 11:18:00', NULL, NULL),
(71, 31, 5, 17, 'ACTIVO', '', '', '', '', '0000-00-00', '0000-00-00', '0000-00-00', '', '0', '0', '0', '0', '0', '0', '0', '0', '0', '0', '0', '0', '0', '0', '0', '0', '0', '0000-00-00 00:00:00', '2014-12-28 09:59:10', '2014-12-28 09:59:10', NULL),
(70, 32, 5, 17, 'INACTIVO', '19581652', 'SEASPAN FELIXSTOWE', '215564 - CARGA 17 ENE - LLEGA 5-FEB', 'V. 08E04', '0000-00-00', '0000-00-00', '0000-00-00', 'IMPORTE', '0', '0', '0', '0', '0', '0', '0', '0', '0', '0', '0', '0', '0', '0', '0', '0', '0', '0000-00-00 00:00:00', '2015-03-26 01:43:12', NULL, NULL),
(67, 31, 7, 17, 'INACTIVO', '', 'MSC NORA', 'S70040011 2014-76', 'CC448A', '0000-00-00', '2014-11-26', '0000-00-00', 'IMPORTE', '0', '0', '0', '0', '0', '0', '0', '0', '0', '0', '0', '0', '0', '0', '0', '0', '0', '0000-00-00 00:00:00', '2015-03-31 07:19:14', NULL, NULL),
(66, 29, 8, 29, 'ACTIVO', '', '', '1045', '', '2014-10-27', '0000-00-00', '0000-00-00', 'IMPORTE', '0', '0', '0', '0', '0', '0', '0', '0', '0', '0', '0', '0', '0', '0', '0', '0', '0', '0000-00-00 00:00:00', '2014-11-13 05:41:48', '2014-11-13 05:41:48', NULL),
(64, 28, 8, 17, 'ACTIVO', 'SCL303773', 'APL SHANGHAI', '1035', 'V47', '2014-10-09', '2014-10-12', '2014-10-31', 'IMPORTE', '0', '0', '0', '0', '0', '0', '0', '0', '0', '0', '0', '0', '0', '0', '0', '0', '0', '0000-00-00 00:00:00', '2014-10-14 09:33:14', '2014-10-14 09:33:14', NULL),
(59, 27, 5, 17, 'INACTIVO', '13577849', 'SEASPAN NINGBO', 'S5014005 - D.O.1001589', '06E46', '0000-00-00', '2014-11-08', '2014-10-31', 'IMPORTE', '0', '0', '0', '0', '0', '0', '0', '0', '0', '0', '0', '0', '0', '0', '0', '0', '0', '0000-00-00 00:00:00', '2014-12-17 11:01:27', NULL, NULL),
(65, 28, 8, 29, 'INACTIVO', 'SCL303773', 'APL SHANGHAI', '1035', 'V47', '0000-00-00', '2014-10-12', '2014-10-31', 'EXPORTE', '0', '0', '0', '0', '0', '0', '0', '0', '0', '0', '0', '0', '0', '0', '0', '0', '0', '0000-00-00 00:00:00', '2014-12-17 10:34:59', NULL, NULL),
(60, 27, 5, 17, 'ACTIVO', '12577279', 'SANTA RAFAELA', 'S50140007 – D,O. 1001454 - INVOICE 037741', '06E49', '0000-00-00', '2014-11-15', '2014-11-30', 'IMPORTE', '0', '0', '0', '0', '0', '0', '0', '0', '0', '0', '0', '0', '0', '0', '0', '0', '0', '0000-00-00 00:00:00', '2014-12-25 03:05:35', '2014-12-25 03:05:35', NULL),
(58, 24, 3, 17, 'INACTIVO', 'BUA0176736', 'VILANO', 'PL 842', 'GBA40N', '0000-00-00', '2014-10-20', '0000-00-00', 'IMPORTE', '0', '0', '0', '0', '0', '0', '0', '0', '0', '0', '0', '0', '0', '0', '0', '0', '0', '0000-00-00 00:00:00', '2014-12-17 10:56:37', NULL, NULL),
(57, 17, 5, 17, 'INACTIVO', 'HLCUVAN140910950', 'SEASPAN DALIAN', 'S10540034', '06E41', '0000-00-00', '2014-10-04', '2014-10-21', 'IMPORTE', '0', '0', '0', '0', '0', '0', '0', '0', '0', '0', '0', '0', '0', '0', '0', '0', '0', '0000-00-00 00:00:00', '2014-11-10 11:27:38', NULL, NULL),
(56, 17, 5, 17, 'INACTIVO', '12247944', 'Santa Rafaela', 'S10540063 - D.O.1001570', '06e49', '0000-00-00', '0000-00-00', '0000-00-00', 'IMPORTE', '0', '0', '0', '0', '0', '0', '0', '0', '0', '0', '0', '0', '0', '0', '0', '0', '0', '0000-00-00 00:00:00', '2015-01-13 08:43:17', NULL, NULL),
(54, 21, 3, 17, 'INACTIVO', 'EVSTSTAO14090049', 'HAMMONIA CALABRIA', 'PI_FCPME140922 - DO. 1001588', 'PPB07E', '2014-10-09', '2014-10-13', '2014-11-19', 'IMPORTE', '0', '0', '0', '0', '0', '0', '0', '0', '0', '0', '0', '0', '0', '0', '0', '0', '0', '0000-00-00 00:00:00', '2014-12-01 14:20:08', NULL, NULL),
(50, 25, 2, 27, 'INACTIVO', 'BQA4030', 'CFS PAGOLA ', '', 'V 51 E', '2014-09-28', '2014-10-05', '2014-09-26', 'EXPORTE', '0', '0', '0', '0', '0', '0', '0', '0', '0', '0', '0', '0', '0', '0', '0', '0', '0', '0000-00-00 00:00:00', '2014-11-04 01:24:20', NULL, NULL),
(45, 24, 3, 17, 'INACTIVO', 'AR1341512', 'WIDUKIND', '842/2014 D.O. 901438 ', 'GBA28N', '2014-09-29', '2014-10-08', '2014-11-01', 'IMPORTE', '0', '0', '0', '0', '0', '0', '0', '0', '0', '0', '0', '0', '0', '0', '0', '0', '0', '0000-00-00 00:00:00', '2014-12-03 00:36:53', NULL, NULL),
(44, 22, 8, 17, 'INACTIVO', '', '', 'D.O.901455', '', '0000-00-00', '0000-00-00', '0000-00-00', 'IMPORTE', '0', '0', '0', '0', '0', '0', '0', '0', '0', '0', '0', '0', '0', '0', '0', '0', '0', '0000-00-00 00:00:00', '2014-11-10 00:35:17', NULL, NULL),
(43, 22, 8, 17, 'INACTIVO', '141000128GYE', 'CAP DOUKATO ', '002-002-000000282', 'V. WV590N', '0000-00-00', '0000-00-00', '0000-00-00', 'IMPORTE', '0', '0', '0', '0', '0', '0', '0', '0', '0', '0', '0', '0', '0', '0', '0', '0', '0', '0000-00-00 00:00:00', '2014-10-28 00:14:47', NULL, NULL),
(42, 21, 3, 17, 'INACTIVO', 'QDST101529', '', 'FCPME140905 - D.O.901388', '', '2014-09-29', '2014-09-29', '2014-11-02', 'IMPORTE', '0', '0', '0', '0', '0', '0', '0', '0', '0', '0', '0', '0', '0', '0', '0', '0', '0', '0000-00-00 00:00:00', '2014-11-20 09:37:46', NULL, NULL),
(31, 17, 5, 17, 'INACTIVO', 'hlcuvan140900288', 'SANTA RAFAELA', '', '05E38', '2014-09-13', '2014-09-13', '2014-10-02', 'IMPORTE', '0', '0', '0', '0', '0', '0', '0', '0', '0', '0', '0', '0', '0', '0', '0', '0', '0', '0000-00-00 00:00:00', '2014-10-13 10:04:39', NULL, NULL),
(33, 20, 5, 17, 'INACTIVO', 'HLCUMTR140911817', 'CAP JACKSON', '', '03E39', '2014-09-20', '2014-09-20', '2014-10-10', 'IMPORTE', '0', '0', '0', '0', '0', '0', '0', '0', '0', '0', '0', '0', '0', '0', '0', '0', '0', '0000-00-00 00:00:00', '2014-10-20 12:09:16', NULL, NULL),
(32, 17, 5, 17, 'INACTIVO', 'HLCUVAN140900317', 'SANTA RAFAELA', '', '05E38', '2014-09-13', '2014-09-13', '2014-10-02', 'IMPORTE', '0', '0', '0', '0', '0', '0', '0', '0', '0', '0', '0', '0', '0', '0', '0', '0', '0', '0000-00-00 00:00:00', '2014-10-13 10:04:25', NULL, NULL),
(55, 26, 5, 17, 'ACTIVO', '', '', 'SG 370', '', '0000-00-00', '0000-00-00', '0000-00-00', 'IMPORTE', '0', '0', '0', '0', '0', '0', '0', '0', '0', '0', '0', '0', '0', '0', '0', '0', '0', '2014-12-01 13:16:16', '2014-12-01 13:16:16', '2014-12-01 13:16:16', NULL),
(159, 46, 0, 32, 'ACTIVO', '', '', '0795/THC-RET-PLI', '', '0000-00-00', '0000-00-00', '0000-00-00', 'IMPORTE', '0', '0', '0', '0', '0', '0', '0', '0', '0', '0', '0', '0', '0', '0', '0', '0', '0', '2015-05-19 23:55:33', '2015-05-19 23:55:33', NULL, NULL),
(160, 47, 0, 17, 'ACTIVO', '', '', 'N° 1878-15', '', '0000-00-00', '0000-00-00', '0000-00-00', 'IMPORTE', '0', '0', '0', '0', '0', '0', '0', '0', '0', '0', '0', '0', '0', '0', '0', '0', '0', '0000-00-00 00:00:00', '2015-05-20 00:07:30', NULL, NULL),
(161, 47, 0, 32, 'ACTIVO', '', '', 'N° 1877-15', '', '0000-00-00', '0000-00-00', '0000-00-00', 'IMPORTE', '0', '0', '0', '0', '0', '0', '0', '0', '0', '0', '0', '0', '0', '0', '0', '0', '0', '0000-00-00 00:00:00', '2015-05-20 00:13:43', NULL, NULL),
(164, 29, 2, 41, 'ACTIVO', '002', 'titanic', '001', 'primero y ultimo', NULL, '0000-00-00', '0000-00-00', 'EXPORTE', '0', '0', '0', '0', '0', '0', '0', '0', '0', 'KILOGRAMOS', '0', '0', '0', '0', '0', '0', '400', '2015-06-01 01:16:49', '2015-06-01 01:16:49', NULL, NULL),
(165, 30, 0, 41, 'ACTIVO', '', '', '', '', NULL, '0000-00-00', '0000-00-00', 'EXPORTE', '0', '0', '0', '0', '0', '0', '0', '0', '0', 'KILOGRAMOS', '0', '0', '0', '0', '0', '0', '0', '2015-06-02 16:31:09', '2015-06-02 16:37:35', NULL, NULL),
(166, 27, 1, 41, 'ACTIVO', '002', 'titanic2', '001', '001primerio_y_ultimo', NULL, '2015-06-17', '2015-07-08', 'EXPORTE', '1,130.00', '30,510.00', '0', '15.00', '5,236.50', '0.00', '4,400.00', '34,910.00', '27.00', 'KILOGRAMOS', '0', '4,014.65', '8,600,000.00', '300.00', '9,320,000.00', '2,400.00', '3913762.96', '2015-06-14 06:00:47', '2015-06-22 04:18:00', NULL, 'chiuaua666');

-- --------------------------------------------------------

--
-- Table structure for table `pedidos_containers`
--

CREATE TABLE IF NOT EXISTS `pedidos_containers` (
  `id` int(10) unsigned NOT NULL AUTO_INCREMENT,
  `container_id` int(10) unsigned NOT NULL,
  `pedido_id` int(10) unsigned NOT NULL,
  `created_at` timestamp NOT NULL DEFAULT '0000-00-00 00:00:00',
  `updated_at` timestamp NOT NULL DEFAULT '0000-00-00 00:00:00',
  `deleted_at` timestamp NULL DEFAULT NULL,
  PRIMARY KEY (`id`),
  KEY `pedidos_containers_container_id_foreign` (`container_id`),
  KEY `pedidos_containers_pedido_id_foreign` (`pedido_id`)
) ENGINE=MyISAM  DEFAULT CHARSET=utf8 COLLATE=utf8_unicode_ci AUTO_INCREMENT=950 ;

--
-- Dumping data for table `pedidos_containers`
--

INSERT INTO `pedidos_containers` (`id`, `container_id`, `pedido_id`, `created_at`, `updated_at`, `deleted_at`) VALUES
(285, 66, 45, '2014-11-02 09:00:07', '2014-11-02 09:00:07', NULL),
(290, 69, 42, '2014-11-02 09:02:04', '2014-11-02 09:02:04', NULL),
(191, 67, 50, '2014-10-06 13:29:15', '2014-10-06 13:29:15', NULL),
(189, 66, 49, '2014-10-06 12:50:20', '2014-10-06 12:50:20', NULL),
(186, 66, 47, '2014-10-06 12:08:55', '2014-10-06 12:08:55', NULL),
(185, 66, 46, '2014-10-06 11:09:05', '2014-10-06 11:09:05', NULL),
(289, 68, 42, '2014-11-02 09:02:04', '2014-11-02 09:02:04', NULL),
(177, 66, 41, '2014-10-06 05:44:15', '2014-10-06 05:44:15', NULL),
(15, 13, 6, '2014-09-21 11:42:26', '2014-09-28 08:26:32', '2014-09-28 08:26:32'),
(14, 12, 6, '2014-09-21 11:42:26', '2014-09-28 08:26:32', '2014-09-28 08:26:32'),
(13, 11, 6, '2014-09-21 11:42:26', '2014-09-28 08:26:32', '2014-09-28 08:26:32'),
(176, 66, 40, '2014-10-06 05:43:59', '2014-10-06 05:43:59', NULL),
(175, 66, 39, '2014-10-06 05:38:00', '2014-10-06 05:38:00', NULL),
(284, 81, 45, '2014-11-02 09:00:07', '2014-11-02 09:00:07', NULL),
(288, 88, 44, '2014-11-02 09:01:22', '2014-11-02 09:01:22', NULL),
(204, 73, 43, '2014-10-10 23:56:46', '2014-10-10 23:56:46', NULL),
(164, 11, 32, '2014-09-30 15:42:26', '2014-09-30 15:42:26', NULL),
(163, 12, 32, '2014-09-30 15:42:26', '2014-09-30 15:42:26', NULL),
(162, 13, 32, '2014-09-30 15:42:26', '2014-09-30 15:42:26', NULL),
(187, 66, 48, '2014-10-06 12:11:30', '2014-10-06 12:13:19', '2014-10-06 12:13:19'),
(155, 62, 31, '2014-09-30 15:31:38', '2014-09-30 15:31:38', NULL),
(154, 43, 31, '2014-09-30 15:31:38', '2014-09-30 15:31:38', NULL),
(153, 44, 31, '2014-09-30 15:31:38', '2014-09-30 15:31:38', NULL),
(85, 40, 30, '2014-09-30 06:09:22', '2014-09-30 06:09:22', NULL),
(83, 39, 29, '2014-09-28 03:01:58', '2014-09-28 03:01:58', NULL),
(82, 38, 28, '2014-09-28 02:36:28', '2014-09-28 02:37:59', '2014-09-28 02:37:59'),
(81, 37, 28, '2014-09-28 02:36:28', '2014-09-28 02:37:59', '2014-09-28 02:37:59'),
(80, 36, 28, '2014-09-28 02:36:28', '2014-09-28 02:37:59', '2014-09-28 02:37:59'),
(54, 35, 27, '2014-09-28 00:43:51', '2014-09-28 00:44:38', '2014-09-28 00:44:38'),
(73, 34, 26, '2014-09-28 01:34:47', '2014-09-28 02:38:07', '2014-09-28 02:38:07'),
(224, 64, 33, '2014-10-13 11:21:44', '2014-10-13 11:21:44', NULL),
(223, 65, 33, '2014-10-13 11:21:44', '2014-10-13 11:21:44', NULL),
(203, 72, 43, '2014-10-10 23:56:46', '2014-10-10 23:56:46', NULL),
(202, 66, 43, '2014-10-10 23:56:46', '2014-10-10 23:56:46', NULL),
(211, 66, 51, '2014-10-12 09:36:39', '2014-10-12 09:36:39', NULL),
(212, 66, 52, '2014-10-12 10:54:34', '2014-10-12 10:54:34', NULL),
(215, 66, 53, '2014-10-12 11:07:01', '2014-10-12 11:07:01', NULL),
(323, 66, 54, '2014-11-12 02:37:16', '2014-11-12 02:37:16', NULL),
(219, 66, 55, '2014-10-13 11:01:08', '2014-12-01 13:16:16', '2014-12-01 13:16:16'),
(225, 74, 33, '2014-10-13 11:21:44', '2014-10-13 11:21:44', NULL),
(226, 75, 33, '2014-10-13 11:21:44', '2014-10-13 11:21:44', NULL),
(227, 76, 33, '2014-10-13 11:21:44', '2014-10-13 11:21:44', NULL),
(228, 77, 33, '2014-10-13 11:21:44', '2014-10-13 11:21:44', NULL),
(414, 66, 56, '2014-12-24 07:16:18', '2014-12-24 07:16:18', NULL),
(230, 78, 57, '2014-10-13 11:30:41', '2014-10-13 11:30:41', NULL),
(231, 79, 57, '2014-10-13 11:30:41', '2014-10-13 11:30:41', NULL),
(232, 80, 57, '2014-10-13 11:30:41', '2014-10-13 11:30:41', NULL),
(382, 109, 58, '2014-12-03 23:55:56', '2014-12-03 23:55:56', NULL),
(376, 66, 59, '2014-12-01 13:46:10', '2014-12-01 13:46:10', NULL),
(393, 66, 60, '2014-12-17 10:54:38', '2014-12-25 03:05:35', '2014-12-25 03:05:35'),
(254, 66, 61, '2014-10-14 08:34:57', '2014-10-14 08:34:57', NULL),
(256, 66, 62, '2014-10-14 08:56:14', '2014-10-14 08:56:14', NULL),
(255, 66, 63, '2014-10-14 08:44:47', '2014-10-14 08:44:47', NULL),
(257, 82, 64, '2014-10-14 09:15:46', '2014-10-14 09:33:14', '2014-10-14 09:33:14'),
(317, 83, 65, '2014-11-10 11:26:57', '2014-11-10 11:26:57', NULL),
(318, 66, 66, '2014-11-10 11:28:35', '2014-11-13 05:41:48', '2014-11-13 05:41:48'),
(322, 84, 54, '2014-11-12 02:37:16', '2014-11-12 02:37:16', NULL),
(321, 85, 54, '2014-11-12 02:37:16', '2014-11-12 02:37:16', NULL),
(390, 97, 67, '2014-12-17 10:14:07', '2014-12-17 10:14:07', NULL),
(265, 66, 68, '2014-10-16 12:24:53', '2014-10-16 12:24:53', NULL),
(266, 66, 69, '2014-10-16 12:51:31', '2014-10-16 12:51:31', NULL),
(459, 136, 70, '2015-01-19 07:41:33', '2015-01-19 07:41:33', NULL),
(276, 66, 71, '2014-10-29 23:03:09', '2014-12-28 09:59:10', '2014-12-28 09:59:10'),
(351, 86, 72, '2014-11-27 00:17:04', '2014-11-27 00:17:04', NULL),
(324, 66, 73, '2014-11-12 02:44:49', '2014-11-12 02:44:49', NULL),
(279, 66, 74, '2014-10-31 16:00:17', '2014-11-18 12:27:04', '2014-11-18 12:27:04'),
(280, 67, 75, '2014-10-31 21:14:21', '2014-10-31 21:14:21', NULL),
(287, 87, 44, '2014-11-02 09:01:22', '2014-11-02 09:01:22', NULL),
(286, 66, 44, '2014-11-02 09:01:22', '2014-11-02 09:01:22', NULL),
(309, 89, 76, '2014-11-04 01:09:16', '2014-11-04 01:09:16', NULL),
(300, 66, 77, '2014-11-02 09:27:06', '2014-11-02 09:27:06', NULL),
(384, 66, 78, '2014-12-09 15:19:14', '2014-12-09 15:19:14', NULL),
(302, 66, 79, '2014-11-02 09:35:06', '2015-04-10 04:09:00', '2015-04-10 04:09:00'),
(308, 66, 76, '2014-11-04 01:09:16', '2014-11-04 01:09:16', NULL),
(305, 66, 80, '2014-11-03 23:40:18', '2014-11-13 07:06:16', '2014-11-13 07:06:16'),
(377, 66, 81, '2014-12-01 14:17:50', '2014-12-01 14:17:50', NULL),
(375, 90, 59, '2014-12-01 13:46:10', '2014-12-01 13:46:10', NULL),
(341, 94, 82, '2014-11-15 08:59:09', '2014-11-15 08:59:09', NULL),
(336, 66, 83, '2014-11-13 07:05:21', '2014-11-13 07:05:21', NULL),
(383, 66, 84, '2014-12-04 02:25:07', '2014-12-04 02:25:07', NULL),
(325, 91, 73, '2014-11-12 02:44:49', '2014-11-12 02:44:49', NULL),
(340, 66, 82, '2014-11-15 08:59:09', '2014-11-15 08:59:09', NULL),
(339, 93, 82, '2014-11-15 08:59:09', '2014-11-15 08:59:09', NULL),
(337, 94, 83, '2014-11-13 07:05:21', '2014-11-13 07:05:21', NULL),
(338, 93, 83, '2014-11-13 07:05:21', '2014-11-13 07:05:21', NULL),
(342, 95, 85, '2014-11-18 12:46:36', '2014-11-18 12:46:36', NULL),
(389, 96, 67, '2014-12-17 10:14:07', '2014-12-17 10:14:07', NULL),
(413, 98, 56, '2014-12-24 07:16:18', '2014-12-24 07:16:18', NULL),
(412, 99, 56, '2014-12-24 07:16:18', '2014-12-24 07:16:18', NULL),
(411, 100, 56, '2014-12-24 07:16:18', '2014-12-24 07:16:18', NULL),
(410, 101, 56, '2014-12-24 07:16:18', '2014-12-24 07:16:18', NULL),
(409, 102, 56, '2014-12-24 07:16:18', '2014-12-24 07:16:18', NULL),
(408, 103, 56, '2014-12-24 07:16:18', '2014-12-24 07:16:18', NULL),
(407, 104, 56, '2014-12-24 07:16:18', '2014-12-24 07:16:18', NULL),
(406, 105, 56, '2014-12-24 07:16:18', '2014-12-24 07:16:18', NULL),
(405, 106, 56, '2014-12-24 07:16:18', '2014-12-24 07:16:18', NULL),
(404, 107, 56, '2014-12-24 07:16:18', '2014-12-24 07:16:18', NULL),
(378, 108, 81, '2014-12-01 14:17:50', '2014-12-01 14:17:50', NULL),
(385, 110, 78, '2014-12-09 15:19:14', '2014-12-09 15:19:14', NULL),
(429, 111, 97, '2014-12-25 03:24:02', '2014-12-25 03:35:46', '2014-12-25 03:35:46'),
(416, 66, 87, '2014-12-24 08:10:23', '2014-12-24 08:10:23', NULL),
(394, 111, 60, '2014-12-17 10:54:38', '2014-12-25 03:05:35', '2014-12-25 03:05:35'),
(395, 109, 88, '2014-12-17 11:00:59', '2014-12-17 11:00:59', NULL),
(423, 121, 89, '2014-12-24 12:03:05', '2014-12-24 12:03:05', NULL),
(422, 120, 89, '2014-12-24 12:03:05', '2014-12-24 12:03:05', NULL),
(437, 123, 90, '2014-12-29 12:45:31', '2014-12-29 12:45:31', NULL),
(456, 66, 91, '2015-01-18 00:36:05', '2015-01-18 00:36:05', NULL),
(400, 66, 92, '2014-12-17 11:17:18', '2014-12-17 11:17:18', NULL),
(401, 114, 93, '2014-12-24 05:38:12', '2014-12-24 05:38:12', NULL),
(402, 115, 94, '2014-12-24 05:45:49', '2014-12-24 05:45:49', NULL),
(403, 111, 95, '2014-12-24 06:57:24', '2014-12-24 06:57:24', NULL),
(603, 116, 96, '2015-03-17 00:22:24', '2015-03-17 00:22:24', NULL),
(417, 117, 87, '2014-12-24 08:10:23', '2014-12-24 08:10:23', NULL),
(427, 119, 86, '2014-12-24 15:10:20', '2014-12-24 15:10:20', NULL),
(431, 66, 98, '2014-12-28 03:46:16', '2014-12-28 03:46:16', NULL),
(436, 122, 90, '2014-12-29 12:45:31', '2014-12-29 12:45:31', NULL),
(435, 66, 90, '2014-12-29 12:45:31', '2014-12-29 12:45:31', NULL),
(438, 124, 99, '2015-01-02 20:08:23', '2015-01-02 20:08:23', NULL),
(439, 125, 99, '2015-01-02 20:08:23', '2015-01-02 20:08:23', NULL),
(440, 126, 99, '2015-01-02 20:08:23', '2015-01-02 20:08:23', NULL),
(441, 127, 99, '2015-01-02 20:08:23', '2015-01-02 20:08:23', NULL),
(442, 128, 99, '2015-01-02 20:08:23', '2015-01-02 20:08:23', NULL),
(446, 129, 100, '2015-01-08 12:43:54', '2015-01-08 12:43:54', NULL),
(765, 183, 101, '2015-04-14 00:32:43', '2015-04-14 00:32:43', NULL),
(546, 123, 102, '2015-03-05 02:13:30', '2015-03-05 02:13:30', NULL),
(545, 122, 102, '2015-03-05 02:13:30', '2015-03-05 02:13:30', NULL),
(450, 130, 103, '2015-01-13 09:34:34', '2015-01-13 09:34:34', NULL),
(451, 131, 103, '2015-01-13 09:34:34', '2015-01-13 09:34:34', NULL),
(452, 132, 103, '2015-01-13 09:34:34', '2015-01-13 09:34:34', NULL),
(453, 133, 103, '2015-01-13 09:34:34', '2015-01-13 09:34:34', NULL),
(457, 134, 91, '2015-01-18 00:36:05', '2015-01-18 00:36:05', NULL),
(458, 135, 91, '2015-01-18 00:36:05', '2015-01-18 00:36:05', NULL),
(460, 137, 70, '2015-01-19 07:41:33', '2015-01-19 07:41:33', NULL),
(461, 138, 70, '2015-01-19 07:41:33', '2015-01-19 07:41:33', NULL),
(477, 139, 104, '2015-01-30 00:52:05', '2015-01-30 00:52:05', NULL),
(498, 140, 105, '2015-02-14 02:34:00', '2015-02-14 02:34:00', NULL),
(473, 141, 106, '2015-01-29 12:48:39', '2015-01-29 12:48:39', NULL),
(474, 135, 106, '2015-01-29 12:48:40', '2015-01-29 12:48:40', NULL),
(516, 157, 107, '2015-02-18 01:28:18', '2015-02-18 01:28:18', NULL),
(534, 143, 108, '2015-02-26 01:23:18', '2015-02-26 01:23:18', NULL),
(672, 66, 109, '2015-03-25 05:16:52', '2015-03-25 05:16:52', NULL),
(671, 142, 109, '2015-03-25 05:16:52', '2015-03-25 05:16:52', NULL),
(533, 66, 108, '2015-02-26 01:23:18', '2015-02-26 01:23:18', NULL),
(485, 144, 110, '2015-02-07 05:34:17', '2015-02-07 05:36:46', '2015-02-07 05:36:46'),
(518, 144, 111, '2015-02-19 00:34:29', '2015-02-19 00:36:35', '2015-02-19 00:36:35'),
(487, 145, 112, '2015-02-11 00:17:42', '2015-02-11 00:19:15', '2015-02-11 00:19:15'),
(488, 134, 113, '2015-02-12 12:48:57', '2015-02-12 12:48:57', NULL),
(489, 135, 113, '2015-02-12 12:48:57', '2015-02-12 12:48:57', NULL),
(540, 146, 114, '2015-02-27 01:37:59', '2015-02-27 01:37:59', NULL),
(615, 151, 115, '2015-03-18 00:36:09', '2015-03-18 00:36:09', NULL),
(614, 150, 115, '2015-03-18 00:36:09', '2015-03-18 00:36:09', NULL),
(613, 149, 115, '2015-03-18 00:36:09', '2015-03-18 00:36:09', NULL),
(612, 148, 115, '2015-03-18 00:36:09', '2015-03-18 00:36:09', NULL),
(611, 147, 115, '2015-03-18 00:36:09', '2015-03-18 00:36:09', NULL),
(625, 156, 116, '2015-03-18 00:49:51', '2015-03-18 00:49:51', NULL),
(624, 155, 116, '2015-03-18 00:49:51', '2015-03-18 00:49:51', NULL),
(623, 154, 116, '2015-03-18 00:49:51', '2015-03-18 00:49:51', NULL),
(622, 153, 116, '2015-03-18 00:49:51', '2015-03-18 00:49:51', NULL),
(621, 152, 116, '2015-03-18 00:49:51', '2015-03-18 00:49:51', NULL),
(515, 66, 107, '2015-02-18 01:28:18', '2015-02-18 01:28:18', NULL),
(519, 144, 117, '2015-02-19 00:44:15', '2015-02-19 00:44:15', NULL),
(520, 66, 118, '2015-02-19 00:55:28', '2015-02-19 00:55:55', '2015-02-19 00:55:55'),
(778, 167, 119, '2015-04-20 22:26:09', '2015-04-20 22:26:09', NULL),
(783, 169, 120, '2015-04-20 22:27:45', '2015-04-20 22:27:45', NULL),
(725, 177, 121, '2015-04-07 06:18:23', '2015-04-07 06:19:09', '2015-04-07 06:19:09'),
(791, 175, 126, '2015-04-20 22:29:10', '2015-04-20 22:29:10', NULL),
(780, 66, 123, '2015-04-20 22:27:02', '2015-04-20 22:27:02', NULL),
(786, 173, 124, '2015-04-20 22:28:18', '2015-04-20 22:28:18', NULL),
(788, 66, 125, '2015-04-20 22:28:44', '2015-04-20 22:28:44', NULL),
(790, 66, 126, '2015-04-20 22:29:10', '2015-04-20 22:29:10', NULL),
(532, 145, 127, '2015-02-19 01:26:04', '2015-02-19 01:26:04', NULL),
(552, 158, 128, '2015-03-06 05:52:13', '2015-03-06 05:52:13', NULL),
(604, 66, 129, '2015-03-17 00:26:35', '2015-03-26 06:30:52', '2015-03-26 06:30:52'),
(900, 197, 130, '2015-05-16 01:09:14', '2015-05-16 01:09:14', NULL),
(929, 66, 131, '2015-05-20 00:15:58', '2015-05-20 00:15:58', NULL),
(846, 66, 132, '2015-04-30 22:11:31', '2015-04-30 22:11:31', NULL),
(918, 66, 133, '2015-05-17 00:27:56', '2015-05-17 00:27:56', NULL),
(609, 66, 134, '2015-03-17 06:30:57', '2015-03-18 02:15:04', '2015-03-18 02:15:04'),
(610, 66, 135, '2015-03-17 06:31:42', '2015-03-17 06:31:42', NULL),
(690, 159, 136, '2015-03-26 08:50:26', '2015-03-26 08:50:26', NULL),
(630, 66, 137, '2015-03-18 02:23:52', '2015-03-18 02:23:52', NULL),
(628, 66, 138, '2015-03-18 02:16:39', '2015-03-18 02:16:39', NULL),
(689, 66, 136, '2015-03-26 08:50:26', '2015-03-26 08:50:26', NULL),
(688, 160, 136, '2015-03-26 08:50:26', '2015-03-26 08:50:26', NULL),
(687, 161, 136, '2015-03-26 08:50:26', '2015-03-26 08:50:26', NULL),
(686, 166, 136, '2015-03-26 08:50:26', '2015-03-26 08:50:26', NULL),
(685, 163, 136, '2015-03-26 08:50:26', '2015-03-26 08:50:26', NULL),
(684, 164, 136, '2015-03-26 08:50:26', '2015-03-26 08:50:26', NULL),
(777, 66, 119, '2015-04-20 22:26:09', '2015-04-20 22:26:09', NULL),
(782, 168, 120, '2015-04-20 22:27:45', '2015-04-20 22:27:45', NULL),
(781, 66, 120, '2015-04-20 22:27:45', '2015-04-20 22:27:45', NULL),
(808, 66, 139, '2015-04-24 23:11:37', '2015-04-24 23:11:37', NULL),
(769, 66, 140, '2015-04-15 05:27:40', '2015-04-15 05:27:40', NULL),
(664, 66, 141, '2015-03-22 01:31:23', '2015-03-22 01:31:23', NULL),
(665, 66, 142, '2015-03-22 01:33:49', '2015-03-22 01:33:49', NULL),
(666, 66, 143, '2015-03-22 02:03:27', '2015-04-19 01:55:23', '2015-04-19 01:55:23'),
(779, 171, 123, '2015-04-20 22:27:02', '2015-04-20 22:27:02', NULL),
(785, 172, 124, '2015-04-20 22:28:18', '2015-04-20 22:28:18', NULL),
(784, 66, 124, '2015-04-20 22:28:18', '2015-04-20 22:28:18', NULL),
(836, 66, 144, '2015-04-30 00:50:49', '2015-04-30 00:50:49', NULL),
(829, 192, 145, '2015-04-30 00:17:36', '2015-04-30 00:17:36', NULL),
(936, 221, 146, '2015-06-01 18:57:28', '2015-06-01 18:57:28', NULL),
(718, 66, 147, '2015-04-04 23:45:43', '2015-04-04 23:45:43', NULL),
(723, 174, 148, '2015-04-07 01:24:51', '2015-04-07 01:24:51', NULL),
(789, 176, 126, '2015-04-20 22:29:10', '2015-04-20 22:29:10', NULL),
(813, 179, 122, '2015-04-27 23:48:01', '2015-04-27 23:48:01', NULL),
(724, 66, 121, '2015-04-07 06:18:23', '2015-04-07 06:19:09', '2015-04-07 06:19:09'),
(812, 178, 122, '2015-04-27 23:48:01', '2015-04-27 23:48:01', NULL),
(811, 66, 122, '2015-04-27 23:48:01', '2015-04-27 23:48:01', NULL),
(787, 180, 125, '2015-04-20 22:28:44', '2015-04-20 22:28:44', NULL),
(810, 177, 149, '2015-04-27 23:47:36', '2015-04-27 23:47:36', NULL),
(768, 181, 150, '2015-04-15 04:41:22', '2015-04-15 04:41:22', NULL),
(767, 182, 150, '2015-04-15 04:41:22', '2015-04-15 04:41:22', NULL),
(758, 66, 151, '2015-04-11 22:36:14', '2015-04-11 22:36:14', NULL),
(764, 66, 101, '2015-04-14 00:32:43', '2015-04-14 00:32:43', NULL),
(761, 184, 152, '2015-04-11 22:39:47', '2015-04-11 22:39:47', NULL),
(759, 185, 151, '2015-04-11 22:36:14', '2015-04-11 22:36:14', NULL),
(760, 186, 151, '2015-04-11 22:36:14', '2015-04-11 22:36:14', NULL),
(770, 66, 153, '2015-04-15 05:44:31', '2015-04-15 05:44:31', NULL),
(888, 187, 154, '2015-05-02 22:24:26', '2015-05-02 22:24:26', NULL),
(889, 188, 155, '2015-05-02 22:25:24', '2015-05-02 22:25:24', NULL),
(894, 212, 156, '2015-05-13 22:26:59', '2015-05-13 22:26:59', NULL),
(807, 189, 139, '2015-04-24 23:11:37', '2015-04-24 23:11:37', NULL),
(828, 191, 145, '2015-04-30 00:17:36', '2015-04-30 00:17:36', NULL),
(827, 190, 145, '2015-04-30 00:17:36', '2015-04-30 00:17:36', NULL),
(826, 66, 145, '2015-04-30 00:17:36', '2015-04-30 00:17:36', NULL),
(928, 201, 131, '2015-05-20 00:15:58', '2015-05-20 00:15:58', NULL),
(927, 202, 131, '2015-05-20 00:15:58', '2015-05-20 00:15:58', NULL),
(926, 203, 131, '2015-05-20 00:15:58', '2015-05-20 00:15:58', NULL),
(925, 204, 131, '2015-05-20 00:15:58', '2015-05-20 00:15:58', NULL),
(924, 205, 131, '2015-05-20 00:15:58', '2015-05-20 00:15:58', NULL),
(837, 198, 144, '2015-04-30 00:50:49', '2015-04-30 00:50:49', NULL),
(838, 199, 144, '2015-04-30 00:50:49', '2015-04-30 00:50:49', NULL),
(839, 200, 144, '2015-04-30 00:50:49', '2015-04-30 00:50:49', NULL),
(899, 196, 130, '2015-05-16 01:09:14', '2015-05-16 01:09:14', NULL),
(898, 195, 130, '2015-05-16 01:09:14', '2015-05-16 01:09:14', NULL),
(897, 194, 130, '2015-05-16 01:09:14', '2015-05-16 01:09:14', NULL),
(896, 193, 130, '2015-05-16 01:09:14', '2015-05-16 01:09:14', NULL),
(895, 66, 130, '2015-05-16 01:09:14', '2015-05-16 01:09:14', NULL),
(847, 206, 132, '2015-04-30 22:11:31', '2015-04-30 22:11:31', NULL),
(848, 207, 132, '2015-04-30 22:11:31', '2015-04-30 22:11:31', NULL),
(849, 208, 132, '2015-04-30 22:11:31', '2015-04-30 22:11:31', NULL),
(850, 209, 132, '2015-04-30 22:11:31', '2015-04-30 22:11:31', NULL),
(851, 210, 132, '2015-04-30 22:11:31', '2015-04-30 22:11:31', NULL),
(921, 211, 157, '2015-05-20 00:03:00', '2015-05-20 00:03:00', NULL),
(893, 66, 156, '2015-05-13 22:26:59', '2015-05-13 22:26:59', NULL),
(917, 213, 133, '2015-05-17 00:27:56', '2015-05-17 00:27:56', NULL),
(916, 214, 133, '2015-05-17 00:27:56', '2015-05-17 00:27:56', NULL),
(915, 215, 133, '2015-05-17 00:27:56', '2015-05-17 00:27:56', NULL),
(914, 216, 133, '2015-05-17 00:27:56', '2015-05-17 00:27:56', NULL),
(913, 217, 133, '2015-05-17 00:27:56', '2015-05-17 00:27:56', NULL),
(919, 66, 158, '2015-05-19 23:39:50', '2015-05-19 23:39:50', NULL),
(920, 66, 159, '2015-05-19 23:55:33', '2015-05-19 23:55:33', NULL),
(922, 66, 160, '2015-05-20 00:07:30', '2015-05-20 00:07:30', NULL),
(923, 66, 161, '2015-05-20 00:13:43', '2015-05-20 00:13:43', NULL),
(932, 219, 162, '2015-05-21 06:17:39', '2015-05-21 06:17:39', NULL),
(931, 218, 163, '2015-05-21 06:16:46', '2015-05-21 06:18:15', '2015-05-21 06:18:15'),
(940, 220, 164, '2015-06-04 21:03:03', '2015-06-04 21:03:03', NULL),
(939, 66, 165, '2015-06-02 16:37:35', '2015-06-02 16:37:35', NULL),
(949, 66, 166, '2015-06-22 04:18:00', '2015-06-22 04:18:00', NULL);

-- --------------------------------------------------------

--
-- Table structure for table `permisos`
--

CREATE TABLE IF NOT EXISTS `permisos` (
  `id` int(10) unsigned NOT NULL AUTO_INCREMENT,
  `pedido_id` int(10) unsigned NOT NULL,
  `tipo` enum('PREVIO_IMPORTACION','LICIENCIA_IMPORTACION','REGISTRO_SANITARIO') COLLATE utf8_unicode_ci DEFAULT NULL,
  `permiso` varchar(255) COLLATE utf8_unicode_ci DEFAULT NULL,
  `fecha_vencimiento` date DEFAULT NULL,
  `estado` enum('ACTIVO','INACTIVO') COLLATE utf8_unicode_ci DEFAULT NULL,
  `created_at` timestamp NOT NULL DEFAULT '0000-00-00 00:00:00',
  `updated_at` timestamp NOT NULL DEFAULT '0000-00-00 00:00:00',
  `deleted_at` timestamp NULL DEFAULT NULL,
  PRIMARY KEY (`id`),
  KEY `permisos_pedido_id_foreign` (`pedido_id`)
) ENGINE=MyISAM  DEFAULT CHARSET=utf8 COLLATE=utf8_unicode_ci AUTO_INCREMENT=2 ;

--
-- Dumping data for table `permisos`
--

INSERT INTO `permisos` (`id`, `pedido_id`, `tipo`, `permiso`, `fecha_vencimiento`, `estado`, `created_at`, `updated_at`, `deleted_at`) VALUES
(1, 164, 'PREVIO_IMPORTACION', '004', '2015-12-31', 'ACTIVO', '2015-06-01 01:16:54', '2015-06-01 01:16:54', NULL);

-- --------------------------------------------------------

--
-- Table structure for table `productos`
--

CREATE TABLE IF NOT EXISTS `productos` (
  `id` int(10) unsigned NOT NULL AUTO_INCREMENT,
  `nombre` varchar(255) COLLATE utf8_unicode_ci NOT NULL,
  `descripcion` varchar(255) COLLATE utf8_unicode_ci NOT NULL,
  `presentacion` enum('CAJAS','TONELADAS','KG') COLLATE utf8_unicode_ci NOT NULL,
  `proveedor_id` int(10) unsigned NOT NULL,
  `created_at` timestamp NOT NULL DEFAULT '0000-00-00 00:00:00',
  `updated_at` timestamp NOT NULL DEFAULT '0000-00-00 00:00:00',
  `deleted_at` timestamp NULL DEFAULT NULL,
  PRIMARY KEY (`id`),
  KEY `productos_proveedor_id_foreign` (`proveedor_id`)
) ENGINE=MyISAM  DEFAULT CHARSET=utf8 COLLATE=utf8_unicode_ci AUTO_INCREMENT=49 ;

--
-- Dumping data for table `productos`
--

INSERT INTO `productos` (`id`, `nombre`, `descripcion`, `presentacion`, `proveedor_id`, `created_at`, `updated_at`, `deleted_at`) VALUES
(25, 'CARBON VEGETAL X 20KG', 'CARBON VEGETAL EN 20KG', 'CAJAS', 17, '2014-10-06 13:18:18', '2014-10-06 13:18:18', NULL),
(24, 'POP CORN - MAIZ PIRA', 'POP CORN 40/42, CLEAN & SORTED, 25KG PAPER BAGS', 'CAJAS', 16, '2014-10-06 09:22:50', '2014-10-06 09:22:50', NULL),
(23, 'ATUN LOMOS EN AGUA', 'LOMITOS EN AGUA 70% LOMO 30% MIGA PESO 170/110, ABRE FACIL X 48 UNIDADES', 'CAJAS', 15, '2014-10-06 09:02:16', '2014-10-06 09:02:16', NULL),
(22, 'ATUN RALLADO 48 UNIDADES', '100% MIGA PESO  NETO 170gr/110gr ABRE FACIL AGUA X 48 UNIDADES', 'CAJAS', 15, '2014-10-06 09:00:36', '2014-10-06 09:00:36', NULL),
(21, 'AJO BLANCO NORMAL 4.5CM', 'AJO EN CAJA DE 10KG', 'CAJAS', 13, '2014-09-30 10:16:07', '2014-09-30 10:16:07', NULL),
(20, 'LENTEJA LAIRD N2', 'BULTO 50KG', 'CAJAS', 12, '2014-09-30 08:17:50', '2014-09-30 08:17:50', NULL),
(19, 'LENTEJA LAIRD N2 BULK', 'GRANEL', 'CAJAS', 12, '2014-09-30 08:17:06', '2014-09-30 08:17:22', NULL),
(18, 'polo asado |', 'ola', 'CAJAS', 9, '2014-09-28 01:13:42', '2014-09-28 01:13:53', '2014-09-28 01:13:53'),
(17, 'LENTEJA LAIRD N2', 'BULTOS 50KG', 'CAJAS', 9, '2014-09-09 14:51:26', '2014-09-30 08:18:18', NULL),
(26, 'LENTEJAS LAIRD #2', 'SACOS 50KG', 'CAJAS', 18, '2014-10-13 10:59:25', '2014-10-13 10:59:25', NULL),
(27, 'ALPISTE (CANARY SEED)', 'MAX 1% FOREIGN MATERIALS, MAX 4% DEHULLED', 'CAJAS', 9, '2014-10-13 11:50:12', '2014-10-13 11:50:12', NULL),
(28, 'UVA PASA INDUSTRIAL', 'CAJA X 10KG', 'CAJAS', 19, '2014-10-14 09:08:55', '2014-10-14 09:08:55', NULL),
(29, 'UVA PASA FLAME MEDIANA', 'CAJA X 10KG', 'CAJAS', 19, '2014-10-14 09:09:16', '2014-10-14 09:09:16', NULL),
(30, 'UVA PASA FLAME GRANDE', 'CAJA X 10KG', 'CAJAS', 19, '2014-10-14 09:09:37', '2014-10-14 09:09:37', NULL),
(31, 'FRIJOL TIPO ZARAGOZA', 'LIGHT RED KIDNEY BEAN PACKED IN 50KG BAGS', 'CAJAS', 9, '2014-10-15 21:37:04', '2014-10-15 21:37:04', NULL),
(32, 'LENTEJA #3 EN SACO 50KG', 'LENTEJA EN SACOS NUMERO 3', 'CAJAS', 12, '2014-10-29 22:29:16', '2014-10-29 22:29:16', NULL),
(33, 'LOMO SIN CORDON', '', 'CAJAS', 20, '2014-11-02 09:20:50', '2014-11-02 09:20:50', NULL),
(34, 'CUADRIL DE POLLO MONTAIRE', '', 'CAJAS', 20, '2014-11-02 09:21:09', '2014-11-02 09:21:29', NULL),
(35, 'CUADRIL DE POLLO PILGRIMS', 'CAJA X 15KG', 'CAJAS', 20, '2014-11-02 09:21:53', '2014-11-02 09:21:53', NULL),
(36, 'PECHUGA SIN HUESO Y SIN PIEL', 'CAJA 40 LIBRAS 4 X 10', 'CAJAS', 20, '2014-11-02 09:22:16', '2014-11-02 09:22:16', NULL),
(37, 'DETERGENTE MEGA 2.3KG', '10% INGREDIENTE ACTIVO X 4 BOLSAS POR PACA.', 'CAJAS', 21, '2014-11-02 09:34:02', '2014-11-02 09:34:02', NULL),
(38, 'LOMITOS EN ACEITE DE SOYA 80-20 184/120GR', 'CAJA X 48 UNIDADES', 'CAJAS', 15, '2014-11-03 23:37:47', '2014-11-03 23:37:47', NULL),
(39, 'LOMITOS EN AGUA MEGA 20-80 184-120GR', 'CAJA X 48 UNIDADES', 'CAJAS', 15, '2014-11-03 23:38:46', '2014-11-03 23:38:46', NULL),
(40, 'COMMERCIAL PLYWOOD, 1220*2440*3.2MM', 'OKOUME FACE, POPLAR OR RED HARDWOOD BACK WITH PATCH, E2 GLUE. PALLET PACKING . THICKNESS TOLRRANCE. + 0.4 MM', 'CAJAS', 22, '2014-11-11 01:28:56', '2014-11-11 01:34:51', NULL),
(41, 'UVA INDUSTRIAL ', 'UVA INDUSTRIAL EMPACADA EN CAJA DE 10KG', 'CAJAS', 23, '2014-12-17 10:44:48', '2014-12-17 10:44:48', NULL),
(42, 'AJO 5CM', 'AJO 5CM EN CAJAS DE 10KG', 'CAJAS', 13, '2014-12-17 11:13:18', '2014-12-17 11:13:18', NULL),
(43, 'ATUN RALLADO EN ACEITE', 'ATUN RALLADO EN ACEITE X 48 UNIDADES', 'CAJAS', 15, '2014-12-28 03:40:06', '2014-12-28 03:40:06', NULL),
(44, 'LENTEJA #3', 'LENTEJAS EMPACADA EN SACOS DE 50KG', 'CAJAS', 9, '2015-02-17 06:34:44', '2015-02-17 06:34:44', NULL),
(45, 'FRIJOL ARGENTINO', 'FRIJOL', 'CAJAS', 25, '2015-03-22 02:02:59', '2015-03-22 02:02:59', NULL),
(46, 'BASA', '', 'CAJAS', 26, '2015-05-19 19:54:20', '2015-05-19 19:54:20', NULL),
(47, 'AVENA EN HOJUELAS', '', 'CAJAS', 27, '2015-05-19 20:06:24', '2015-05-19 20:06:24', NULL),
(48, 'Producto de prueba', 'producto de prueba ', 'CAJAS', 9, '2015-06-04 23:33:43', '2015-06-04 23:34:04', '2015-06-04 23:34:04');

-- --------------------------------------------------------

--
-- Table structure for table `proveedores`
--

CREATE TABLE IF NOT EXISTS `proveedores` (
  `id` int(10) unsigned NOT NULL AUTO_INCREMENT,
  `nombre` varchar(255) COLLATE utf8_unicode_ci NOT NULL,
  `nombre_contacto` varchar(255) COLLATE utf8_unicode_ci NOT NULL,
  `telefono` varchar(255) COLLATE utf8_unicode_ci NOT NULL,
  `direccion` varchar(255) COLLATE utf8_unicode_ci NOT NULL,
  `correo` varchar(255) COLLATE utf8_unicode_ci NOT NULL,
  `informacion_bancaria` text COLLATE utf8_unicode_ci,
  `created_at` timestamp NOT NULL DEFAULT '0000-00-00 00:00:00',
  `updated_at` timestamp NOT NULL DEFAULT '0000-00-00 00:00:00',
  `deleted_at` timestamp NULL DEFAULT NULL,
  PRIMARY KEY (`id`)
) ENGINE=MyISAM  DEFAULT CHARSET=utf8 COLLATE=utf8_unicode_ci AUTO_INCREMENT=28 ;

--
-- Dumping data for table `proveedores`
--

INSERT INTO `proveedores` (`id`, `nombre`, `nombre_contacto`, `telefono`, `direccion`, `correo`, `informacion_bancaria`, `created_at`, `updated_at`, `deleted_at`) VALUES
(13, 'JINING FENDUNI FOODSTUFF CO, LTD', 'ANNIE CHEN', '+86537 2179277', 'YUNHECHENG COMMERCIAL CENTER, JINING, SHANDONG, CHINA', 'annie@china-garlic.com', '', '2014-09-30 10:15:16', '2014-10-03 00:33:03', NULL),
(12, 'PS INTERNATIONAL', 'ANDREA GREEN', '919-933 7400', '1414 Raleigh Road, Suite 205 Chapel Hill, NC 27517 USA', 'aromero@psinternational.net ', NULL, '2014-09-30 08:14:14', '2014-09-30 08:14:14', NULL),
(9, 'SASKCAN', 'TYLER HEISE', '+1 639 999 0117', 'REGINA, SK, CANADA S4N 7K9', 'theise@saskcan.com', NULL, '2014-09-09 14:50:40', '2014-09-09 14:50:40', NULL),
(11, 'NANANN', 'ananan||', 'ananan', '|nanan|', 'jopoeludi@melachupa.comókj', NULL, '2014-09-28 01:14:49', '2014-09-28 01:15:05', '2014-09-28 01:15:05'),
(14, 'test', 'test', '23255', 'asdasd', 'easdast', 'testa adsdas das d\r\na sdtesta adsdas das d\r\na sd\r\n asdtesta adsdas das d\r\na sd\r\n asdtesta adsdas das d\r\na sd\r\n asd\r\n asd', '2014-10-02 01:51:17', '2014-10-02 01:51:43', '2014-10-02 01:51:43'),
(15, 'USA FISH ECUADOR', 'LUIS MIGUEL DURAN', '301 501 7080', 'KM 8 VIA MANTA - ROCAFUERTE, MANTA ECUADOR ', 'luisduran60@hotmail.com', 'BANCO CORRESPONSAL:\r\nWELLS FARGO BANK - NEW YORK\r\nCODIGO ABA 026005092\r\nSWIFT: PNBPUS3NNYC\r\n\r\nBANCO BENEFICIARIO:\r\nBANCO DE GUAYAQUIL SA - GUAYAQUIL, ECUADOR\r\nCODIGO SWIFT: GUAYECEGXXX\r\nCUENTA BG: 2000192321514\r\n\r\nBENEFICIARIO FINAL:\r\nNOMBRE: USA FISH S.A.\r\nCUENTA: 13721238', '2014-10-06 08:58:02', '2014-10-06 08:58:02', NULL),
(16, 'CRESTON GRAINS', 'BARBARA NATEL', '+598 98 359 029', ' Jose Antonio Cabrera 6047, 4 th Floor "D". C. A. de Buenos Aires – Argentina  ', 'barbara@crestongrains.com.ar', 'ARGOS TRADING LLC\r\nCUENTA 106-214141\r\nBANCO DESTINATARIO:\r\nESPIRITO SANTO BANK\r\n1395 BRICKELL AV\r\nMIAMI, FLORIDA\r\nTEL 305 347 8434\r\nACC OFFICER MS DANIELLE VIVADO\r\nCODIGO SWIFT ESBF US 3 M\r\nABA: 066009029', '2014-10-06 09:21:38', '2014-10-06 09:21:38', NULL),
(17, 'CI PELICANOS SAS', 'LUIS M OROZCO', '+57 312 733 1158', 'CRA 20A 22 56 SANTA MARTA COLOMBIA', 'sales@cipelicanos.biz', '', '2014-10-06 13:17:43', '2014-10-06 13:21:39', NULL),
(18, 'SWAD GRAINS', 'SYED HASNY', '905 593 4202', '251 Queen St, Unit #252, Mississauga, Ontario, L5M 1L7 Canada', 'syedhasny@swadgrainexports.com', 'CANADIAN IMPERIAL BANK OF COMMERCE (CIBC)\r\nBANK N 010\r\nTRANSIT N 04922\r\nSWIFT: CIBCCATT\r\nACCOUNT N: 02-06318', '2014-10-13 10:58:44', '2014-10-13 10:58:44', NULL),
(19, 'JORGE GALLARDO FSAC', 'VIRGINIA VASQUEZ', '56-32-2820355 ', 'AV MANUEL MONTT N1185, PARCELAS 66-67 CAM TRONCAL, PEÑABALNCA, VILLA ALEMANA, CHILE', 'vvasquez@jgallardoexports.cl', '', '2014-10-14 09:08:30', '2014-10-14 09:08:30', NULL),
(20, 'BASSETT & WALKER', 'ALEX BASTIDAS', '+1 416 617 2521', '2 Berkeley Street, Suite 303 Toronto, Canada M5A 4J5', 'abastidas@bassettwalkerinc.com', 'HSBC Bank Canada\r\nToronto, Canada, M5J 1S9\r\nTransit 10002\r\nBank Code 016\r\nBank Designation #: 002-496747-070\r\nBeneficiary Name: Bassett & Walker  Inc\r\nUS Dollar account #: 496747-070\r\nSWIFT: HKBCCATT ', '2014-11-02 09:20:30', '2014-11-02 09:20:30', NULL),
(21, 'Anqing Yizhimei Chemicals Co.,Ltd', 'ROGER YAO', ' +86-556-5224808', 'No.2 Fangxing South Road, Lingang Industrial ParkYingjiang Dist, Anqing City, Anhui of China 246001', 'rogeryao5588@hotmail.com', 'BENEFICIARY’S BANKER NAME AND ADDRESS:\r\nBANK OF CHINA, ANQING BRANCH\r\nNO.2,HUXIN NORTH ROAD，ANQING, ANHUI, CHINABENEFICIARY’S BANKER SWIFT CODE:BKCHCNBJ780\r\nBENEFICIARY’S NAME AND ADDRESS:Anqing Yizhimei Chemicals CO.,LTDADD:NO.50 Renmin Rd.,Anqing city, Anhui Province,P.R. of ChinaBENEFICIARY’S A/C NO.:181207558027', '2014-11-02 09:33:00', '2014-11-02 09:33:00', NULL),
(22, 'SHOUGUANG WANDA INDUSTRY & TRADING CO LTD', 'OLIVE', '865365227888', 'N° 283 SHENGCHENG STREET, SHOUGUANG CITY, SHANDONG, CHINA', 'olive@wandawood.cn', 'BANK NAME: CHINA CONSTRUCTION  BACK  WEIFANG BRANCH\r\nADD: NO. 33 SIPING ROAD WEIFANG SHANDONG P.R .CHINA\r\nSWIFT CODE: PCBCCNBJSDW  TLX: 324329 CCBWF CN\r\nACCOUNT NUMBER: 37014673800220148863\r\nBENEFICIARY NAME AND ADD:\r\nSHOUGUANG WANDA INDUSTRY & TRADING CO. LTD\r\nNO 283 SHENGCHENG STREET. SHOUGUANG CITY SHANDONG, CHINA\r\nTEL 86-536-5227888 FAX 86-536-5116333', '2014-11-11 01:25:43', '2014-11-11 01:25:43', NULL),
(23, 'AGRICOLA & COMERCIAL DONA PATRICIA LTDA', 'GONZALO LOPEZ', '+54 9 11 6481 3003', 'LA CHACARILLA LOTE N 65 CHANARAL ALTO, REGION DE COQUIMBO, CHILE', 'gerencia@donapatricia.cl', 'Banco Santander\r\nChile\r\nCuenta Corriente en Dólares\r\nCuenta: 051-00-12441-8\r\nSwift Code: BSCHCLRM\r\nAGRICOLA Y COMERCIAL DOÑA PATRICIA LTDA\r\nRut: 76.172.205-0\r\nLa chacarilla lote 65, Chañaral Alto, Monte Patria\r\nRegion de Coquimbo, Chile', '2014-12-17 10:43:17', '2014-12-17 10:43:17', NULL),
(24, 'RICELAND', 'ARROZ AMERICANO #2', '+1 870 673 5500', 'PO BOX 927 STURRGART, ARKANSAS 72160', '', '', '2015-02-12 08:25:23', '2015-02-12 08:25:23', NULL),
(25, 'NS&J TRADING CORP', 'JOSE RAMOS', '1 954 933 6947', '6749 SW 41 ST DRIVE DAVIE, FL 33341', 'info@nsjtradingcorp.com', '', '2015-03-22 01:47:48', '2015-03-22 01:47:48', NULL),
(26, 'TRAN HAN COMPANY LIMITED', 'MR. TRAN VAN HAN ', '+84838301666', '41 HO BA KIEN ST, WARD 15, DISTRICT 10, HCMC, VIETNAM', '', 'TRAN HAN''S BANK DETAILS: ASIA COMMERCIAL BANK, TIEN GLANG BRANCH\r\nADD: 139 NAM KY KNOI NGHIA, WARD 4 MY THO CITY, TIEN GIANG PROVINCE , VIET NAM\r\nSWIFT CODE . ASCBVNX\r\nACCOUNT NUMBER: 164489879', '2015-05-19 19:51:28', '2015-05-19 19:51:28', NULL),
(27, 'AVENA DE LOS ANDES', '..', '(56-45) 534922 / 534978', 'ENTRADA SUR DE LAUTARO KM O.5', '', NULL, '2015-05-19 20:05:44', '2015-05-19 20:05:44', NULL);

-- --------------------------------------------------------

--
-- Table structure for table `sessions`
--

CREATE TABLE IF NOT EXISTS `sessions` (
  `id` varchar(255) COLLATE utf8_unicode_ci NOT NULL,
  `payload` text COLLATE utf8_unicode_ci NOT NULL,
  `last_activity` int(11) NOT NULL,
  UNIQUE KEY `sessions_id_unique` (`id`)
) ENGINE=InnoDB DEFAULT CHARSET=utf8 COLLATE=utf8_unicode_ci;

-- --------------------------------------------------------

--
-- Table structure for table `usuarios`
--

CREATE TABLE IF NOT EXISTS `usuarios` (
  `id` int(10) unsigned NOT NULL AUTO_INCREMENT,
  `tipo_usuario` enum('ADMINISTRADOR','DIGITADOR','CLIENTE') COLLATE utf8_unicode_ci NOT NULL,
  `password` varchar(255) COLLATE utf8_unicode_ci NOT NULL,
  `nombre` varchar(255) COLLATE utf8_unicode_ci NOT NULL,
  `apellido` varchar(255) COLLATE utf8_unicode_ci NOT NULL,
  `telefono` varchar(255) COLLATE utf8_unicode_ci NOT NULL,
  `correo` varchar(255) COLLATE utf8_unicode_ci NOT NULL,
  `direccion` varchar(255) COLLATE utf8_unicode_ci NOT NULL,
  `pais_id` varchar(255) COLLATE utf8_unicode_ci NOT NULL,
  `estado` enum('ACTIVO','INACTIVO') COLLATE utf8_unicode_ci NOT NULL,
  `ultimo_acceso` datetime NOT NULL,
  `remember_token` varchar(100) COLLATE utf8_unicode_ci DEFAULT NULL,
  `ciudad_id` int(10) unsigned NOT NULL,
  `deleted_at` timestamp NULL DEFAULT NULL,
  `created_at` timestamp NOT NULL DEFAULT '0000-00-00 00:00:00',
  `updated_at` timestamp NOT NULL DEFAULT '0000-00-00 00:00:00',
  PRIMARY KEY (`id`),
  KEY `usuarios_pais_id_foreign` (`pais_id`),
  KEY `usuarios_ciudad_id_foreign` (`ciudad_id`)
) ENGINE=MyISAM  DEFAULT CHARSET=utf8 COLLATE=utf8_unicode_ci AUTO_INCREMENT=54 ;

--
-- Dumping data for table `usuarios`
--

INSERT INTO `usuarios` (`id`, `tipo_usuario`, `password`, `nombre`, `apellido`, `telefono`, `correo`, `direccion`, `pais_id`, `estado`, `ultimo_acceso`, `remember_token`, `ciudad_id`, `deleted_at`, `created_at`, `updated_at`) VALUES
(44, 'CLIENTE', '$2y$10$7SBk3nsmFOtSyoDRTf7eCOUNvYdhydYAFvYX6XF76rjjQ8L8kjVqy', 'Mehmet ', ' Baysal', '00 90 (532) 412 32 84', 'baysal@mtcvolkan.com', 'ŞTİ BAĞLARBASI MAH ATA CAD NO:40 D:3 K:3 MALTEPE  ISTANBUL KÜÇÜKYALI', 'TUR', 'ACTIVO', '2014-12-22 16:22:18', NULL, 3357, NULL, '2014-12-23 02:22:18', '2014-12-23 02:22:18'),
(43, 'CLIENTE', '$2y$10$zgBqBeaZOS2EjQ2J81VSQeZ61HaEq3mPYO4fkSwEHzgw/n3zKoScG', 'CARLOS ', 'ARBELAEZ', '+57 4 5129906', 'carlosarbelaez75@hotmail.com', 'CALLE 46 # 57-58 ', 'COL', 'ACTIVO', '2014-11-10 15:09:03', NULL, 2259, NULL, '2014-11-11 01:09:03', '2014-11-11 01:09:03'),
(42, 'CLIENTE', '$2y$10$sGDfqVYMSIaKmRNjb3UYd.X0B7OPPsc5.E16UL1fX/jUHGm6CQmT.', 'OSCAR ', 'ALZATE', '3126229507', 'oalzate@megatiendas.com.co', 'PRADO CARTAGENA', 'COL', 'ACTIVO', '2014-11-02 00:10:12', NULL, 2261, NULL, '2014-11-02 09:10:12', '2014-11-02 09:10:12'),
(41, 'CLIENTE', '$2y$10$3rORQyfiNvTQkPMb59idGecQLIIZEbuLSI2F6TxdWgEWLdDrjY4a6', 'Elena Gonzalez Lorenzo', 'Gonzalez Lorenzo', '0034922335532 ', 'egtorotava@hotmail.com', 'Calle Los Hoyos Martínez  primera nº5  La Orotava C.P. 38300 ', 'ESP', 'ACTIVO', '2014-10-31 11:49:04', NULL, 672, NULL, '2014-10-31 20:49:04', '2014-10-31 20:49:04'),
(14, 'ADMINISTRADOR', '$2y$10$Bx5PMZunkWk4d6pwdrTtouM8owXJE0DljOqcvBPKRVOM1RX2N5aYm', 'Administrador', 'Testeo', '2211112', 'admin@gmail.com', 'XXXXX - XXXXYYY #ZXY 1', 'AFG', 'ACTIVO', '2015-06-21 15:40:03', 'tHo7DFXAvGr7CZrdgDZJayMx56GQzBDwk0s1MWdOwkPwWkYttIOMEBqWLgmx', 1, NULL, '2014-09-09 11:51:28', '2015-06-21 20:40:03'),
(40, 'CLIENTE', '$2y$10$WIPEYp471OPm66lLwGde/.e92XmUb4te6Fu1lm5AHKeuqpPV7DhGW', 'HAISSAN', 'MOHESSEN', '096170181880 ', 'elenada24@hotmail.com', 'DEIR INTAR- Casa de Darwiche Mohssen ', 'LBN', 'ACTIVO', '2014-10-31 06:50:45', NULL, 2438, NULL, '2014-10-31 15:50:45', '2014-10-31 15:50:45'),
(38, 'CLIENTE', '$2y$10$4uUowN4wy8rQohLgYtFIXemmxmqb.AdskEXl6tZ8v9kztWi59B.mq', 'ZULEIMA', 'BOLANOS', '3153992231', 'bzservicomex@gmail.com', 'CARTAGENA', 'COL', 'ACTIVO', '2014-10-14 18:55:25', 'qHzt8rMcIxL5FXBgeJ6fi9uj74jp3J3s8IIdFdKK1Sc5rdzd9JtEyRAz6dNe', 2261, NULL, '2014-10-14 09:00:18', '2014-10-15 03:55:26'),
(18, 'DIGITADOR', '$2y$10$IdaZxak2Me0QXMHytYMLmOJtww9E7dKhSi.CIHj2xzNaxRnE9yVQa', 'YEIDIS', 'FLOREZ', '3113276488', 'flores@cipelicanos.biz', '', 'COL', 'ACTIVO', '2014-09-29 22:52:00', 'kpDIAubWM5ZU05NsEVBYRBmBib4TaF0fq6hJSkP3epuhT3TriblwVvaSkvzO', 2266, NULL, '2014-09-21 13:06:14', '2014-12-23 01:38:37'),
(32, 'CLIENTE', '$2y$10$eeL3QSVBRLGYPq6JKwF57eYFw0f38u4UXoOd5K7pEOQ8Ztc2al8yi', 'MR GUILLERMO', 'RAMIREZ', '', 'gerencia@megatiendas.com.co', 'Cartagena', 'COL', 'ACTIVO', '2014-10-02 18:50:04', 'DRaRNl8oAnvXxMzocYdm8jXY120vSPUCDDVFBw1dGoVVrp0l47SggTi0Ux6H', 2261, NULL, '2014-09-30 08:45:56', '2014-10-03 03:50:04'),
(36, 'CLIENTE', '$2y$10$EDtj2QSxhb7q9w8C8E9BAOat6cbc92mWquNTPUt6VTGz6JZ9LT0um', 'CARBON BOX', 'COMPANY', '+30 23310 74443', 'info@carbonbox.gr', '76 VENIZELOU ST, ZC 59100, VERIA, GREECE ', 'GRC', 'ACTIVO', '2014-10-06 04:36:01', NULL, 2402, NULL, '2014-10-06 13:36:01', '2014-10-06 13:36:01'),
(31, 'CLIENTE', '$2y$10$wTqpU5MndRYTsv1mVIalUuZt3jo5uaPXKHISyIRDITt0i4nkqv2be', 'ELFI', 'HERRERA', '3135984230', 'eherrera@almagrario.com', '', 'COL', 'ACTIVO', '2014-10-13 23:53:40', 'hSKNQypxq5ek6iLUdEWodOWtnkER7pIuJZW2ZXTXT0g456t84f8EuU5Q4Z1G', 2261, NULL, '2014-09-30 07:31:15', '2014-10-20 12:14:52'),
(39, 'ADMINISTRADOR', '$2y$10$16I3.UV9McTdJtMQU9daR.J4pBYDBxIhdh1PSRYNayBamxr1qMR1K', 'SILVIA', 'PENARANDA', '3043806204', 'siljup@hotmail.com', '', 'COL', 'ACTIVO', '2014-10-20 15:16:34', NULL, 2266, NULL, '2014-10-21 00:16:34', '2014-10-21 00:16:34'),
(37, 'CLIENTE', '$2y$10$DvY4unxOukWmhXfT7WgXLebUqYKcQWuBPcolHLuOiWbX5rnlqETwy', 'FERNANDO', 'ALVAREZ', '', 'fernandoalvarez@megatiendas.com.co', '', 'COL', 'ACTIVO', '2014-12-09 04:09:37', 'dKBooDTSvyrUS4Xo5tdHQTTmRfkP3F9jvMvryTezlXvyFh4EJ8E3XX0yQ4Yk', 2261, NULL, '2014-10-09 21:59:32', '2014-12-09 14:09:37'),
(30, 'ADMINISTRADOR', '$2y$10$JCnl4.SKoNa6XdwdCgOsyektM2fF/uSsktCS87y3BmlMI6l4BSFsa', 'LUIS M', 'OROZCO', '3127331158', 'sales@cipelicanos.biz', 'SANTA MARTA', 'COL', 'ACTIVO', '2015-06-06 15:08:27', 'WwungzR3Bro3lqQRjRRhZE2LnPqV4fv8R5icqzAAI8DOSJyxwnczIxQCnobU', 2266, NULL, '2014-09-30 07:18:54', '2015-06-06 20:08:27'),
(35, 'CLIENTE', '$2y$10$vMORJ/9/tcUOX3KR5cqboeZ7HWNgPjsaRsVbOmi4aEWeTA48iKU4m', 'Mr ALEJANDRO', 'SANCHEZ', '+54 93512013825 ', 'sanchezferrando@hotmail.com', '', 'ESP', 'ACTIVO', '2014-10-06 04:24:02', NULL, 653, NULL, '2014-10-06 13:24:02', '2014-10-06 13:24:02'),
(45, 'CLIENTE', '$2y$10$XfU2xK4XJOdDbi71mZZp/u0kAXKh2fNw6atFXRyl47cnKN62qzi6S', 'İzzet ', 'Serpen', '+573043806204', 'iserpen@yahoo.es', 'CRA20A 22 56 CS2', 'COL', 'ACTIVO', '2014-12-22 17:07:44', NULL, 2257, NULL, '2014-12-23 03:07:44', '2014-12-23 03:07:44'),
(46, 'CLIENTE', '$2y$10$JNWR86S0IxLi/pwz2VVk4.sVOB/U1eeiztiKVLjdn7yg7RcgR9YL.', 'aaaa', 'bbbb', '123456789', 'asdf@gmail.com', 'cccccc', 'ARG', 'ACTIVO', '2014-12-22 23:48:05', NULL, 69, '2014-12-23 09:51:30', '2014-12-23 09:48:05', '2014-12-23 09:51:30'),
(47, 'CLIENTE', '$2y$10$sxWyLd2ZdUmdAk7rjpkPtOSVT8NgH16jh2uAfJNNlo9BXpky46hnq', 'ZOOM ZOOM MOTORS          ', 'PEÑARANDA', '+9613 111 722', 'saleszoom@cipelicanos.biz', 'NEW AIRPORT ROAD ', 'LBN', 'ACTIVO', '2015-06-06 15:09:31', '8wOPOHDUJPd7kkBHMAVVdWhiHNkBM6WWNt45fJjzKJkIv1Ir2b6ZQEswKNzv', 2438, NULL, '2014-12-24 07:28:36', '2015-06-06 20:09:31'),
(48, 'CLIENTE', '$2y$10$Tg2CzvqcJBpmopIdIKC.eO/nta2BT.khSexJtjAjvAqEPK7my8AWu', 'Ramon', 'Alvarez', '3215458783', 'ralvarez@megatiendas.co', '', 'COL', 'ACTIVO', '2015-01-08 02:34:16', NULL, 2261, NULL, '2015-01-08 12:34:16', '2015-01-14 05:09:33'),
(49, 'CLIENTE', '$2y$10$AoUzN9lMupRoIgNFYb./VOhX2iOPvzXwKg65ofmNvdQ5aKaZZVpxu', 'Mr IOANNIS ', 'KARALAGOS', '30 23310 74443', 'info@carbonbox.gr', '76 VENIZELOU STREET, ZC 59100, VERIA CITY, GREECE', 'GRC', 'ACTIVO', '2015-02-18 15:21:17', NULL, 2402, NULL, '2015-02-19 01:21:17', '2015-02-19 01:21:17'),
(50, 'CLIENTE', '$2y$10$qMOn4r5V320VFceKShE0n.jVvxlSsWwRBtvvQIjoPdPdRFREgQR4S', 'CARL EULENBURG', 'EULENBURG', '+49 (0) 40 537997771', 'eulenburg@hanseatic-agri.com', ' D-41189 MOENCHENGLADBACH/ GERMANY, ALEMANIA', 'BEL', 'ACTIVO', '2015-03-04 13:35:58', NULL, 175, '2015-03-04 23:36:51', '2015-03-04 23:35:58', '2015-03-04 23:36:51'),
(51, 'CLIENTE', '$2y$10$r/H.4HnLp/aMyKHf9OJTK.fYWnorfrO04iB4ea140UUB7gBxL72NG', 'Carl zu ', 'Eulenburg', '+49 (0) 40 537997771', 'eulenburg@hanseatic-agri.com', 'D-41189 Moenchengladbach/Germany-Alemania                                  ', 'BEL', 'ACTIVO', '2015-03-04 13:39:44', NULL, 175, NULL, '2015-03-04 23:39:44', '2015-03-04 23:39:44'),
(52, 'CLIENTE', '$2y$10$GJ6Vf1vNv4Zqj8qNTyZPy.Tk9Qzve/lJWAEDcC4ppwC6clElrvTs6', 'ARIEL ', 'ZAJOR', '+ 46762419          ', 'comexisrael@bezeqint.net', 'MOSHAV AHITUV MESHEK 69 ZC 38855 ISRAEL', 'ISR', 'ACTIVO', '2015-03-30 13:30:07', NULL, 1452, NULL, '2015-03-30 22:30:07', '2015-03-30 22:30:07'),
(53, 'CLIENTE', '$2y$10$FJ04iBUDsjHSQ.glaZWiGOdThWaQGU.HIqNyjTxT0ijJ/gyNYUQSq', 'cliente', 'de prueba', '3006655362', 'cliente@gmail.com', 'calle 31 n 6-115', 'COL', 'ACTIVO', '2015-06-21 14:20:55', 'lln0lElWOqChsutWquW6FDyOLkXliyg6mbFfxg0mZUrK7n9XtEO2Ipp9D6jz', 2266, NULL, '2015-05-25 00:03:38', '2015-06-21 19:20:55');

/*!40101 SET CHARACTER_SET_CLIENT=@OLD_CHARACTER_SET_CLIENT */;
/*!40101 SET CHARACTER_SET_RESULTS=@OLD_CHARACTER_SET_RESULTS */;
/*!40101 SET COLLATION_CONNECTION=@OLD_COLLATION_CONNECTION */;
